ts,frame_hex,u16_1_2,u16_3_4,u16_5_6,u16_7_8,u16_9_10,u16_11_12,u16_13_14,u16_15_16,u16_17_18,u16_19_20,u16_21_22,u16_23_24,u16_25_26,u16_27_28,u16_29_30,u16_31_32,u16_33_34
2026-08-05T02:01:56.923419+00:00,a55a25821000140303e400260001005c0025002400000c8200000001000100350001000100010000,5123,996,38,1,92,37,36,0,3202,0,1,1,53,1,1,1,0
2026-08-05T02:01:57.425312+00:00,a55a25821000140403e400270001005c0025002400000c8300000001000100330001000100010000,5124,996,39,1,92,37,36,0,3203,0,1,1,51,1,1,1,0
2026-08-05T02:01:58.027434+00:00,a55a25821000140403e400280001005c0025002400000c8300000001000100340001000100010000,5124,996,40,1,92,37,36,0,3203,0,1,1,52,1,1,1,0
2026-08-05T02:01:58.629424+00:00,a55a25821000140403e000290001005c0025002400000c8300000001000100350001000100010000,5124,992,41,1,92,37,36,0,3203,0,1,1,53,1,1,1,0
2026-08-05T02:01:59.131533+00:00,a55a25821000140603e7001f0001005c0025002400000c8400000001000100330001000100010000,5126,999,31,1,92,37,36,0,3204,0,1,1,51,1,1,1,0
2026-08-05T02:01:59.733713+00:00,a55a25821000140603e700200001005c0025002400000c8400000001000100340001000100010000,5126,999,32,1,92,37,36,0,3204,0,1,1,52,1,1,1,0
2026-08-05T02:02:00.335907+00:00,a55a25821000140703e000210001005c0025002400000c8400000001000100350001000100010000,5127,992,33,1,92,37,36,0,3204,0,1,1,53,1,1,1,0
2026-08-05T02:02:00.837877+00:00,a55a25821000140703e400220001005c0025002400000c8400000001000100330001000100010000,5127,996,34,1,92,37,36,0,3204,0,1,1,51,1,1,1,0
2026-08-05T02:02:01.439998+00:00,a55a25821000140803e400230001005c0025002400000c8500000001000100340001000100010000,5128,996,35,1,92,37,36,0,3205,0,1,1,52,1,1,1,0
2026-08-05T02:02:02.042037+00:00,a55a25821000140803e000240001005c0025002400000c8500000001000100350001000100010000,5128,992,36,1,92,37,36,0,3205,0,1,1,53,1,1,1,0
2026-08-05T02:02:02.543987+00:00,a55a25821000140803e400250001005c0025002400000c8600000001000100330001000100010000,5128,996,37,1,92,37,36,0,3206,0,1,1,51,1,1,1,0
2026-08-05T02:02:03.146291+00:00,a55a25821000140a03e40026000100590025002400000c8600000001000100340001000100010000,5130,996,38,1,89,37,36,0,3206,0,1,1,52,1,1,1,0
2026-08-05T02:02:03.748356+00:00,a55a25821000140903e40027000100590025002400000c8600000001000100350001000100010000,5129,996,39,1,89,37,36,0,3206,0,1,1,53,1,1,1,0
2026-08-05T02:02:04.250202+00:00,a55a25821000140a03e40028000100590025002400000c8600000001000100330001000100010000,5130,996,40,1,89,37,36,0,3206,0,1,1,51,1,1,1,0
2026-08-05T02:02:04.852476+00:00,a55a25821000140a03e40029000100590025002400000c8700000001000100340001000100010000,5130,996,41,1,89,37,36,0,3207,0,1,1,52,1,1,1,0
2026-08-05T02:02:05.454676+00:00,a55a25821000140b03e4001f000100590025002400000c8700000001000100350001000100010000,5131,996,31,1,89,37,36,0,3207,0,1,1,53,1,1,1,0
2026-08-05T02:02:05.956559+00:00,a55a25821000140c03e40020000100590025002400000c8800000001000100330001000100010000,5132,996,32,1,89,37,36,0,3208,0,1,1,51,1,1,1,0
2026-08-05T02:02:06.558733+00:00,a55a25821000140c03e40021000100590025002400000c8800000001000100340001000100010000,5132,996,33,1,89,37,36,0,3208,0,1,1,52,1,1,1,0
2026-08-05T02:02:07.145910+00:00,a55a25821000140c03e00022000100590025002400000c8800000001000100350001000100010000,5132,992,34,1,89,37,36,0,3208,0,1,1,53,1,1,1,0
2026-08-05T02:02:07.647813+00:00,a55a25821000140d03e00023000100590025002400000c8900000001000100330001000100010000,5133,992,35,1,89,37,36,0,3209,0,1,1,51,1,1,1,0
2026-08-05T02:02:08.250116+00:00,a55a25821000140e03e00024000100590025002400000c8900000001000100340001000100010000,5134,992,36,1,89,37,36,0,3209,0,1,1,52,1,1,1,0
2026-08-05T02:02:08.852467+00:00,a55a25821000140e03e00025000100580025002400000c8900000001000100350001000100010000,5134,992,37,1,88,37,36,0,3209,0,1,1,53,1,1,1,0
2026-08-05T02:02:09.354332+00:00,a55a25821000140f03e00026000100580025002400000c8a00000001000100330001000100010000,5135,992,38,1,88,37,36,0,3210,0,1,1,51,1,1,1,0
2026-08-05T02:02:09.956449+00:00,a55a25821000140f03e00027000100580025002400000c8a00000001000100340001000100010000,5135,992,39,1,88,37,36,0,3210,0,1,1,52,1,1,1,0
2026-08-05T02:02:10.558636+00:00,a55a25821000141003e00028000100580025002400000c8a00000001000100350001000100010000,5136,992,40,1,88,37,36,0,3210,0,1,1,53,1,1,1,0
2026-08-05T02:02:11.060744+00:00,a55a25821000141003e00029000100580025002400000c8a00000001000100330001000100010000,5136,992,41,1,88,37,36,0,3210,0,1,1,51,1,1,1,0
2026-08-05T02:02:11.662915+00:00,a55a25821000141103e0001f000100580025002400000c8b00000001000100340001000100010000,5137,992,31,1,88,37,36,0,3211,0,1,1,52,1,1,1,0
2026-08-05T02:02:12.265009+00:00,a55a25821000141103e40020000100580025002400000c8b00000001000100350001000100010000,5137,996,32,1,88,37,36,0,3211,0,1,1,53,1,1,1,0
2026-08-05T02:02:12.766815+00:00,a55a25821000141203e40021000100580025002400000c8b00000001000100330001000100010000,5138,996,33,1,88,37,36,0,3211,0,1,1,51,1,1,1,0
2026-08-05T02:02:13.369107+00:00,a55a25821000141203dd0022000100580025002400000c8c00000001000100340001000100010000,5138,989,34,1,88,37,36,0,3212,0,1,1,52,1,1,1,0
2026-08-05T02:02:13.971476+00:00,a55a25821000141303e00023000100580025002400000c8c00000001000100350001000100010000,5139,992,35,1,88,37,36,0,3212,0,1,1,53,1,1,1,0
2026-08-05T02:02:14.473381+00:00,a55a25821000141303e00024000100580025002400000c8c00000001000100330001000100010000,5139,992,36,1,88,37,36,0,3212,0,1,1,51,1,1,1,0
2026-08-05T02:02:15.075710+00:00,a55a25821000141403e00025000100580025002400000c8d00000001000100340001000100010000,5140,992,37,1,88,37,36,0,3213,0,1,1,52,1,1,1,0
2026-08-05T02:02:15.677866+00:00,a55a25821000141503dd0026000100580025002400000c8d00000001000100350001000100010000,5141,989,38,1,88,37,36,0,3213,0,1,1,53,1,1,1,0
2026-08-05T02:02:16.179552+00:00,a55a25821000141503dd0027000100580025002400000c8d00000001000100330001000100010000,5141,989,39,1,88,37,36,0,3213,0,1,1,51,1,1,1,0
2026-08-05T02:02:16.867447+00:00,a55a25821000141603e00028000100580025002400000c8e00000001000100340001000100010000,5142,992,40,1,88,37,36,0,3214,0,1,1,52,1,1,1,0
2026-08-05T02:02:17.369470+00:00,a55a25821000141603e40029000100580025002400000c8e00000001000100350001000100010000,5142,996,41,1,88,37,36,0,3214,0,1,1,53,1,1,1,0
2026-08-05T02:02:17.971659+00:00,a55a25821000141603e4001f000100580025002400000c8e00000001000100330001000100010000,5142,996,31,1,88,37,36,0,3214,0,1,1,51,1,1,1,0
2026-08-05T02:02:18.473396+00:00,a55a25821000141603dd0020000100580025002400000c8e00000001000100340001000100010000,5142,989,32,1,88,37,36,0,3214,0,1,1,52,1,1,1,0
2026-08-05T02:02:19.075656+00:00,a55a25821000141703dd0021000100580025002400000c8f00000001000100350001000100010000,5143,989,33,1,88,37,36,0,3215,0,1,1,53,1,1,1,0
2026-08-05T02:02:19.677795+00:00,a55a25821000141803dd0022000100580025002400000c8f00000001000100330001000100010000,5144,989,34,1,88,37,36,0,3215,0,1,1,51,1,1,1,0
2026-08-05T02:02:20.179665+00:00,a55a25821000141803e00023000100580025002400000c9000000001000100340001000100010000,5144,992,35,1,88,37,36,0,3216,0,1,1,52,1,1,1,0
2026-08-05T02:02:20.781718+00:00,a55a25821000141903dd0024000100580025002400000c9000000001000100350001000100010000,5145,989,36,1,88,37,36,0,3216,0,1,1,53,1,1,1,0
2026-08-05T02:02:21.384024+00:00,a55a25821000141903dd0025000100580025002400000c9000000001000100330001000100010000,5145,989,37,1,88,37,36,0,3216,0,1,1,51,1,1,1,0
2026-08-05T02:02:21.885917+00:00,a55a25821000141903e40026000100580025002400000c9000000001000100340001000100010000,5145,996,38,1,88,37,36,0,3216,0,1,1,52,1,1,1,0
2026-08-05T02:02:22.488088+00:00,a55a25821000141a03dd0027000100580025002400000c9100000001000100350001000100010000,5146,989,39,1,88,37,36,0,3217,0,1,1,53,1,1,1,0
2026-08-05T02:02:23.090400+00:00,a55a25821000141b03dd0028000100580025002400000c9100000001000100330001000100010000,5147,989,40,1,88,37,36,0,3217,0,1,1,51,1,1,1,0
2026-08-05T02:02:23.592144+00:00,a55a25821000141c03e00029000100580025002400000c9200000001000100340001000100010000,5148,992,41,1,88,37,36,0,3218,0,1,1,52,1,1,1,0
2026-08-05T02:02:24.194295+00:00,a55a25821000141c03dd001f000200580025002400000c9200000001000100350001000100010000,5148,989,31,2,88,37,36,0,3218,0,1,1,53,1,1,1,0
2026-08-05T02:02:24.796411+00:00,a55a25821000141d03dd00200002005a0025002400000c9200000001000100330001000100010000,5149,989,32,2,90,37,36,0,3218,0,1,1,51,1,1,1,0
2026-08-05T02:02:25.298542+00:00,a55a25821000141d03e700210002005a0025002400000c9200000001000100340001000100010000,5149,999,33,2,90,37,36,0,3218,0,1,1,52,1,1,1,0
2026-08-05T02:02:25.900912+00:00,a55a25821000141d03e000220002005a0025002400000c9200000001000100350001000100010000,5149,992,34,2,90,37,36,0,3218,0,1,1,53,1,1,1,0
2026-08-05T02:02:26.503107+00:00,a55a25821000141e03e000230002005a0025002400000c9300000001000100330001000100010000,5150,992,35,2,90,37,36,0,3219,0,1,1,51,1,1,1,0
2026-08-05T02:02:26.989019+00:00,a55a25821000141f03e400240002005a0025002400000c9300000001000100340001000100010000,5151,996,36,2,90,37,36,0,3219,0,1,1,52,1,1,1,0
2026-08-05T02:02:27.591391+00:00,a55a25821000141f03e000250002005a0025002400000c9300000001000100350001000100010000,5151,992,37,2,90,37,36,0,3219,0,1,1,53,1,1,1,0
2026-08-05T02:02:28.193430+00:00,a55a25821000141f03e000260002005a0025002400000c9400000001000100330001000100010000,5151,992,38,2,90,37,36,0,3220,0,1,1,51,1,1,1,0
2026-08-05T02:02:28.695201+00:00,a55a25821000141f03e000270002005a0025002400000c9400000001000100340001000100010000,5151,992,39,2,90,37,36,0,3220,0,1,1,52,1,1,1,0
2026-08-05T02:02:29.297531+00:00,a55a25821000142003dd00280002005a0025002400000c9400000001000100350001000100010000,5152,989,40,2,90,37,36,0,3220,0,1,1,53,1,1,1,0
2026-08-05T02:02:29.899726+00:00,a55a25821000142003dd0029000200520025002400000c9400000001000100330001000100010000,5152,989,41,2,82,37,36,0,3220,0,1,1,51,1,1,1,0
2026-08-05T02:02:30.401723+00:00,a55a25821000140f03dd001f000200520025002400000c8a00000001000100340001000100010000,5135,989,31,2,82,37,36,0,3210,0,1,1,52,1,1,1,0
2026-08-05T02:02:31.003917+00:00,a55a25821000141303210020000200520025002400000c8c00000001000100350001000100010000,5139,801,32,2,82,37,36,0,3212,0,1,1,53,1,1,1,0
2026-08-05T02:02:31.606185+00:00,a55a25821000141603210021000200520025002400000c8e00000001000100330001000100010000,5142,801,33,2,82,37,36,0,3214,0,1,1,51,1,1,1,0
2026-08-05T02:02:32.107941+00:00,a55a25821000141b03620022000200520025002400000c9100000001000100340001000100010000,5147,866,34,2,82,37,36,0,3217,0,1,1,52,1,1,1,0
2026-08-05T02:02:32.710082+00:00,a55a25821000141e03a60023000200520025002400000c9300000001000100350001000100010000,5150,934,35,2,82,37,36,0,3219,0,1,1,53,1,1,1,0
2026-08-05T02:02:33.312495+00:00,a55a25821000142203a60024000200520025002400000c9600000001000100330001000100010000,5154,934,36,2,82,37,36,0,3222,0,1,1,51,1,1,1,0
2026-08-05T02:02:33.814315+00:00,a55a25821000142303dd0025000200520025002400000c9600000001000100340001000100010000,5155,989,37,2,82,37,36,0,3222,0,1,1,52,1,1,1,0
2026-08-05T02:02:34.416579+00:00,a55a25821000142403dd0026000200520025002400000c9700000001000100350001000100010000,5156,989,38,2,82,37,36,0,3223,0,1,1,53,1,1,1,0
2026-08-05T02:02:35.018902+00:00,a55a25821000142303e40027000200590025002400000c9600000001000100330001000100010000,5155,996,39,2,89,37,36,0,3222,0,1,1,51,1,1,1,0
2026-08-05T02:02:35.520951+00:00,a55a25821000142403e00028000200590025002400000c9700000001000100340001000100010000,5156,992,40,2,89,37,36,0,3223,0,1,1,52,1,1,1,0
2026-08-05T02:02:36.123077+00:00,a55a25821000142503e00029000200590025002400000c9700000001000100350001000100010000,5157,992,41,2,89,37,36,0,3223,0,1,1,53,1,1,1,0
2026-08-05T02:02:36.725183+00:00,a55a25821000142503e0001f000200590025002400000c9800000001000100330001000100010000,5157,992,31,2,89,37,36,0,3224,0,1,1,51,1,1,1,0
2026-08-05T02:02:37.210696+00:00,a55a25821000142603dd0020000200590025002400000c9800000001000100340001000100010000,5158,989,32,2,89,37,36,0,3224,0,1,1,52,1,1,1,0
2026-08-05T02:02:37.812794+00:00,a55a25821000142703dd0021000200590025002400000c9800000001000100350001000100010000,5159,989,33,2,89,37,36,0,3224,0,1,1,53,1,1,1,0
2026-08-05T02:02:38.414971+00:00,a55a25821000142703e00022000200590025002400000c9900000001000100330001000100010000,5159,992,34,2,89,37,36,0,3225,0,1,1,51,1,1,1,0
2026-08-05T02:02:38.916932+00:00,a55a25821000142703dd0023000200590025002400000c9900000001000100340001000100010000,5159,989,35,2,89,37,36,0,3225,0,1,1,52,1,1,1,0
2026-08-05T02:02:39.519296+00:00,a55a25821000142803dd0024000200590025002400000c9900000001000100350001000100010000,5160,989,36,2,89,37,36,0,3225,0,1,1,53,1,1,1,0
2026-08-05T02:02:40.121503+00:00,a55a25821000142803e00025000200590025002400000c9a00000001000100330001000100010000,5160,992,37,2,89,37,36,0,3226,0,1,1,51,1,1,1,0
2026-08-05T02:02:40.623561+00:00,a55a25821000142903da00260002005a0025002400000c9a00000001000100340001000100010000,5161,986,38,2,90,37,36,0,3226,0,1,1,52,1,1,1,0
2026-08-05T02:02:41.225799+00:00,a55a25821000142903da00270002005a0025002400000c9a00000001000100350001000100010000,5161,986,39,2,90,37,36,0,3226,0,1,1,53,1,1,1,0
2026-08-05T02:02:41.827979+00:00,a55a25821000142a03e000280002005a0025002400000c9a00000001000100330001000100010000,5162,992,40,2,90,37,36,0,3226,0,1,1,51,1,1,1,0
2026-08-05T02:02:42.329813+00:00,a55a25821000142a03dd00290002005a0025002400000c9b00000001000100340001000100010000,5162,989,41,2,90,37,36,0,3227,0,1,1,52,1,1,1,0
2026-08-05T02:02:42.931952+00:00,a55a25821000142a03dd001f0002005a0025002400000c9b00000001000100350001000100010000,5162,989,31,2,90,37,36,0,3227,0,1,1,53,1,1,1,0
2026-08-05T02:02:43.534273+00:00,a55a25821000142b03dd00200002005a0025002400000c9b00000001000100330001000100010000,5163,989,32,2,90,37,36,0,3227,0,1,1,51,1,1,1,0
2026-08-05T02:02:44.036076+00:00,a55a25821000142b03e000210002005a0025002400000c9b00000001000100340001000100010000,5163,992,33,2,90,37,36,0,3227,0,1,1,52,1,1,1,0
2026-08-05T02:02:44.638187+00:00,a55a25821000142c03e000220002005a0025002400000c9c00000001000100350001000100010000,5164,992,34,2,90,37,36,0,3228,0,1,1,53,1,1,1,0
2026-08-05T02:02:45.240426+00:00,a55a25821000142c03e400230002005a0025002400000c9c00000001000100330001000100010000,5164,996,35,2,90,37,36,0,3228,0,1,1,51,1,1,1,0
2026-08-05T02:02:45.742259+00:00,a55a25821000142d03dd0024000200570026002400000c9d00000001000100340001000100010000,5165,989,36,2,87,38,36,0,3229,0,1,1,52,1,1,1,0
2026-08-05T02:02:46.344443+00:00,a55a25821000142e03dd0025000200570026002400000c9d00000001000100350001000100010000,5166,989,37,2,87,38,36,0,3229,0,1,1,53,1,1,1,0
2026-08-05T02:02:46.931226+00:00,a55a25821000142e03e00026000200570026002400000c9d00000001000100330001000100010000,5166,992,38,2,87,38,36,0,3229,0,1,1,51,1,1,1,0
2026-08-05T02:02:47.533493+00:00,a55a25821000142e03da0027000200570026002400000c9d00000001000100340001000100010000,5166,986,39,2,87,38,36,0,3229,0,1,1,52,1,1,1,0
2026-08-05T02:02:48.035172+00:00,a55a25821000142f03da0028000200570026002400000c9e00000001000100350001000100010000,5167,986,40,2,87,38,36,0,3230,0,1,1,53,1,1,1,0
2026-08-05T02:02:48.637426+00:00,a55a25821000142f03dd0029000200570026002400000c9e00000001000100330001000100010000,5167,989,41,2,87,38,36,0,3230,0,1,1,51,1,1,1,0
2026-08-05T02:02:49.239195+00:00,a55a25821000143003da001f000200570026002400000c9e00000001000100340001000100010000,5168,986,31,2,87,38,36,0,3230,0,1,1,52,1,1,1,0
2026-08-05T02:02:49.741232+00:00,a55a25821000143003da0020000200570026002400000c9e00000001000100350001000100010000,5168,986,32,2,87,38,36,0,3230,0,1,1,53,1,1,1,0
2026-08-05T02:02:50.343682+00:00,a55a25821000143003dd0021000200570026002400000c9f00000001000100330001000100010000,5168,989,33,2,87,38,36,0,3231,0,1,1,51,1,1,1,0
2026-08-05T02:02:50.945880+00:00,a55a25821000143003dd0022000200560026002400000c9e00000001000100340001000100010000,5168,989,34,2,86,38,36,0,3230,0,1,1,52,1,1,1,0
2026-08-05T02:02:51.447843+00:00,a55a25821000143103dd0023000200560026002400000c9f00000001000100350001000100010000,5169,989,35,2,86,38,36,0,3231,0,1,1,53,1,1,1,0
2026-08-05T02:02:52.050055+00:00,a55a25821000143203dd0024000200560026002400000c9f00000001000100330001000100010000,5170,989,36,2,86,38,36,0,3231,0,1,1,51,1,1,1,0
2026-08-05T02:02:52.652327+00:00,a55a25821000143203dd0025000200560026002400000ca000000001000100340001000100010000,5170,989,37,2,86,38,36,0,3232,0,1,1,52,1,1,1,0
2026-08-05T02:02:53.154128+00:00,a55a25821000143303dd0026000200560026002400000ca000000001000100350001000100010000,5171,989,38,2,86,38,36,0,3232,0,1,1,53,1,1,1,0
2026-08-05T02:02:53.756550+00:00,a55a25821000143303dd0027000200560026002400000ca000000001000100330001000100010000,5171,989,39,2,86,38,36,0,3232,0,1,1,51,1,1,1,0
2026-08-05T02:02:54.358866+00:00,a55a25821000143403dd0028000200560026002400000ca100000001000100340001000100010000,5172,989,40,2,86,38,36,0,3233,0,1,1,52,1,1,1,0
2026-08-05T02:02:54.860676+00:00,a55a25821000143503dd0029000200560026002400000ca100000001000100350001000100010000,5173,989,41,2,86,38,36,0,3233,0,1,1,53,1,1,1,0
2026-08-05T02:02:55.463182+00:00,a55a25821000143503dd001f000200560026002400000ca100000001000100330001000100010000,5173,989,31,2,86,38,36,0,3233,0,1,1,51,1,1,1,0
2026-08-05T02:02:56.065407+00:00,a55a25821000143503e00020000200560026002400000ca200000001000100340001000100010000,5173,992,32,2,86,38,36,0,3234,0,1,1,52,1,1,1,0
2026-08-05T02:02:56.567377+00:00,a55a25821000143503e00021000200560026002400000ca200000001000100350001000100010000,5173,992,33,2,86,38,36,0,3234,0,1,1,53,1,1,1,0
2026-08-05T02:02:57.152661+00:00,a55a25821000143603e00022000200560026002400000ca200000001000100330001000100010000,5174,992,34,2,86,38,36,0,3234,0,1,1,51,1,1,1,0
2026-08-05T02:02:57.754906+00:00,a55a25821000143603e00023000200560026002400000ca200000001000100340001000100010000,5174,992,35,2,86,38,36,0,3234,0,1,1,52,1,1,1,0
2026-08-05T02:02:58.256836+00:00,a55a25821000143703e00024000200560026002400000ca200000001000100350001000100010000,5175,992,36,2,86,38,36,0,3234,0,1,1,53,1,1,1,0
2026-08-05T02:02:58.858972+00:00,a55a25821000143703da0025000200560026002400000ca300000001000100330001000100010000,5175,986,37,2,86,38,36,0,3235,0,1,1,51,1,1,1,0
2026-08-05T02:02:59.461456+00:00,a55a25821000143803da0026000200560026002400000ca300000001000100340001000100010000,5176,986,38,2,86,38,36,0,3235,0,1,1,52,1,1,1,0
2026-08-05T02:02:59.963316+00:00,a55a25821000143803dd0027000200560026002400000ca300000001000100350001000100010000,5176,989,39,2,86,38,36,0,3235,0,1,1,53,1,1,1,0
2026-08-05T02:03:00.565533+00:00,a55a25821000143803da0028000200560026002400000ca300000001000100330001000100010000,5176,986,40,2,86,38,36,0,3235,0,1,1,51,1,1,1,0
2026-08-05T02:03:01.167657+00:00,a55a25821000143803da0029000200560026002400000ca300000001000100340001000100010000,5176,986,41,2,86,38,36,0,3235,0,1,1,52,1,1,1,0
2026-08-05T02:03:01.669781+00:00,a55a25821000143903da001f000200530026002400000ca400000001000100350001000100010000,5177,986,31,2,83,38,36,0,3236,0,1,1,53,1,1,1,0
2026-08-05T02:03:02.271973+00:00,a55a25821000143a03dd0020000200530026002400000ca500000001000100330001000100010000,5178,989,32,2,83,38,36,0,3237,0,1,1,51,1,1,1,0
2026-08-05T02:03:02.874129+00:00,a55a25821000143a03dd0021000200530026002400000ca500000001000100340001000100010000,5178,989,33,2,83,38,36,0,3237,0,1,1,52,1,1,1,0
2026-08-05T02:03:03.375974+00:00,a55a25821000143a03da0022000200530026002400000ca500000001000100350001000100010000,5178,986,34,2,83,38,36,0,3237,0,1,1,53,1,1,1,0
2026-08-05T02:03:03.978388+00:00,a55a25821000143b03dd0023000200530026002400000ca500000001000100330001000100010000,5179,989,35,2,83,38,36,0,3237,0,1,1,51,1,1,1,0
2026-08-05T02:03:04.580600+00:00,a55a25821000143b03dd0024000200530026002400000ca500000001000100340001000100010000,5179,989,36,2,83,38,36,0,3237,0,1,1,52,1,1,1,0
2026-08-05T02:03:05.082475+00:00,a55a25821000143c03da0025000200530026002400000ca600000001000100350001000100010000,5180,986,37,2,83,38,36,0,3238,0,1,1,53,1,1,1,0
2026-08-05T02:03:05.684931+00:00,a55a25821000143c03dd0026000200530026002400000ca600000001000100330001000100010000,5180,989,38,2,83,38,36,0,3238,0,1,1,51,1,1,1,0
2026-08-05T02:03:06.287135+00:00,a55a25821000143d03dd0027000200530026002400000ca600000001000100340001000100010000,5181,989,39,2,83,38,36,0,3238,0,1,1,52,1,1,1,0
2026-08-05T02:03:06.789036+00:00,a55a25821000143d03dd0028000200530026002400000ca600000001000100350001000100010000,5181,989,40,2,83,38,36,0,3238,0,1,1,53,1,1,1,0
2026-08-05T02:03:07.374662+00:00,a55a25821000143e03da0029000200530026002400000ca700000001000100330001000100010000,5182,986,41,2,83,38,36,0,3239,0,1,1,51,1,1,1,0
2026-08-05T02:03:07.976832+00:00,a55a25821000143e03da001f000200530026002400000ca700000001000100340001000100010000,5182,986,31,2,83,38,36,0,3239,0,1,1,52,1,1,1,0
2026-08-05T02:03:08.478672+00:00,a55a25821000143e03dd0020000200530026002400000ca700000001000100350001000100010000,5182,989,32,2,83,38,36,0,3239,0,1,1,53,1,1,1,0
2026-08-05T02:03:09.080764+00:00,a55a25821000143e03dd0021000200530026002400000ca700000001000100330001000100010000,5182,989,33,2,83,38,36,0,3239,0,1,1,51,1,1,1,0
2026-08-05T02:03:09.683115+00:00,a55a25821000143f03dd0022000200530026002400000ca800000001000100340001000100010000,5183,989,34,2,83,38,36,0,3240,0,1,1,52,1,1,1,0
2026-08-05T02:03:10.185097+00:00,a55a25821000144003da0023000200530026002400000ca800000001000100350001000100010000,5184,986,35,2,83,38,36,0,3240,0,1,1,53,1,1,1,0
2026-08-05T02:03:10.787216+00:00,a55a25821000144003dd0024000200530026002400000ca800000001000100330001000100010000,5184,989,36,2,83,38,36,0,3240,0,1,1,51,1,1,1,0
2026-08-05T02:03:11.389603+00:00,a55a25821000144003dd0025000200530026002400000ca900000001000100340001000100010000,5184,989,37,2,83,38,36,0,3241,0,1,1,52,1,1,1,0
2026-08-05T02:03:11.991919+00:00,a55a25821000144103dd0026000200530026002400000ca900000001000100350001000100010000,5185,989,38,2,83,38,36,0,3241,0,1,1,53,1,1,1,0
2026-08-05T02:03:12.493798+00:00,a55a25821000144203d60027000200550026002400000ca900000001000100330001000100010000,5186,982,39,2,85,38,36,0,3241,0,1,1,51,1,1,1,0
2026-08-05T02:03:13.095978+00:00,a55a25821000144203d60028000200550026002400000ca900000001000100340001000100010000,5186,982,40,2,85,38,36,0,3241,0,1,1,52,1,1,1,0
2026-08-05T02:03:13.597820+00:00,a55a25821000144203dd0029000200550026002400000caa00000001000100350001000100010000,5186,989,41,2,85,38,36,0,3242,0,1,1,53,1,1,1,0
2026-08-05T02:03:14.199939+00:00,a55a25821000144303d3001f000200550026002400000caa00000001000100330001000100010000,5187,979,31,2,85,38,36,0,3242,0,1,1,51,1,1,1,0
2026-08-05T02:03:14.801994+00:00,a55a25821000144303d30020000200550026002400000caa00000001000100340001000100010000,5187,979,32,2,85,38,36,0,3242,0,1,1,52,1,1,1,0
2026-08-05T02:03:15.303929+00:00,a55a25821000144303dd0021000200550026002400000caa00000001000100350001000100010000,5187,989,33,2,85,38,36,0,3242,0,1,1,53,1,1,1,0
2026-08-05T02:03:15.906350+00:00,a55a25821000144403da0022000200550026002400000cab00000001000100330001000100010000,5188,986,34,2,85,38,36,0,3243,0,1,1,51,1,1,1,0
2026-08-05T02:03:16.508547+00:00,a55a25821000144403da0023000200550026002400000cab00000001000100340001000100010000,5188,986,35,2,85,38,36,0,3243,0,1,1,52,1,1,1,0
2026-08-05T02:03:17.094484+00:00,a55a25821000144503dd0024000200550026002400000cab00000001000100350001000100010000,5189,989,36,2,85,38,36,0,3243,0,1,1,53,1,1,1,0
2026-08-05T02:03:17.596323+00:00,a55a25821000144503dd0025000200540026002400000cac00000001000100330001000100010000,5189,989,37,2,84,38,36,0,3244,0,1,1,51,1,1,1,0
2026-08-05T02:03:18.198517+00:00,a55a25821000144603dd0026000200540026002400000cac00000001000100340001000100010000,5190,989,38,2,84,38,36,0,3244,0,1,1,52,1,1,1,0
2026-08-05T02:03:18.800591+00:00,a55a25821000144603d60027000200540026002400000cac00000001000100350001000100010000,5190,982,39,2,84,38,36,0,3244,0,1,1,53,1,1,1,0
2026-08-05T02:03:19.302530+00:00,a55a25821000144603d60028000200540026002400000cac00000001000100330001000100010000,5190,982,40,2,84,38,36,0,3244,0,1,1,51,1,1,1,0
2026-08-05T02:03:19.904774+00:00,a55a25821000144703d60029000200540026002400000cac00000001000100340001000100010000,5191,982,41,2,84,38,36,0,3244,0,1,1,52,1,1,1,0
2026-08-05T02:03:20.506920+00:00,a55a25821000144703da001f000200540026002400000cad00000001000100350001000100010000,5191,986,31,2,84,38,36,0,3245,0,1,1,53,1,1,1,0
2026-08-05T02:03:21.008783+00:00,a55a25821000144703d60020000200540026002400000cad00000001000100330001000100010000,5191,982,32,2,84,38,36,0,3245,0,1,1,51,1,1,1,0
2026-08-05T02:03:21.611051+00:00,a55a25821000144803d60021000200540026002400000cad00000001000100340001000100010000,5192,982,33,2,84,38,36,0,3245,0,1,1,52,1,1,1,0
2026-08-05T02:03:22.213369+00:00,a55a25821000144803dd0022000200540026002400000cad00000001000100350001000100010000,5192,989,34,2,84,38,36,0,3245,0,1,1,53,1,1,1,0
2026-08-05T02:03:22.715241+00:00,a55a25821000144903da0023000200540026002400000cae00000001000100330001000100010000,5193,986,35,2,84,38,36,0,3246,0,1,1,51,1,1,1,0
2026-08-05T02:03:23.317488+00:00,a55a25821000144903da0024000200540026002400000cae00000001000100340001000100010000,5193,986,36,2,84,38,36,0,3246,0,1,1,52,1,1,1,0
2026-08-05T02:03:23.919797+00:00,a55a25821000144a03d60025000200540026002400000cae00000001000100350001000100010000,5194,982,37,2,84,38,36,0,3246,0,1,1,53,1,1,1,0
2026-08-05T02:03:24.421597+00:00,a55a25821000144a03d60026000200540026002400000cae00000001000100330001000100010000,5194,982,38,2,84,38,36,0,3246,0,1,1,51,1,1,1,0
2026-08-05T02:03:25.023857+00:00,a55a25821000144a03d60027000200540026002400000caf00000001000100340001000100010000,5194,982,39,2,84,38,36,0,3247,0,1,1,52,1,1,1,0
2026-08-05T02:03:25.626144+00:00,a55a25821000144a03da0028000200540026002400000caf00000001000100350001000100010000,5194,986,40,2,84,38,36,0,3247,0,1,1,53,1,1,1,0
2026-08-05T02:03:26.128129+00:00,a55a25821000144b03da0029000200540026002400000caf00000001000100330001000100010000,5195,986,41,2,84,38,36,0,3247,0,1,1,51,1,1,1,0
2026-08-05T02:03:26.730350+00:00,a55a25821000144b03d6001f000200540026002400000caf00000001000100340001000100010000,5195,982,31,2,84,38,36,0,3247,0,1,1,52,1,1,1,0
2026-08-05T02:03:27.315218+00:00,a55a25821000144c03dd0020000200540026002400000cb000000001000100350001000100010000,5196,989,32,2,84,38,36,0,3248,0,1,1,53,1,1,1,0
2026-08-05T02:03:27.817243+00:00,a55a25821000144c03dd0021000200540026002400000cb000000001000100330001000100010000,5196,989,33,2,84,38,36,0,3248,0,1,1,51,1,1,1,0
2026-08-05T02:03:28.419444+00:00,a55a25821000144c03d30022000200520026002400000cb000000001000100340001000100010000,5196,979,34,2,82,38,36,0,3248,0,1,1,52,1,1,1,0
2026-08-05T02:03:29.021676+00:00,a55a25821000144d03da0023000200520026002400000cb100000001000100350001000100010000,5197,986,35,2,82,38,36,0,3249,0,1,1,53,1,1,1,0
2026-08-05T02:03:29.523606+00:00,a55a25821000144d03da0024000200520026002400000cb000000001000100330001000100010000,5197,986,36,2,82,38,36,0,3248,0,1,1,51,1,1,1,0
2026-08-05T02:03:30.125906+00:00,a55a25821000144d03d60025000200520026002400000cb100000001000100340001000100010000,5197,982,37,2,82,38,36,0,3249,0,1,1,52,1,1,1,0
2026-08-05T02:03:30.728051+00:00,a55a25821000144e03d30026000200520026002400000cb100000001000100350001000100010000,5198,979,38,2,82,38,36,0,3249,0,1,1,53,1,1,1,0
2026-08-05T02:03:31.229860+00:00,a55a25821000144e03d30027000200520026002400000cb100000001000100330001000100010000,5198,979,39,2,82,38,36,0,3249,0,1,1,51,1,1,1,0
2026-08-05T02:03:31.832006+00:00,a55a25821000144f03da0028000200520026002400000cb100000001000100340001000100010000,5199,986,40,2,82,38,36,0,3249,0,1,1,52,1,1,1,0
2026-08-05T02:03:32.434165+00:00,a55a25821000144f03da0029000200520026002400000cb200000001000100350001000100010000,5199,986,41,2,82,38,36,0,3250,0,1,1,53,1,1,1,0
2026-08-05T02:03:32.935985+00:00,a55a25821000145003da001f000200520026002400000cb200000001000100330001000100010000,5200,986,31,2,82,38,36,0,3250,0,1,1,51,1,1,1,0
2026-08-05T02:03:33.538271+00:00,a55a25821000145003d60020000200500026002400000cb200000001000100340001000100010000,5200,982,32,2,80,38,36,0,3250,0,1,1,52,1,1,1,0
2026-08-05T02:03:34.140660+00:00,a55a25821000145003da0021000200500026002400000cb200000001000100350001000100010000,5200,986,33,2,80,38,36,0,3250,0,1,1,53,1,1,1,0
2026-08-05T02:03:34.642513+00:00,a55a25821000145103da0022000200500026002400000cb300000001000100330001000100010000,5201,986,34,2,80,38,36,0,3251,0,1,1,51,1,1,1,0
2026-08-05T02:03:35.244682+00:00,a55a25821000145103d30023000200500026002400000cb300000001000100340001000100010000,5201,979,35,2,80,38,36,0,3251,0,1,1,52,1,1,1,0
2026-08-05T02:03:35.846914+00:00,a55a25821000145103d60024000200500026002400000cb300000001000100350001000100010000,5201,982,36,2,80,38,36,0,3251,0,1,1,53,1,1,1,0
2026-08-05T02:03:36.348822+00:00,a55a25821000145203d60025000200500026002400000cb400000001000100330001000100010000,5202,982,37,2,80,38,36,0,3252,0,1,1,51,1,1,1,0
2026-08-05T02:03:37.037159+00:00,a55a25821000145203d60026000200500026002400000cb400000001000100340001000100010000,5202,982,38,2,80,38,36,0,3252,0,1,1,52,1,1,1,0
2026-08-05T02:03:37.538977+00:00,a55a25821000145303d30027000200500026002400000cb400000001000100350001000100010000,5203,979,39,2,80,38,36,0,3252,0,1,1,53,1,1,1,0
2026-08-05T02:03:38.141302+00:00,a55a25821000145303d30028000200500026002400000cb400000001000100330001000100010000,5203,979,40,2,80,38,36,0,3252,0,1,1,51,1,1,1,0
2026-08-05T02:03:38.643213+00:00,a55a25821000145403d30029000200520026002400000cb500000001000100340001000100010000,5204,979,41,2,82,38,36,0,3253,0,1,1,52,1,1,1,0
2026-08-05T02:03:39.245363+00:00,a55a25821000145403d6001f000200520026002400000cb500000001000100350001000100010000,5204,982,31,2,82,38,36,0,3253,0,1,1,53,1,1,1,0
2026-08-05T02:03:39.847429+00:00,a55a25821000145403d60020000200520026002400000cb500000001000100330001000100010000,5204,982,32,2,82,38,36,0,3253,0,1,1,51,1,1,1,0
2026-08-05T02:03:40.349494+00:00,a55a25821000145503dd0021000200520026002400000cb500000001000100340001000100010000,5205,989,33,2,82,38,36,0,3253,0,1,1,52,1,1,1,0
2026-08-05T02:03:40.951690+00:00,a55a25821000145503d60022000200520026002400000cb600000001000100350001000100010000,5205,982,34,2,82,38,36,0,3254,0,1,1,53,1,1,1,0
2026-08-05T02:03:41.553804+00:00,a55a25821000145503d60023000200520026002400000cb600000001000100330001000100010000,5205,982,35,2,82,38,36,0,3254,0,1,1,51,1,1,1,0
2026-08-05T02:03:42.055756+00:00,a55a25821000145603d60024000200520026002400000cb600000001000100340001000100010000,5206,982,36,2,82,38,36,0,3254,0,1,1,52,1,1,1,0
2026-08-05T02:03:42.657834+00:00,a55a25821000145603d60025000200520026002400000cb600000001000100350001000100010000,5206,982,37,2,82,38,36,0,3254,0,1,1,53,1,1,1,0
2026-08-05T02:03:43.259972+00:00,a55a25821000145703d60026000200520026002400000cb700000001000100330001000100010000,5207,982,38,2,82,38,36,0,3255,0,1,1,51,1,1,1,0
2026-08-05T02:03:43.761704+00:00,a55a25821000145703d60027000200520026002400000cb700000001000100340001000100010000,5207,982,39,2,82,38,36,0,3255,0,1,1,52,1,1,1,0
2026-08-05T02:03:44.363929+00:00,a55a25821000145703d60028000200530026002400000cb700000001000100350001000100010000,5207,982,40,2,83,38,36,0,3255,0,1,1,53,1,1,1,0
2026-08-05T02:03:44.966055+00:00,a55a25821000145803d60029000200530026002400000cb700000001000100330001000100010000,5208,982,41,2,83,38,36,0,3255,0,1,1,51,1,1,1,0
2026-08-05T02:03:45.467968+00:00,a55a25821000145803d3001f000200530026002400000cb700000001000100340001000100010000,5208,979,31,2,83,38,36,0,3255,0,1,1,52,1,1,1,0
2026-08-05T02:03:46.070332+00:00,a55a25821000145903da0020000200530026002400000cb800000001000100350001000100010000,5209,986,32,2,83,38,36,0,3256,0,1,1,53,1,1,1,0
2026-08-05T02:03:46.672573+00:00,a55a25821000145903da0021000200530026002400000cb800000001000100330001000100010000,5209,986,33,2,83,38,36,0,3256,0,1,1,51,1,1,1,0
2026-08-05T02:03:47.157956+00:00,a55a25821000145903d30022000200530026002400000cb800000001000100340001000100010000,5209,979,34,2,83,38,36,0,3256,0,1,1,52,1,1,1,0
2026-08-05T02:03:47.760067+00:00,a55a25821000145903d30023000200530026002400000cb800000001000100350001000100010000,5209,979,35,2,83,38,36,0,3256,0,1,1,53,1,1,1,0
2026-08-05T02:03:48.362313+00:00,a55a25821000145a03d30024000200530026002400000cb900000001000100330001000100010000,5210,979,36,2,83,38,36,0,3257,0,1,1,51,1,1,1,0
2026-08-05T02:03:48.864184+00:00,a55a25821000145a03d30025000200530026002400000cb900000001000100340001000100010000,5210,979,37,2,83,38,36,0,3257,0,1,1,52,1,1,1,0
2026-08-05T02:03:49.466423+00:00,a55a25821000145b03d30026000200540026002400000cb900000001000100350001000100010000,5211,979,38,2,84,38,36,0,3257,0,1,1,53,1,1,1,0
2026-08-05T02:03:50.068694+00:00,a55a25821000145b03d30027000200540026002400000cb900000001000100330001000100010000,5211,979,39,2,84,38,36,0,3257,0,1,1,51,1,1,1,0
2026-08-05T02:03:50.570532+00:00,a55a25821000145b03d60028000200540026002400000cb900000001000100340001000100010000,5211,982,40,2,84,38,36,0,3257,0,1,1,52,1,1,1,0
2026-08-05T02:03:51.172672+00:00,a55a25821000145c03d60029000200540026002400000cba00000001000100350001000100010000,5212,982,41,2,84,38,36,0,3258,0,1,1,53,1,1,1,0
2026-08-05T02:03:51.774848+00:00,a55a25821000145d03d6001f000200540026002400000cba00000001000100330001000100010000,5213,982,31,2,84,38,36,0,3258,0,1,1,51,1,1,1,0
2026-08-05T02:03:52.276902+00:00,a55a25821000145c03d60020000200540026002400000cba00000001000100340001000100010000,5212,982,32,2,84,38,36,0,3258,0,1,1,52,1,1,1,0
2026-08-05T02:03:52.879155+00:00,a55a25821000145d03d60021000200540026002400000cbb00000001000100350001000100010000,5213,982,33,2,84,38,36,0,3259,0,1,1,53,1,1,1,0
2026-08-05T02:03:53.481218+00:00,a55a25821000145d03d60022000200540026002400000cbb00000001000100330001000100010000,5213,982,34,2,84,38,36,0,3259,0,1,1,51,1,1,1,0
2026-08-05T02:03:53.983016+00:00,a55a25821000145e03d60023000200540026002400000cbb00000001000100340001000100010000,5214,982,35,2,84,38,36,0,3259,0,1,1,52,1,1,1,0
2026-08-05T02:03:54.585327+00:00,a55a25821000145e03d60024000200530026002400000cbb00000001000100350001000100010000,5214,982,36,2,83,38,36,0,3259,0,1,1,53,1,1,1,0
2026-08-05T02:03:55.187402+00:00,a55a25821000145f03d30025000200530026002400000cbb00000001000100330001000100010000,5215,979,37,2,83,38,36,0,3259,0,1,1,51,1,1,1,0
2026-08-05T02:03:55.689144+00:00,a55a25821000145f03d60026000200530026002400000cbb00000001000100340001000100010000,5215,982,38,2,83,38,36,0,3259,0,1,1,52,1,1,1,0
2026-08-05T02:03:56.291446+00:00,a55a25821000145f03d60027000200530026002400000cbc00000001000100350001000100010000,5215,982,39,2,83,38,36,0,3260,0,1,1,53,1,1,1,0
2026-08-05T02:03:56.893545+00:00,a55a25821000145f03da0028000200530026002400000cbc00000001000100330001000100010000,5215,986,40,2,83,38,36,0,3260,0,1,1,51,1,1,1,0
2026-08-05T02:03:57.378207+00:00,a55a25821000146003d60029000200530027002400000cbc00000001000100340001000100010000,5216,982,41,2,83,39,36,0,3260,0,1,1,52,1,1,1,0
2026-08-05T02:03:57.980296+00:00,a55a25821000146103d6001f000200530027002400000cbd00000001000100350001000100010000,5217,982,31,2,83,39,36,0,3261,0,1,1,53,1,1,1,0
2026-08-05T02:03:58.582527+00:00,a55a25821000146103da0020000200530027002400000cbd00000001000100330001000100010000,5217,986,32,2,83,39,36,0,3261,0,1,1,51,1,1,1,0
2026-08-05T02:03:59.184758+00:00,a55a25821000146103d60021000200530027002400000cbd00000001000100340001000100010000,5217,982,33,2,83,39,36,0,3261,0,1,1,52,1,1,1,0
2026-08-05T02:03:59.686685+00:00,a55a25821000146103d60022000200540027002400000cbd00000001000100350001000100010000,5217,982,34,2,84,39,36,0,3261,0,1,1,53,1,1,1,0
2026-08-05T02:04:00.289200+00:00,a55a25821000146203d60023000200540027002400000cbe00000001000100330001000100010000,5218,982,35,2,84,39,36,0,3262,0,1,1,51,1,1,1,0
2026-08-05T02:04:00.791006+00:00,a55a25821000146203d30024000300540027002400000cbd00000001000100340001000100010000,5218,979,36,3,84,39,36,0,3261,0,1,1,52,1,1,1,0
2026-08-05T02:04:01.393202+00:00,a55a25821000146303d30025000300540027002400000cbe00000001000100350001000100010000,5219,979,37,3,84,39,36,0,3262,0,1,1,53,1,1,1,0
2026-08-05T02:04:01.995341+00:00,a55a25821000146303d30026000300540027002400000cbe00000001000100330001000100010000,5219,979,38,3,84,39,36,0,3262,0,1,1,51,1,1,1,0
2026-08-05T02:04:02.497362+00:00,a55a25821000146303d60027000300540027002400000cbe00000001000100340001000100010000,5219,982,39,3,84,39,36,0,3262,0,1,1,52,1,1,1,0
2026-08-05T02:04:03.099548+00:00,a55a25821000146303d60028000300540027002400000cbe00000001000100350001000100010000,5219,982,40,3,84,39,36,0,3262,0,1,1,53,1,1,1,0
2026-08-05T02:04:03.701721+00:00,a55a25821000146403d60029000300540027002400000cbf00000001000100330001000100010000,5220,982,41,3,84,39,36,0,3263,0,1,1,51,1,1,1,0
2026-08-05T02:04:04.203632+00:00,a55a25821000146403cf001f000300540027002400000cbf00000001000100340001000100010000,5220,975,31,3,84,39,36,0,3263,0,1,1,52,1,1,1,0
2026-08-05T02:04:04.805784+00:00,a55a25821000146503cf0020000300540027002400000cbf00000001000100350001000100010000,5221,975,32,3,84,39,36,0,3263,0,1,1,53,1,1,1,0
2026-08-05T02:04:05.408126+00:00,a55a25821000146503d600210003004e0027002400000cbf00000001000100330001000100010000,5221,982,33,3,78,39,36,0,3263,0,1,1,51,1,1,1,0
2026-08-05T02:04:05.910059+00:00,a55a25821000146503da00220003004e0027002400000cc000000001000100340001000100010000,5221,986,34,3,78,39,36,0,3264,0,1,1,52,1,1,1,0
2026-08-05T02:04:06.512404+00:00,a55a25821000146603da00230003004e0027002400000cc000000001000100350001000100010000,5222,986,35,3,78,39,36,0,3264,0,1,1,53,1,1,1,0
2026-08-05T02:04:07.097407+00:00,a55a25821000146603d600240003004e0027002400000cc000000001000100330001000100010000,5222,982,36,3,78,39,36,0,3264,0,1,1,51,1,1,1,0
2026-08-05T02:04:07.699420+00:00,a55a25821000146703d300250003004e0027002400000cc000000001000100340001000100010000,5223,979,37,3,78,39,36,0,3264,0,1,1,52,1,1,1,0
2026-08-05T02:04:08.201252+00:00,a55a25821000146703d300260003004e0027002400000cc000000001000100350001000100010000,5223,979,38,3,78,39,36,0,3264,0,1,1,53,1,1,1,0
2026-08-05T02:04:08.803512+00:00,a55a25821000146703d300270003004e0027002400000cc100000001000100330001000100010000,5223,979,39,3,78,39,36,0,3265,0,1,1,51,1,1,1,0
2026-08-05T02:04:09.405678+00:00,a55a25821000146703d300280003004e0027002400000cc100000001000100340001000100010000,5223,979,40,3,78,39,36,0,3265,0,1,1,52,1,1,1,0
2026-08-05T02:04:09.907485+00:00,a55a25821000146803d600290003004e0027002400000cc100000001000100350001000100010000,5224,982,41,3,78,39,36,0,3265,0,1,1,53,1,1,1,0
2026-08-05T02:04:10.509919+00:00,a55a25821000146803d6001f000300500027002400000cc100000001000100330001000100010000,5224,982,31,3,80,39,36,0,3265,0,1,1,51,1,1,1,0
2026-08-05T02:04:11.112100+00:00,a55a25821000146803d60020000300500027002400000cc100000001000100340001000100010000,5224,982,32,3,80,39,36,0,3265,0,1,1,52,1,1,1,0
2026-08-05T02:04:11.614010+00:00,a55a25821000146903d30021000300500027002400000cc200000001000100350001000100010000,5225,979,33,3,80,39,36,0,3266,0,1,1,53,1,1,1,0
2026-08-05T02:04:12.216332+00:00,a55a25821000146903d30022000300500027002400000cc200000001000100330001000100010000,5225,979,34,3,80,39,36,0,3266,0,1,1,51,1,1,1,0
2026-08-05T02:04:12.818664+00:00,a55a25821000146a03d30023000300500027002400000cc200000001000100340001000100010000,5226,979,35,3,80,39,36,0,3266,0,1,1,52,1,1,1,0
2026-08-05T02:04:13.320449+00:00,a55a25821000146a03d30024000300500027002400000cc200000001000100350001000100010000,5226,979,36,3,80,39,36,0,3266,0,1,1,53,1,1,1,0
2026-08-05T02:04:13.922664+00:00,a55a25821000146a03d30025000300500027002400000cc300000001000100330001000100010000,5226,979,37,3,80,39,36,0,3267,0,1,1,51,1,1,1,0
2026-08-05T02:04:14.524934+00:00,a55a25821000146b03d30026000300500027002400000cc300000001000100340001000100010000,5227,979,38,3,80,39,36,0,3267,0,1,1,52,1,1,1,0
2026-08-05T02:04:15.026792+00:00,a55a25821000146b03da0027000300500027002400000cc300000001000100350001000100010000,5227,986,39,3,80,39,36,0,3267,0,1,1,53,1,1,1,0
2026-08-05T02:04:15.629140+00:00,a55a25821000146b03cf0028000300500027002400000cc300000001000100330001000100010000,5227,975,40,3,80,39,36,0,3267,0,1,1,51,1,1,1,0
2026-08-05T02:04:16.231279+00:00,a55a25821000146c03cf0029000300500027002400000cc400000001000100340001000100010000,5228,975,41,3,80,39,36,0,3268,0,1,1,52,1,1,1,0
2026-08-05T02:04:16.733197+00:00,a55a25821000146c03cf001f000300500027002400000cc400000001000100350001000100010000,5228,975,31,3,80,39,36,0,3268,0,1,1,53,1,1,1,0
2026-08-05T02:04:17.323462+00:00,a55a25821000146c03cf0020000300500027002400000cc400000001000100330001000100010000,5228,975,32,3,80,39,36,0,3268,0,1,1,51,1,1,1,0
2026-08-05T02:04:17.925419+00:00,a55a25821000146c03cf0021000300500027002400000cc400000001000100340001000100010000,5228,975,33,3,80,39,36,0,3268,0,1,1,52,1,1,1,0
2026-08-05T02:04:18.427462+00:00,a55a25821000146d03cf0022000300500027002400000cc500000001000100350001000100010000,5229,975,34,3,80,39,36,0,3269,0,1,1,53,1,1,1,0
2026-08-05T02:04:19.029599+00:00,a55a25821000146d03d60023000300500027002400000cc500000001000100330001000100010000,5229,982,35,3,80,39,36,0,3269,0,1,1,51,1,1,1,0
2026-08-05T02:04:19.631668+00:00,a55a25821000146e03d60024000300500027002400000cc500000001000100340001000100010000,5230,982,36,3,80,39,36,0,3269,0,1,1,52,1,1,1,0
2026-08-05T02:04:20.133522+00:00,a55a25821000146e03d30025000300500027002400000cc500000001000100350001000100010000,5230,979,37,3,80,39,36,0,3269,0,1,1,53,1,1,1,0
2026-08-05T02:04:20.735694+00:00,a55a25821000146e03d30026000300500027002400000cc500000001000100330001000100010000,5230,979,38,3,80,39,36,0,3269,0,1,1,51,1,1,1,0
2026-08-05T02:04:21.337711+00:00,a55a25821000146f03d300270003004f0027002400000cc600000001000100340001000100010000,5231,979,39,3,79,39,36,0,3270,0,1,1,52,1,1,1,0
2026-08-05T02:04:21.839482+00:00,a55a25821000146f03d600280003004f0027002400000cc500000001000100350001000100010000,5231,982,40,3,79,39,36,0,3269,0,1,1,53,1,1,1,0
2026-08-05T02:04:23.043885+00:00,a55a25821000147003d6001f0003004f0027002400000cc600000001000100340001000100010000,5232,982,31,3,79,39,36,0,3270,0,1,1,52,1,1,1,0
2026-08-05T02:04:23.545634+00:00,a55a25821000147003cf00200003004f0027002400000cc600000001000100350001000100010000,5232,975,32,3,79,39,36,0,3270,0,1,1,53,1,1,1,0
2026-08-05T02:04:24.147846+00:00,a55a25821000147103d300210003004f0027002400000cc700000001000100330001000100010000,5233,979,33,3,79,39,36,0,3271,0,1,1,51,1,1,1,0
2026-08-05T02:04:24.750122+00:00,a55a25821000147103d300220003004f0027002400000cc700000001000100340001000100010000,5233,979,34,3,79,39,36,0,3271,0,1,1,52,1,1,1,0
2026-08-05T02:04:25.252032+00:00,a55a25821000147103d300230003004f0027002400000cc700000001000100350001000100010000,5233,979,35,3,79,39,36,0,3271,0,1,1,53,1,1,1,0
2026-08-05T02:04:25.854208+00:00,a55a25821000147103cf00240003004f0027002400000cc700000001000100330001000100010000,5233,975,36,3,79,39,36,0,3271,0,1,1,51,1,1,1,0
2026-08-05T02:04:26.456402+00:00,a55a25821000147103cf0025000300510027002400000cc700000001000100340001000100010000,5233,975,37,3,81,39,36,0,3271,0,1,1,52,1,1,1,0
2026-08-05T02:04:26.958355+00:00,a55a25821000147203d30026000300510027002400000cc700000001000100350001000100010000,5234,979,38,3,81,39,36,0,3271,0,1,1,53,1,1,1,0
2026-08-05T02:04:27.543358+00:00,a55a25821000147203cc0027000300510027002400000cc800000001000100330001000100010000,5234,972,39,3,81,39,36,0,3272,0,1,1,51,1,1,1,0
2026-08-05T02:04:28.145370+00:00,a55a25821000147303cc0028000300510027002400000cc800000001000100340001000100010000,5235,972,40,3,81,39,36,0,3272,0,1,1,52,1,1,1,0
2026-08-05T02:04:28.647446+00:00,a55a25821000147303d30029000300510027002400000cc800000001000100350001000100010000,5235,979,41,3,81,39,36,0,3272,0,1,1,53,1,1,1,0
2026-08-05T02:04:29.249602+00:00,a55a25821000147403cf001f000300510027002400000cc800000001000100330001000100010000,5236,975,31,3,81,39,36,0,3272,0,1,1,51,1,1,1,0
2026-08-05T02:04:29.851849+00:00,a55a25821000147403cf0020000300510027002400000cc900000001000100340001000100010000,5236,975,32,3,81,39,36,0,3273,0,1,1,52,1,1,1,0
2026-08-05T02:04:30.454139+00:00,a55a25821000147403da0021000300510027002400000cc900000001000100350001000100010000,5236,986,33,3,81,39,36,0,3273,0,1,1,53,1,1,1,0
2026-08-05T02:04:30.956172+00:00,a55a25821000147503cf0022000300510027002400000cc900000001000100330001000100010000,5237,975,34,3,81,39,36,0,3273,0,1,1,51,1,1,1,0
2026-08-05T02:04:31.558354+00:00,a55a25821000147403cf0023000300500027002400000cc900000001000100340001000100010000,5236,975,35,3,80,39,36,0,3273,0,1,1,52,1,1,1,0
2026-08-05T02:04:32.160539+00:00,a55a25821000147503d60024000300500027002400000cc900000001000100350001000100010000,5237,982,36,3,80,39,36,0,3273,0,1,1,53,1,1,1,0
2026-08-05T02:04:32.662429+00:00,a55a25821000147503d60025000300500027002400000cca00000001000100330001000100010000,5237,982,37,3,80,39,36,0,3274,0,1,1,51,1,1,1,0
2026-08-05T02:04:33.264595+00:00,a55a25821000147503d30026000300500027002400000cca00000001000100340001000100010000,5237,979,38,3,80,39,36,0,3274,0,1,1,52,1,1,1,0
2026-08-05T02:04:33.766566+00:00,a55a25821000147603cf0027000300500027002400000cca00000001000100350001000100010000,5238,975,39,3,80,39,36,0,3274,0,1,1,53,1,1,1,0
2026-08-05T02:04:34.368889+00:00,a55a25821000147703cf0028000300500027002400000cca00000001000100330001000100010000,5239,975,40,3,80,39,36,0,3274,0,1,1,51,1,1,1,0
2026-08-05T02:04:34.971150+00:00,a55a25821000147603d30029000300500027002400000cca00000001000100340001000100010000,5238,979,41,3,80,39,36,0,3274,0,1,1,52,1,1,1,0
2026-08-05T02:04:35.473146+00:00,a55a25821000147703cf001f000300500027002400000ccb00000001000100350001000100010000,5239,975,31,3,80,39,36,0,3275,0,1,1,53,1,1,1,0
2026-08-05T02:04:36.075263+00:00,a55a25821000147703cf0020000300500027002400000ccb00000001000100330001000100010000,5239,975,32,3,80,39,36,0,3275,0,1,1,51,1,1,1,0
2026-08-05T02:04:36.677604+00:00,a55a25821000147803d30021000300500027002400000ccb00000001000100340001000100010000,5240,979,33,3,80,39,36,0,3275,0,1,1,52,1,1,1,0
2026-08-05T02:04:37.266671+00:00,a55a25821000147803d600220003004f0027002400000ccb00000001000100350001000100010000,5240,982,34,3,79,39,36,0,3275,0,1,1,53,1,1,1,0
2026-08-05T02:04:37.768605+00:00,a55a25821000147803d600230003004f0027002400000ccb00000001000100330001000100010000,5240,982,35,3,79,39,36,0,3275,0,1,1,51,1,1,1,0
2026-08-05T02:04:38.370803+00:00,a55a25821000147803cc00240003004f0027002400000ccb00000001000100340001000100010000,5240,972,36,3,79,39,36,0,3275,0,1,1,52,1,1,1,0
2026-08-05T02:04:38.973042+00:00,a55a25821000147903d300250003004f0027002400000ccc00000001000100350001000100010000,5241,979,37,3,79,39,36,0,3276,0,1,1,53,1,1,1,0
2026-08-05T02:04:39.475001+00:00,a55a25821000147903d300260003004f0027002400000ccc00000001000100330001000100010000,5241,979,38,3,79,39,36,0,3276,0,1,1,51,1,1,1,0
2026-08-05T02:04:40.077153+00:00,a55a25821000147a03cf00270003004f0027002400000ccc00000001000100340001000100010000,5242,975,39,3,79,39,36,0,3276,0,1,1,52,1,1,1,0
2026-08-05T02:04:40.679553+00:00,a55a25821000147a03cf00280003004f0027002400000ccc00000001000100350001000100010000,5242,975,40,3,79,39,36,0,3276,0,1,1,53,1,1,1,0
2026-08-05T02:04:41.181510+00:00,a55a25821000147a03cf00290003004f0027002400000ccd00000001000100330001000100010000,5242,975,41,3,79,39,36,0,3277,0,1,1,51,1,1,1,0
2026-08-05T02:04:41.783727+00:00,a55a25821000147a03d3001f0003004f0027002400000ccc00000001000100340001000100010000,5242,979,31,3,79,39,36,0,3276,0,1,1,52,1,1,1,0
2026-08-05T02:04:42.385917+00:00,a55a25821000147a03cf00200003004f0027002400000ccd00000001000100350001000100010000,5242,975,32,3,79,39,36,0,3277,0,1,1,53,1,1,1,0
2026-08-05T02:04:42.887917+00:00,a55a25821000147b03cf00210003004f0027002400000ccd00000001000100330001000100010000,5243,975,33,3,79,39,36,0,3277,0,1,1,51,1,1,1,0
2026-08-05T02:04:43.490152+00:00,a55a25821000147b03d300220003004f0027002400000ccd00000001000100340001000100010000,5243,979,34,3,79,39,36,0,3277,0,1,1,52,1,1,1,0
2026-08-05T02:04:44.092213+00:00,a55a25821000147c03cc00230003004f0027002400000cce00000001000100350001000100010000,5244,972,35,3,79,39,36,0,3278,0,1,1,53,1,1,1,0
2026-08-05T02:04:44.594173+00:00,a55a25821000147b03cc00240003004f0027002400000ccd00000001000100330001000100010000,5243,972,36,3,79,39,36,0,3277,0,1,1,51,1,1,1,0
2026-08-05T02:04:45.196602+00:00,a55a25821000147c03cf00250003004f0027002400000cce00000001000100340001000100010000,5244,975,37,3,79,39,36,0,3278,0,1,1,52,1,1,1,0
2026-08-05T02:04:45.798846+00:00,a55a25821000147d03d600260003004f0027002400000ccf00000001000100350001000100010000,5245,982,38,3,79,39,36,0,3279,0,1,1,53,1,1,1,0
2026-08-05T02:04:46.300607+00:00,a55a25821000147d03d600270003004f0027002400000cce00000001000100330001000100010000,5245,982,39,3,79,39,36,0,3278,0,1,1,51,1,1,1,0
2026-08-05T02:04:46.903056+00:00,a55a25821000147e03d600280003004f0027002400000ccf00000001000100340001000100010000,5246,982,40,3,79,39,36,0,3279,0,1,1,52,1,1,1,0
2026-08-05T02:04:47.488975+00:00,a55a25821000147e03cf00290003004f0027002400000ccf00000001000100350001000100010000,5246,975,41,3,79,39,36,0,3279,0,1,1,53,1,1,1,0
2026-08-05T02:04:47.990920+00:00,a55a25821000147d03cf001f0003004f0027002400000ccf00000001000100330001000100010000,5245,975,31,3,79,39,36,0,3279,0,1,1,51,1,1,1,0
2026-08-05T02:04:48.593198+00:00,a55a25821000147e03d300200003004f0027002400000ccf00000001000100340001000100010000,5246,979,32,3,79,39,36,0,3279,0,1,1,52,1,1,1,0
2026-08-05T02:04:49.195587+00:00,a55a25821000147e03cf00210003004f0027002400000ccf00000001000100350001000100010000,5246,975,33,3,79,39,36,0,3279,0,1,1,53,1,1,1,0
2026-08-05T02:04:49.697514+00:00,a55a25821000147f03cf00220003004f0027002400000ccf00000001000100330001000100010000,5247,975,34,3,79,39,36,0,3279,0,1,1,51,1,1,1,0
2026-08-05T02:04:50.299811+00:00,a55a25821000147f03cf00230003004f0027002400000cd000000001000100340001000100010000,5247,975,35,3,79,39,36,0,3280,0,1,1,52,1,1,1,0
2026-08-05T02:04:50.901967+00:00,a55a25821000147f03cf00240003004f0027002400000cd000000001000100350001000100010000,5247,975,36,3,79,39,36,0,3280,0,1,1,53,1,1,1,0
2026-08-05T02:04:51.403928+00:00,a55a25821000148003cf00250003004f0027002400000cd000000001000100330001000100010000,5248,975,37,3,79,39,36,0,3280,0,1,1,51,1,1,1,0
2026-08-05T02:04:52.006105+00:00,a55a25821000148003cf00260003004f0027002400000cd000000001000100340001000100010000,5248,975,38,3,79,39,36,0,3280,0,1,1,52,1,1,1,0
2026-08-05T02:04:52.608372+00:00,a55a25821000148003cf00270003004f0027002400000cd000000001000100350001000100010000,5248,975,39,3,79,39,36,0,3280,0,1,1,53,1,1,1,0
2026-08-05T02:04:53.110345+00:00,a55a25821000148003cf00280003004f0027002400000cd000000001000100330001000100010000,5248,975,40,3,79,39,36,0,3280,0,1,1,51,1,1,1,0
2026-08-05T02:04:53.712415+00:00,a55a25821000148103d300290003004f0027002400000cd100000001000100340001000100010000,5249,979,41,3,79,39,36,0,3281,0,1,1,52,1,1,1,0
2026-08-05T02:04:54.314545+00:00,a55a25821000148103cf001f0003004f0027002400000cd100000001000100350001000100010000,5249,975,31,3,79,39,36,0,3281,0,1,1,53,1,1,1,0
2026-08-05T02:04:54.816542+00:00,a55a25821000148103cf00200003004f0027002400000cd100000001000100330001000100010000,5249,975,32,3,79,39,36,0,3281,0,1,1,51,1,1,1,0
2026-08-05T02:04:55.418892+00:00,a55a25821000148203d600210003004f0027002400000cd200000001000100340001000100010000,5250,982,33,3,79,39,36,0,3282,0,1,1,52,1,1,1,0
2026-08-05T02:04:56.021063+00:00,a55a25821000148203d600220003004f0027002400000cd100000001000100350001000100010000,5250,982,34,3,79,39,36,0,3281,0,1,1,53,1,1,1,0
2026-08-05T02:04:56.522925+00:00,a55a25821000148203c800230003004f0027002400000cd200000001000100330001000100010000,5250,968,35,3,79,39,36,0,3282,0,1,1,51,1,1,1,0
2026-08-05T02:04:57.208631+00:00,a55a25821000148203d300240003004f0027002400000cd200000001000100340001000100010000,5250,979,36,3,79,39,36,0,3282,0,1,1,52,1,1,1,0
2026-08-05T02:04:57.710467+00:00,a55a25821000148303d300250003004f0027002400000cd200000001000100350001000100010000,5251,979,37,3,79,39,36,0,3282,0,1,1,53,1,1,1,0
2026-08-05T02:04:58.212272+00:00,a55a25821000148303c800260003004e0027002400000cd200000001000100330001000100010000,5251,968,38,3,78,39,36,0,3282,0,1,1,51,1,1,1,0
2026-08-05T02:04:58.814490+00:00,a55a25821000148403cc00270003004e0027002400000cd300000001000100340001000100010000,5252,972,39,3,78,39,36,0,3283,0,1,1,52,1,1,1,0
2026-08-05T02:04:59.417243+00:00,a55a25821000148403cc00280003004e0027002400000cd300000001000100350001000100010000,5252,972,40,3,78,39,36,0,3283,0,1,1,53,1,1,1,0
2026-08-05T02:04:59.919029+00:00,a55a25821000148403cf00290003004e0027002400000cd300000001000100330001000100010000,5252,975,41,3,78,39,36,0,3283,0,1,1,51,1,1,1,0
2026-08-05T02:05:00.521034+00:00,a55a25821000148403cf001f0003004e0027002400000cd300000001000100340001000100010000,5252,975,31,3,78,39,36,0,3283,0,1,1,52,1,1,1,0
2026-08-05T02:05:01.123361+00:00,a55a25821000148403cf00200003004e0027002400000cd300000001000100350001000100010000,5252,975,32,3,78,39,36,0,3283,0,1,1,53,1,1,1,0
2026-08-05T02:05:01.725526+00:00,a55a25821000148503cf00210003004e0027002400000cd300000001000100330001000100010000,5253,975,33,3,78,39,36,0,3283,0,1,1,51,1,1,1,0
2026-08-05T02:05:02.227364+00:00,a55a25821000148503d300220003004e0027002400000cd400000001000100340001000100010000,5253,979,34,3,78,39,36,0,3284,0,1,1,52,1,1,1,0
2026-08-05T02:05:02.829581+00:00,a55a25821000148503d300230003004e0027002400000cd300000001000100350001000100010000,5253,979,35,3,78,39,36,0,3283,0,1,1,53,1,1,1,0
2026-08-05T02:05:03.431834+00:00,a55a25821000148603d300240003004e0027002400000cd400000001000100330001000100010000,5254,979,36,3,78,39,36,0,3284,0,1,1,51,1,1,1,0
2026-08-05T02:05:03.933766+00:00,a55a25821000148603cf00250003004e0027002400000cd400000001000100340001000100010000,5254,975,37,3,78,39,36,0,3284,0,1,1,52,1,1,1,0
2026-08-05T02:05:04.535813+00:00,a55a25821000148603cf00260003004e0027002400000cd400000001000100350001000100010000,5254,975,38,3,78,39,36,0,3284,0,1,1,53,1,1,1,0
2026-08-05T02:05:05.037923+00:00,a55a25821000148603d300270003004e0027002400000cd400000001000100330001000100010000,5254,979,39,3,78,39,36,0,3284,0,1,1,51,1,1,1,0
2026-08-05T02:05:05.640086+00:00,a55a25821000148703d300280003004e0027002400000cd500000001000100340001000100010000,5255,979,40,3,78,39,36,0,3285,0,1,1,52,1,1,1,0
2026-08-05T02:05:06.242209+00:00,a55a25821000148703d300290003004e0027002400000cd400000001000100350001000100010000,5255,979,41,3,78,39,36,0,3284,0,1,1,53,1,1,1,0
2026-08-05T02:05:06.743959+00:00,a55a25821000148803cc001f0003004e0027002400000cd500000001000100330001000100010000,5256,972,31,3,78,39,36,0,3285,0,1,1,51,1,1,1,0
2026-08-05T02:05:07.329658+00:00,a55a25821000148803d300200003004e0027002400000cd500000001000100340001000100010000,5256,979,32,3,78,39,36,0,3285,0,1,1,52,1,1,1,0
2026-08-05T02:05:07.932076+00:00,a55a25821000148803d300210003004e0027002400000cd500000001000100350001000100010000,5256,979,33,3,78,39,36,0,3285,0,1,1,53,1,1,1,0
2026-08-05T02:05:08.534287+00:00,a55a25821000148803d300220003004e0027002400000cd600000001000100330001000100010000,5256,979,34,3,78,39,36,0,3286,0,1,1,51,1,1,1,0
2026-08-05T02:05:09.036162+00:00,a55a25821000148903cf00230003004e0027002400000cd600000001000100340001000100010000,5257,975,35,3,78,39,36,0,3286,0,1,1,52,1,1,1,0
2026-08-05T02:05:09.638363+00:00,a55a25821000148903cf00240003004e0027002400000cd600000001000100350001000100010000,5257,975,36,3,78,39,36,0,3286,0,1,1,53,1,1,1,0
2026-08-05T02:05:10.240454+00:00,a55a25821000148903cf00250003004e0027002400000cd600000001000100330001000100010000,5257,975,37,3,78,39,36,0,3286,0,1,1,51,1,1,1,0
2026-08-05T02:05:10.742405+00:00,a55a25821000148903cc00260003004e0027002400000cd600000001000100340001000100010000,5257,972,38,3,78,39,36,0,3286,0,1,1,52,1,1,1,0
2026-08-05T02:05:11.344726+00:00,a55a25821000148a03cc00270003004e0027002400000cd600000001000100350001000100010000,5258,972,39,3,78,39,36,0,3286,0,1,1,53,1,1,1,0
2026-08-05T02:05:11.946929+00:00,a55a25821000148a03cf00280003004e0027002400000cd700000001000100330001000100010000,5258,975,40,3,78,39,36,0,3287,0,1,1,51,1,1,1,0
2026-08-05T02:05:12.448946+00:00,a55a25821000148a03cf00290003004e0027002400000cd700000001000100340001000100010000,5258,975,41,3,78,39,36,0,3287,0,1,1,52,1,1,1,0
2026-08-05T02:05:13.051276+00:00,a55a25821000148a03cf001f0003004e0027002400000cd700000001000100350001000100010000,5258,975,31,3,78,39,36,0,3287,0,1,1,53,1,1,1,0
2026-08-05T02:05:13.653376+00:00,a55a25821000148b03cc00200003004e0027002400000cd700000001000100330001000100010000,5259,972,32,3,78,39,36,0,3287,0,1,1,51,1,1,1,0
2026-08-05T02:05:14.155212+00:00,a55a25821000148b03cf00210003004d0027002400000cd700000001000100340001000100010000,5259,975,33,3,77,39,36,0,3287,0,1,1,52,1,1,1,0
2026-08-05T02:05:14.757393+00:00,a55a25821000148c03cf00220003004d0027002400000cd800000001000100350001000100010000,5260,975,34,3,77,39,36,0,3288,0,1,1,53,1,1,1,0
2026-08-05T02:05:15.359733+00:00,a55a25821000148b03cf00230003004d0027002400000cd700000001000100330001000100010000,5259,975,35,3,77,39,36,0,3287,0,1,1,51,1,1,1,0
2026-08-05T02:05:15.861672+00:00,a55a25821000148c03cc00240003004d0027002400000cd800000001000100340001000100010000,5260,972,36,3,77,39,36,0,3288,0,1,1,52,1,1,1,0
2026-08-05T02:05:16.463831+00:00,a55a25821000148c03cc00250003004d0027002400000cd800000001000100350001000100010000,5260,972,37,3,77,39,36,0,3288,0,1,1,53,1,1,1,0
2026-08-05T02:05:17.066040+00:00,a55a25821000148c03cc00260003004d0027002400000cd800000001000100330001000100010000,5260,972,38,3,77,39,36,0,3288,0,1,1,51,1,1,1,0
2026-08-05T02:05:17.552601+00:00,a55a25821000148c03cc00270003004d0027002400000cd800000001000100340001000100010000,5260,972,39,3,77,39,36,0,3288,0,1,1,52,1,1,1,0
2026-08-05T02:05:18.154806+00:00,a55a25821000148c03cc00280003004d0027002400000cd800000001000100350001000100010000,5260,972,40,3,77,39,36,0,3288,0,1,1,53,1,1,1,0
2026-08-05T02:05:18.756939+00:00,a55a25821000148e03cc00290003004d0027002400000cd900000001000100330001000100010000,5262,972,41,3,77,39,36,0,3289,0,1,1,51,1,1,1,0
2026-08-05T02:05:19.258920+00:00,a55a25821000148d03cf001f0003004d0027002400000cd900000001000100340001000100010000,5261,975,31,3,77,39,36,0,3289,0,1,1,52,1,1,1,0
2026-08-05T02:05:19.861181+00:00,a55a25821000148d03cf00200003004d0027002400000cd900000001000100350001000100010000,5261,975,32,3,77,39,36,0,3289,0,1,1,53,1,1,1,0
2026-08-05T02:05:20.463420+00:00,a55a25821000148e03cf00210003004d0027002400000cd900000001000100330001000100010000,5262,975,33,3,77,39,36,0,3289,0,1,1,51,1,1,1,0
2026-08-05T02:05:20.965340+00:00,a55a25821000148e03cc00220003004d0027002400000cd900000001000100340001000100010000,5262,972,34,3,77,39,36,0,3289,0,1,1,52,1,1,1,0
2026-08-05T02:05:21.567681+00:00,a55a25821000148f03cc00230003004d0027002400000cda00000001000100350001000100010000,5263,972,35,3,77,39,36,0,3290,0,1,1,53,1,1,1,0
2026-08-05T02:05:22.169915+00:00,a55a25821000148f03c800240003004d0027002400000cda00000001000100330001000100010000,5263,968,36,3,77,39,36,0,3290,0,1,1,51,1,1,1,0
2026-08-05T02:05:22.671805+00:00,a55a25821000148f03cf00250003004d0027002400000cda00000001000100340001000100010000,5263,975,37,3,77,39,36,0,3290,0,1,1,52,1,1,1,0
2026-08-05T02:05:23.274204+00:00,a55a25821000148f03cf00260003004d0027002400000cda00000001000100350001000100010000,5263,975,38,3,77,39,36,0,3290,0,1,1,53,1,1,1,0
2026-08-05T02:05:23.876295+00:00,a55a25821000149003cc00270003004d0027002400000cda00000001000100330001000100010000,5264,972,39,3,77,39,36,0,3290,0,1,1,51,1,1,1,0
2026-08-05T02:05:24.378053+00:00,a55a25821000149003cc00280003004d0027002400000cda00000001000100340001000100010000,5264,972,40,3,77,39,36,0,3290,0,1,1,52,1,1,1,0
2026-08-05T02:05:24.980269+00:00,a55a25821000149003cc00290003004f0027002400000cda00000001000100350001000100010000,5264,972,41,3,79,39,36,0,3290,0,1,1,53,1,1,1,0
2026-08-05T02:05:25.582550+00:00,a55a25821000149003cf001f0003004f0027002400000cda00000001000100330001000100010000,5264,975,31,3,79,39,36,0,3290,0,1,1,51,1,1,1,0
2026-08-05T02:05:26.084420+00:00,a55a25821000149003cf00200003004f0027002400000cdb00000001000100340001000100010000,5264,975,32,3,79,39,36,0,3291,0,1,1,52,1,1,1,0
2026-08-05T02:05:26.686555+00:00,a55a25821000149103d300210003004f0027002400000cdb00000001000100350001000100010000,5265,979,33,3,79,39,36,0,3291,0,1,1,53,1,1,1,0
2026-08-05T02:05:27.271867+00:00,a55a25821000149103cc00220003004f0028002400000cdb00000001000100330001000100010000,5265,972,34,3,79,40,36,0,3291,0,1,1,51,1,1,1,0
2026-08-05T02:05:27.874071+00:00,a55a25821000149203cc00230003004f0028002400000cdc00000001000100340001000100010000,5266,972,35,3,79,40,36,0,3292,0,1,1,52,1,1,1,0
2026-08-05T02:05:28.375784+00:00,a55a25821000149203cf00240003004f0028002400000cdb00000001000100350001000100010000,5266,975,36,3,79,40,36,0,3291,0,1,1,53,1,1,1,0
2026-08-05T02:05:28.978003+00:00,a55a25821000149203cc00250003004f0028002400000cdb00000001000100330001000100010000,5266,972,37,3,79,40,36,0,3291,0,1,1,51,1,1,1,0
2026-08-05T02:05:29.580579+00:00,a55a25821000149203cc00260003004f0028002400000cdb00000001000100340001000100010000,5266,972,38,3,79,40,36,0,3291,0,1,1,52,1,1,1,0
2026-08-05T02:05:30.082579+00:00,a55a25821000149303cc00270003004d0028002400000cdc00000001000100350001000100010000,5267,972,39,3,77,40,36,0,3292,0,1,1,53,1,1,1,0
2026-08-05T02:05:30.684913+00:00,a55a25821000149303cc00280003004d0028002400000cdc00000001000100330001000100010000,5267,972,40,3,77,40,36,0,3292,0,1,1,51,1,1,1,0
2026-08-05T02:05:31.287242+00:00,a55a25821000149303cc00290003004d0028002400000cdc00000001000100340001000100010000,5267,972,41,3,77,40,36,0,3292,0,1,1,52,1,1,1,0
2026-08-05T02:05:31.789061+00:00,a55a25821000149403cf001f0003004d0028002400000cdd00000001000100350001000100010000,5268,975,31,3,77,40,36,0,3293,0,1,1,53,1,1,1,0
2026-08-05T02:05:32.391388+00:00,a55a25821000149303cf00200003004d0028002400000cdc00000001000100330001000100010000,5267,975,32,3,77,40,36,0,3292,0,1,1,51,1,1,1,0
2026-08-05T02:05:32.993680+00:00,a55a25821000149403cf00210003004d0028002400000cdd00000001000100340001000100010000,5268,975,33,3,77,40,36,0,3293,0,1,1,52,1,1,1,0
2026-08-05T02:05:33.495582+00:00,a55a25821000149403c800220003004d0028002400000cdd00000001000100350001000100010000,5268,968,34,3,77,40,36,0,3293,0,1,1,53,1,1,1,0
2026-08-05T02:05:34.097672+00:00,a55a25821000149403cf00230003004d0028002400000cdd00000001000100330001000100010000,5268,975,35,3,77,40,36,0,3293,0,1,1,51,1,1,1,0
2026-08-05T02:05:34.699800+00:00,a55a25821000149403cf00240003004d0028002400000cdd00000001000100340001000100010000,5268,975,36,3,77,40,36,0,3293,0,1,1,52,1,1,1,0
2026-08-05T02:05:35.201718+00:00,a55a25821000149503cf00250003004d0028002400000cdd00000001000100350001000100010000,5269,975,37,3,77,40,36,0,3293,0,1,1,53,1,1,1,0
2026-08-05T02:05:35.804089+00:00,a55a25821000149503cc00260003004d0028002400000cde00000001000100330001000100010000,5269,972,38,3,77,40,36,0,3294,0,1,1,51,1,1,1,0
2026-08-05T02:05:36.406378+00:00,a55a25821000149503cc00270003004d0028002400000cde00000001000100340001000100010000,5269,972,39,3,77,40,36,0,3294,0,1,1,52,1,1,1,0
2026-08-05T02:05:36.908269+00:00,a55a25821000149503c800280003004d0028002400000cdd00000001000100350001000100010000,5269,968,40,3,77,40,36,0,3293,0,1,1,53,1,1,1,0
2026-08-05T02:05:37.494715+00:00,a55a25821000149503d600290003004d0028002400000cdd00000001000100330001000100010000,5269,982,41,3,77,40,36,0,3293,0,1,1,51,1,1,1,0
2026-08-05T02:05:38.096701+00:00,a55a25821000149603d6001f0003004d0028002400000cde00000001000100340001000100010000,5270,982,31,3,77,40,36,0,3294,0,1,1,52,1,1,1,0
2026-08-05T02:05:38.598634+00:00,a55a25821000149603c800200004004d0028002400000cde00000001000100350001000100010000,5270,968,32,4,77,40,36,0,3294,0,1,1,53,1,1,1,0
2026-08-05T02:05:39.200782+00:00,a55a25821000149703cc00210004004d0028002400000cdf00000001000100330001000100010000,5271,972,33,4,77,40,36,0,3295,0,1,1,51,1,1,1,0
2026-08-05T02:05:39.803106+00:00,a55a25821000149703cc00220004004d0028002400000cde00000001000100340001000100010000,5271,972,34,4,77,40,36,0,3294,0,1,1,52,1,1,1,0
2026-08-05T02:05:40.305068+00:00,a55a25821000149703cf00230004004d0028002400000cdf00000001000100350001000100010000,5271,975,35,4,77,40,36,0,3295,0,1,1,53,1,1,1,0
2026-08-05T02:05:40.907305+00:00,a55a25821000149703c800240004004d0028002400000cdf00000001000100330001000100010000,5271,968,36,4,77,40,36,0,3295,0,1,1,51,1,1,1,0
2026-08-05T02:05:41.509628+00:00,a55a25821000149803c800250004004d0028002400000cdf00000001000100340001000100010000,5272,968,37,4,77,40,36,0,3295,0,1,1,52,1,1,1,0
2026-08-05T02:05:42.011376+00:00,a55a25821000149803cc00260004004d0028002400000cdf00000001000100350001000100010000,5272,972,38,4,77,40,36,0,3295,0,1,1,53,1,1,1,0
2026-08-05T02:05:42.613569+00:00,a55a25821000149803cf00270004004d0028002400000cdf00000001000100330001000100010000,5272,975,39,4,77,40,36,0,3295,0,1,1,51,1,1,1,0
2026-08-05T02:05:43.215733+00:00,a55a25821000149803cf00280004004d0028002400000cdf00000001000100340001000100010000,5272,975,40,4,77,40,36,0,3295,0,1,1,52,1,1,1,0
2026-08-05T02:05:43.717686+00:00,a55a25821000149903cf00290004004d0028002400000ce000000001000100350001000100010000,5273,975,41,4,77,40,36,0,3296,0,1,1,53,1,1,1,0
2026-08-05T02:05:44.319872+00:00,a55a25821000149903cf001f0004004d0028002400000ce000000001000100330001000100010000,5273,975,31,4,77,40,36,0,3296,0,1,1,51,1,1,1,0
2026-08-05T02:05:44.921923+00:00,a55a25821000149903cf00200004004d0028002400000ce000000001000100340001000100010000,5273,975,32,4,77,40,36,0,3296,0,1,1,52,1,1,1,0
2026-08-05T02:05:45.423975+00:00,a55a25821000149903cc00210004004d0028002400000ce000000001000100350001000100010000,5273,972,33,4,77,40,36,0,3296,0,1,1,53,1,1,1,0
2026-08-05T02:05:46.026064+00:00,a55a25821000149903cc00220004004d0028002400000ce000000001000100330001000100010000,5273,972,34,4,77,40,36,0,3296,0,1,1,51,1,1,1,0
2026-08-05T02:05:46.628189+00:00,a55a25821000149a03cc00230004004d0028002400000ce000000001000100340001000100010000,5274,972,35,4,77,40,36,0,3296,0,1,1,52,1,1,1,0
2026-08-05T02:05:47.130219+00:00,a55a25821000149a03cc00240004004d0028002400000ce100000001000100350001000100010000,5274,972,36,4,77,40,36,0,3297,0,1,1,53,1,1,1,0
2026-08-05T02:05:47.716847+00:00,a55a25821000149a03cf00250004004d0028002400000ce100000001000100330001000100010000,5274,975,37,4,77,40,36,0,3297,0,1,1,51,1,1,1,0
2026-08-05T02:05:48.319015+00:00,a55a25821000149a03cf00260004004d0028002400000ce100000001000100340001000100010000,5274,975,38,4,77,40,36,0,3297,0,1,1,52,1,1,1,0
2026-08-05T02:05:48.820918+00:00,a55a25821000149a03cc00270004004d0028002400000ce100000001000100350001000100010000,5274,972,39,4,77,40,36,0,3297,0,1,1,53,1,1,1,0
2026-08-05T02:05:49.423091+00:00,a55a25821000149b03cf00280004004d0028002400000ce100000001000100330001000100010000,5275,975,40,4,77,40,36,0,3297,0,1,1,51,1,1,1,0
2026-08-05T02:05:50.025456+00:00,a55a25821000149b03cf00290004004d0028002400000ce100000001000100340001000100010000,5275,975,41,4,77,40,36,0,3297,0,1,1,52,1,1,1,0
2026-08-05T02:05:50.527346+00:00,a55a25821000149b03cc001f0004004d0028002400000ce100000001000100350001000100010000,5275,972,31,4,77,40,36,0,3297,0,1,1,53,1,1,1,0
2026-08-05T02:05:51.129512+00:00,a55a25821000149c03c800200004004a0028002400000ce200000001000100330001000100010000,5276,968,32,4,74,40,36,0,3298,0,1,1,51,1,1,1,0
2026-08-05T02:05:51.731980+00:00,a55a25821000149b03c800210004004a0028002400000ce100000001000100340001000100010000,5275,968,33,4,74,40,36,0,3297,0,1,1,52,1,1,1,0
2026-08-05T02:05:52.233835+00:00,a55a25821000149c03cc00220004004a0028002400000ce200000001000100350001000100010000,5276,972,34,4,74,40,36,0,3298,0,1,1,53,1,1,1,0
2026-08-05T02:05:52.835915+00:00,a55a25821000149c03cc00230004004a0028002400000ce200000001000100330001000100010000,5276,972,35,4,74,40,36,0,3298,0,1,1,51,1,1,1,0
2026-08-05T02:05:53.437984+00:00,a55a25821000149d03c800240004004a0028002400000ce200000001000100340001000100010000,5277,968,36,4,74,40,36,0,3298,0,1,1,52,1,1,1,0
2026-08-05T02:05:53.939927+00:00,a55a25821000149d03cf00250004004a0028002400000ce200000001000100350001000100010000,5277,975,37,4,74,40,36,0,3298,0,1,1,53,1,1,1,0
2026-08-05T02:05:54.542178+00:00,a55a25821000149d03cf00260004004a0028002400000ce300000001000100330001000100010000,5277,975,38,4,74,40,36,0,3299,0,1,1,51,1,1,1,0
2026-08-05T02:05:55.144244+00:00,a55a25821000149d03c800270004004a0028002400000ce300000001000100340001000100010000,5277,968,39,4,74,40,36,0,3299,0,1,1,52,1,1,1,0
2026-08-05T02:05:55.646199+00:00,a55a25821000149d03cc00280004004a0028002400000ce300000001000100350001000100010000,5277,972,40,4,74,40,36,0,3299,0,1,1,53,1,1,1,0
2026-08-05T02:05:56.248304+00:00,a55a25821000149e03cc00290004004a0028002400000ce300000001000100330001000100010000,5278,972,41,4,74,40,36,0,3299,0,1,1,51,1,1,1,0
2026-08-05T02:05:56.850607+00:00,a55a25821000149e03cc001f0004004a0028002400000ce300000001000100340001000100010000,5278,972,31,4,74,40,36,0,3299,0,1,1,52,1,1,1,0
2026-08-05T02:05:57.436828+00:00,a55a25821000149e03cc00200004004a0028002400000ce300000001000100350001000100010000,5278,972,32,4,74,40,36,0,3299,0,1,1,53,1,1,1,0
2026-08-05T02:05:57.938787+00:00,a55a25821000149e03cc00210004004a0028002400000ce300000001000100330001000100010000,5278,972,33,4,74,40,36,0,3299,0,1,1,51,1,1,1,0
2026-08-05T02:05:58.541019+00:00,a55a25821000149e03cc00220004004a0028002400000ce300000001000100340001000100010000,5278,972,34,4,74,40,36,0,3299,0,1,1,52,1,1,1,0
2026-08-05T02:05:59.143265+00:00,a55a2582100014a003cc00230004004a0028002400000ce400000001000100350001000100010000,5280,972,35,4,74,40,36,0,3300,0,1,1,53,1,1,1,0
2026-08-05T02:05:59.645432+00:00,a55a25821000149e03cc00240004004a0028002400000ce300000001000100330001000100010000,5278,972,36,4,74,40,36,0,3299,0,1,1,51,1,1,1,0
2026-08-05T02:06:00.247728+00:00,a55a25821000149f03cc00250004004a0028002400000ce400000001000100340001000100010000,5279,972,37,4,74,40,36,0,3300,0,1,1,52,1,1,1,0
2026-08-05T02:06:00.849995+00:00,a55a25821000149f03cc00260004004a0028002400000ce400000001000100350001000100010000,5279,972,38,4,74,40,36,0,3300,0,1,1,53,1,1,1,0
2026-08-05T02:06:01.351813+00:00,a55a2582100014a003cc00270004004a0028002400000ce400000001000100330001000100010000,5280,972,39,4,74,40,36,0,3300,0,1,1,51,1,1,1,0
2026-08-05T02:06:01.953933+00:00,a55a2582100014a003cf00280004004a0028002400000ce400000001000100340001000100010000,5280,975,40,4,74,40,36,0,3300,0,1,1,52,1,1,1,0
2026-08-05T02:06:02.556186+00:00,a55a2582100014a003cf00290004004a0028002400000ce400000001000100350001000100010000,5280,975,41,4,74,40,36,0,3300,0,1,1,53,1,1,1,0
2026-08-05T02:06:03.058079+00:00,a55a2582100014a003cf001f0004004a0028002400000ce500000001000100330001000100010000,5280,975,31,4,74,40,36,0,3301,0,1,1,51,1,1,1,0
2026-08-05T02:06:03.660380+00:00,a55a2582100014a103cc00200004004a0028002400000ce500000001000100340001000100010000,5281,972,32,4,74,40,36,0,3301,0,1,1,52,1,1,1,0
2026-08-05T02:06:04.262663+00:00,a55a2582100014a103c800210004004a0028002400000ce500000001000100350001000100010000,5281,968,33,4,74,40,36,0,3301,0,1,1,53,1,1,1,0
2026-08-05T02:06:04.764499+00:00,a55a2582100014a103c800220004004a0028002400000ce500000001000100330001000100010000,5281,968,34,4,74,40,36,0,3301,0,1,1,51,1,1,1,0
2026-08-05T02:06:05.366779+00:00,a55a2582100014a103cf00230004004a0028002400000ce500000001000100340001000100010000,5281,975,35,4,74,40,36,0,3301,0,1,1,52,1,1,1,0
2026-08-05T02:06:05.969006+00:00,a55a2582100014a103c800240004004a0028002400000ce500000001000100350001000100010000,5281,968,36,4,74,40,36,0,3301,0,1,1,53,1,1,1,0
2026-08-05T02:06:06.470931+00:00,a55a2582100014a203c800250004004a0028002400000ce500000001000100330001000100010000,5282,968,37,4,74,40,36,0,3301,0,1,1,51,1,1,1,0
2026-08-05T02:06:07.073066+00:00,a55a2582100014a103c80026000400480028002400000ce500000001000100340001000100010000,5281,968,38,4,72,40,36,0,3301,0,1,1,52,1,1,1,0
2026-08-05T02:06:07.660096+00:00,a55a2582100014a203cc0027000400480028002400000ce600000001000100350001000100010000,5282,972,39,4,72,40,36,0,3302,0,1,1,53,1,1,1,0
2026-08-05T02:06:08.162174+00:00,a55a2582100014a203cc0028000400480028002400000ce500000001000100330001000100010000,5282,972,40,4,72,40,36,0,3301,0,1,1,51,1,1,1,0
2026-08-05T02:06:08.764290+00:00,a55a2582100014a303c80029000400480028002400000ce600000001000100340001000100010000,5283,968,41,4,72,40,36,0,3302,0,1,1,52,1,1,1,0
2026-08-05T02:06:09.366331+00:00,a55a2582100014a203c8001f000400480028002400000ce600000001000100350001000100010000,5282,968,31,4,72,40,36,0,3302,0,1,1,53,1,1,1,0
2026-08-05T02:06:09.868420+00:00,a55a2582100014a303c80020000400480028002400000ce600000001000100330001000100010000,5283,968,32,4,72,40,36,0,3302,0,1,1,51,1,1,1,0
2026-08-05T02:06:10.470675+00:00,a55a2582100014a303c80021000400480028002400000ce600000001000100340001000100010000,5283,968,33,4,72,40,36,0,3302,0,1,1,52,1,1,1,0
2026-08-05T02:06:11.072927+00:00,a55a2582100014a303c80022000400480028002400000ce600000001000100350001000100010000,5283,968,34,4,72,40,36,0,3302,0,1,1,53,1,1,1,0
2026-08-05T02:06:11.574783+00:00,a55a2582100014a303c80023000400480028002400000ce600000001000100330001000100010000,5283,968,35,4,72,40,36,0,3302,0,1,1,51,1,1,1,0
2026-08-05T02:06:12.177018+00:00,a55a2582100014a303c80024000400480028002400000ce600000001000100340001000100010000,5283,968,36,4,72,40,36,0,3302,0,1,1,52,1,1,1,0
2026-08-05T02:06:12.779241+00:00,a55a2582100014a403cc0025000400460028002400000ce700000001000100350001000100010000,5284,972,37,4,70,40,36,0,3303,0,1,1,53,1,1,1,0
2026-08-05T02:06:13.281131+00:00,a55a2582100014a403cc0026000400460028002400000ce700000001000100330001000100010000,5284,972,38,4,70,40,36,0,3303,0,1,1,51,1,1,1,0
2026-08-05T02:06:13.883639+00:00,a55a2582100014a403cf0027000400460028002400000ce700000001000100340001000100010000,5284,975,39,4,70,40,36,0,3303,0,1,1,52,1,1,1,0
2026-08-05T02:06:14.485819+00:00,a55a2582100014a403c80028000400460028002400000ce700000001000100350001000100010000,5284,968,40,4,70,40,36,0,3303,0,1,1,53,1,1,1,0
2026-08-05T02:06:14.987549+00:00,a55a2582100014a503c80029000400460028002400000ce700000001000100330001000100010000,5285,968,41,4,70,40,36,0,3303,0,1,1,51,1,1,1,0
2026-08-05T02:06:15.589733+00:00,a55a2582100014a503cc001f000400460028002400000ce700000001000100340001000100010000,5285,972,31,4,70,40,36,0,3303,0,1,1,52,1,1,1,0
2026-08-05T02:06:16.191969+00:00,a55a2582100014a503c80020000400460028002400000ce700000001000100350001000100010000,5285,968,32,4,70,40,36,0,3303,0,1,1,53,1,1,1,0
2026-08-05T02:06:16.693845+00:00,a55a2582100014a503c80021000400460028002400000ce800000001000100330001000100010000,5285,968,33,4,70,40,36,0,3304,0,1,1,51,1,1,1,0
2026-08-05T02:06:17.377315+00:00,a55a2582100014a603cc0022000400460028002400000ce800000001000100340001000100010000,5286,972,34,4,70,40,36,0,3304,0,1,1,52,1,1,1,0
2026-08-05T02:06:17.879269+00:00,a55a2582100014a603cc0023000400460028002400000ce800000001000100350001000100010000,5286,972,35,4,70,40,36,0,3304,0,1,1,53,1,1,1,0
2026-08-05T02:06:18.481407+00:00,a55a2582100014a503cc0024000400460028002400000ce700000001000100330001000100010000,5285,972,36,4,70,40,36,0,3303,0,1,1,51,1,1,1,0
2026-08-05T02:06:18.983312+00:00,a55a2582100014a603cc0025000400460028002400000ce800000001000100340001000100010000,5286,972,37,4,70,40,36,0,3304,0,1,1,52,1,1,1,0
2026-08-05T02:06:19.585336+00:00,a55a2582100014a603cc0026000400460028002400000ce800000001000100350001000100010000,5286,972,38,4,70,40,36,0,3304,0,1,1,53,1,1,1,0
2026-08-05T02:06:20.187726+00:00,a55a2582100014a703d30027000400460028002400000ce800000001000100330001000100010000,5287,979,39,4,70,40,36,0,3304,0,1,1,51,1,1,1,0
2026-08-05T02:06:20.689676+00:00,a55a2582100014a603cc0028000400460028002400000ce800000001000100340001000100010000,5286,972,40,4,70,40,36,0,3304,0,1,1,52,1,1,1,0
2026-08-05T02:06:21.291808+00:00,a55a2582100014a703cc0029000400460028002400000ce800000001000100350001000100010000,5287,972,41,4,70,40,36,0,3304,0,1,1,53,1,1,1,0
2026-08-05T02:06:21.894119+00:00,a55a2582100014a703c5001f000400460028002400000ce800000001000100330001000100010000,5287,965,31,4,70,40,36,0,3304,0,1,1,51,1,1,1,0
2026-08-05T02:06:22.396014+00:00,a55a2582100014a703cc0020000400460028002400000ce900000001000100340001000100010000,5287,972,32,4,70,40,36,0,3305,0,1,1,52,1,1,1,0
2026-08-05T02:06:22.998205+00:00,a55a2582100014a703cc0021000400440028002400000ce900000001000100350001000100010000,5287,972,33,4,68,40,36,0,3305,0,1,1,53,1,1,1,0
2026-08-05T02:06:23.499894+00:00,a55a2582100014a703cc0022000400440028002400000ce900000001000100330001000100010000,5287,972,34,4,68,40,36,0,3305,0,1,1,51,1,1,1,0
2026-08-05T02:06:24.102306+00:00,a55a2582100014a703cf0023000400440028002400000ce900000001000100340001000100010000,5287,975,35,4,68,40,36,0,3305,0,1,1,52,1,1,1,0
2026-08-05T02:06:24.704731+00:00,a55a2582100014a803cf0024000400440028002400000ce900000001000100350001000100010000,5288,975,36,4,68,40,36,0,3305,0,1,1,53,1,1,1,0
2026-08-05T02:06:25.206661+00:00,a55a2582100014a803cc0025000400440028002400000ce900000001000100330001000100010000,5288,972,37,4,68,40,36,0,3305,0,1,1,51,1,1,1,0
2026-08-05T02:06:25.808943+00:00,a55a2582100014a803cc0026000400440028002400000ce900000001000100340001000100010000,5288,972,38,4,68,40,36,0,3305,0,1,1,52,1,1,1,0
2026-08-05T02:06:26.411248+00:00,a55a2582100014a803cc0027000400440028002400000cea00000001000100350001000100010000,5288,972,39,4,68,40,36,0,3306,0,1,1,53,1,1,1,0
2026-08-05T02:06:26.913100+00:00,a55a2582100014a903cc0028000400440028002400000cea00000001000100330001000100010000,5289,972,40,4,68,40,36,0,3306,0,1,1,51,1,1,1,0
2026-08-05T02:06:27.503957+00:00,a55a2582100014a903cc0029000400440028002400000cea00000001000100340001000100010000,5289,972,41,4,68,40,36,0,3306,0,1,1,52,1,1,1,0
2026-08-05T02:06:28.106366+00:00,a55a2582100014a903cc001f000400440028002400000cea00000001000100350001000100010000,5289,972,31,4,68,40,36,0,3306,0,1,1,53,1,1,1,0
2026-08-05T02:06:28.708449+00:00,a55a2582100014a903cc0020000400440028002400000cea00000001000100330001000100010000,5289,972,32,4,68,40,36,0,3306,0,1,1,51,1,1,1,0
2026-08-05T02:06:29.210336+00:00,a55a2582100014a903c80021000400440028002400000cea00000001000100340001000100010000,5289,968,33,4,68,40,36,0,3306,0,1,1,52,1,1,1,0
2026-08-05T02:06:29.812671+00:00,a55a2582100014a903c80022000400440028002400000cea00000001000100350001000100010000,5289,968,34,4,68,40,36,0,3306,0,1,1,53,1,1,1,0
2026-08-05T02:06:30.415238+00:00,a55a2582100014a903cf0023000400440028002400000cea00000001000100330001000100010000,5289,975,35,4,68,40,36,0,3306,0,1,1,51,1,1,1,0
2026-08-05T02:06:30.917102+00:00,a55a2582100014a903cc0024000400440028002400000cea00000001000100340001000100010000,5289,972,36,4,68,40,36,0,3306,0,1,1,52,1,1,1,0
2026-08-05T02:06:31.519238+00:00,a55a2582100014a903cc0025000400440028002400000cea00000001000100350001000100010000,5289,972,37,4,68,40,36,0,3306,0,1,1,53,1,1,1,0
2026-08-05T02:06:32.121368+00:00,a55a2582100014aa03c50026000400440028002400000ceb00000001000100330001000100010000,5290,965,38,4,68,40,36,0,3307,0,1,1,51,1,1,1,0
2026-08-05T02:06:32.623208+00:00,a55a2582100014aa03cc0027000400440028002400000cea00000001000100340001000100010000,5290,972,39,4,68,40,36,0,3306,0,1,1,52,1,1,1,0
2026-08-05T02:06:33.225350+00:00,a55a2582100014aa03cc0028000400440028002400000ceb00000001000100350001000100010000,5290,972,40,4,68,40,36,0,3307,0,1,1,53,1,1,1,0
2026-08-05T02:06:33.827632+00:00,a55a2582100014aa03c80029000400430028002400000ceb00000001000100330001000100010000,5290,968,41,4,67,40,36,0,3307,0,1,1,51,1,1,1,0
2026-08-05T02:06:34.329576+00:00,a55a2582100014aa03c8001f000400430028002400000ceb00000001000100340001000100010000,5290,968,31,4,67,40,36,0,3307,0,1,1,52,1,1,1,0
2026-08-05T02:06:34.931786+00:00,a55a2582100014ab03c80020000400430028002400000ceb00000001000100350001000100010000,5291,968,32,4,67,40,36,0,3307,0,1,1,53,1,1,1,0
2026-08-05T02:06:35.534009+00:00,a55a2582100014aa03cc0021000400430028002400000ceb00000001000100330001000100010000,5290,972,33,4,67,40,36,0,3307,0,1,1,51,1,1,1,0
2026-08-05T02:06:36.035837+00:00,a55a2582100014ab03cc0022000400430028002400000ceb00000001000100340001000100010000,5291,972,34,4,67,40,36,0,3307,0,1,1,52,1,1,1,0
2026-08-05T02:06:36.637999+00:00,a55a2582100014ab03cc0023000400430028002400000ceb00000001000100350001000100010000,5291,972,35,4,67,40,36,0,3307,0,1,1,53,1,1,1,0
2026-08-05T02:06:37.240333+00:00,a55a2582100014ab03cc0024000400430028002400000ceb00000001000100330001000100010000,5291,972,36,4,67,40,36,0,3307,0,1,1,51,1,1,1,0
2026-08-05T02:06:37.727659+00:00,a55a2582100014ab03c80025000400430028002400000ceb00000001000100340001000100010000,5291,968,37,4,67,40,36,0,3307,0,1,1,52,1,1,1,0
2026-08-05T02:06:38.329883+00:00,a55a2582100014ab03c80026000400430028002400000ceb00000001000100350001000100010000,5291,968,38,4,67,40,36,0,3307,0,1,1,53,1,1,1,0
2026-08-05T02:06:38.932091+00:00,a55a2582100014ac03cc0027000400430028002400000ceb00000001000100330001000100010000,5292,972,39,4,67,40,36,0,3307,0,1,1,51,1,1,1,0
2026-08-05T02:06:39.433941+00:00,a55a2582100014ac03cc0028000400430028002400000cec00000001000100340001000100010000,5292,972,40,4,67,40,36,0,3308,0,1,1,52,1,1,1,0
2026-08-05T02:06:40.036004+00:00,a55a2582100014ab03cc0029000400430028002400000ceb00000001000100350001000100010000,5291,972,41,4,67,40,36,0,3307,0,1,1,53,1,1,1,0
2026-08-05T02:06:40.638217+00:00,a55a2582100014ac03c5001f000400430028002500000cec00000001000100330001000100010000,5292,965,31,4,67,40,37,0,3308,0,1,1,51,1,1,1,0
2026-08-05T02:06:41.142540+00:00,a55a2582100014ac03c80020000400430028002400000cec00000001000100340001000100010000,5292,968,32,4,67,40,36,0,3308,0,1,1,52,1,1,1,0
2026-08-05T02:06:41.744741+00:00,a55a2582100014ac03c80021000400430028002400000cec00000001000100350001000100010000,5292,968,33,4,67,40,36,0,3308,0,1,1,53,1,1,1,0
2026-08-05T02:06:42.346929+00:00,a55a2582100014ac03cc0022000400430028002400000cec00000001000100330001000100010000,5292,972,34,4,67,40,36,0,3308,0,1,1,51,1,1,1,0
2026-08-05T02:06:42.848841+00:00,a55a2582100014ac03cc0023000400430028002400000cec00000001000100340001000100010000,5292,972,35,4,67,40,36,0,3308,0,1,1,52,1,1,1,0
2026-08-05T02:06:43.451057+00:00,a55a2582100014ac03cc0024000400430028002400000cec00000001000100350001000100010000,5292,972,36,4,67,40,36,0,3308,0,1,1,53,1,1,1,0
2026-08-05T02:06:44.053225+00:00,a55a2582100014ad03cc0025000400410028002400000cec00000001000100330001000100010000,5293,972,37,4,65,40,36,0,3308,0,1,1,51,1,1,1,0
2026-08-05T02:06:44.555194+00:00,a55a2582100014ac03cc0026000400410028002400000cec00000001000100340001000100010000,5292,972,38,4,65,40,36,0,3308,0,1,1,52,1,1,1,0
2026-08-05T02:06:45.157399+00:00,a55a2582100014ad03cc0027000400410028002400000cec00000001000100350001000100010000,5293,972,39,4,65,40,36,0,3308,0,1,1,53,1,1,1,0
2026-08-05T02:06:45.759490+00:00,a55a2582100014ad03c80028000400410028002400000cec00000001000100330001000100010000,5293,968,40,4,65,40,36,0,3308,0,1,1,51,1,1,1,0
2026-08-05T02:06:46.261504+00:00,a55a2582100014ad03c80029000400410028002400000cec00000001000100340001000100010000,5293,968,41,4,65,40,36,0,3308,0,1,1,52,1,1,1,0
2026-08-05T02:06:46.863682+00:00,a55a2582100014ad03c8001f000400410028002400000ced00000001000100350001000100010000,5293,968,31,4,65,40,36,0,3309,0,1,1,53,1,1,1,0
2026-08-05T02:06:47.450665+00:00,a55a2582100014ad03cc0020000400410028002400000cec00000001000100330001000100010000,5293,972,32,4,65,40,36,0,3308,0,1,1,51,1,1,1,0
2026-08-05T02:06:47.952553+00:00,a55a2582100014ad03cc0021000400410028002400000ced00000001000100340001000100010000,5293,972,33,4,65,40,36,0,3309,0,1,1,52,1,1,1,0
2026-08-05T02:06:48.554932+00:00,a55a2582100014ad03c50022000400410028002400000ced00000001000100350001000100010000,5293,965,34,4,65,40,36,0,3309,0,1,1,53,1,1,1,0
2026-08-05T02:06:49.157042+00:00,a55a2582100014ad03cc0023000400410028002400000ced00000001000100330001000100010000,5293,972,35,4,65,40,36,0,3309,0,1,1,51,1,1,1,0
2026-08-05T02:06:49.658973+00:00,a55a2582100014ad03cc0024000400400028002400000cec00000001000100340001000100010000,5293,972,36,4,64,40,36,0,3308,0,1,1,52,1,1,1,0
2026-08-05T02:06:50.261185+00:00,a55a2582100014ad03c50025000400400028002400000ced00000001000100350001000100010000,5293,965,37,4,64,40,36,0,3309,0,1,1,53,1,1,1,0
2026-08-05T02:06:50.863298+00:00,a55a2582100014ad03c80026000400400028002400000ced00000001000100330001000100010000,5293,968,38,4,64,40,36,0,3309,0,1,1,51,1,1,1,0
2026-08-05T02:06:51.365130+00:00,a55a2582100014ae03c80027000400400028002400000ced00000001000100340001000100010000,5294,968,39,4,64,40,36,0,3309,0,1,1,52,1,1,1,0
2026-08-05T02:06:51.967386+00:00,a55a2582100014ad03c50028000400400028002400000ced00000001000100350001000100010000,5293,965,40,4,64,40,36,0,3309,0,1,1,53,1,1,1,0
2026-08-05T02:06:52.569702+00:00,a55a2582100014ad03c50029000400400028002400000ced00000001000100330001000100010000,5293,965,41,4,64,40,36,0,3309,0,1,1,51,1,1,1,0
2026-08-05T02:06:53.071527+00:00,a55a2582100014ad03c5001f000400400028002400000ced00000001000100340001000100010000,5293,965,31,4,64,40,36,0,3309,0,1,1,52,1,1,1,0
2026-08-05T02:06:53.673774+00:00,a55a2582100014ae03c80020000400400028002400000ced00000001000100350001000100010000,5294,968,32,4,64,40,36,0,3309,0,1,1,53,1,1,1,0
2026-08-05T02:06:54.275984+00:00,a55a2582100014ae03c80021000400400028002400000ced00000001000100330001000100010000,5294,968,33,4,64,40,36,0,3309,0,1,1,51,1,1,1,0
2026-08-05T02:06:54.777947+00:00,a55a2582100014af03c80022000400410028002400000ced00000001000100340001000100010000,5295,968,34,4,65,40,36,0,3309,0,1,1,52,1,1,1,0
2026-08-05T02:06:55.380188+00:00,a55a2582100014ae03c80023000400410028002500000ced00000001000100350001000100010000,5294,968,35,4,65,40,37,0,3309,0,1,1,53,1,1,1,0
2026-08-05T02:06:55.982385+00:00,a55a2582100014af03c80024000400410028002400000cee00000001000100330001000100010000,5295,968,36,4,65,40,36,0,3310,0,1,1,51,1,1,1,0
2026-08-05T02:06:56.484590+00:00,a55a2582100014af03c80025000400410028002400000cee00000001000100340001000100010000,5295,968,37,4,65,40,36,0,3310,0,1,1,52,1,1,1,0
2026-08-05T02:06:57.086809+00:00,a55a2582100014af03cc0026000400410028002500000cee00000001000100350001000100010000,5295,972,38,4,65,40,37,0,3310,0,1,1,53,1,1,1,0
2026-08-05T02:06:57.673644+00:00,a55a2582100014af03c80027000400410028002500000cee00000001000100330001000100010000,5295,968,39,4,65,40,37,0,3310,0,1,1,51,1,1,1,0
2026-08-05T02:06:58.275878+00:00,a55a2582100014af03c80028000400410028002500000cee00000001000100340001000100010000,5295,968,40,4,65,40,37,0,3310,0,1,1,52,1,1,1,0
2026-08-05T02:06:58.777954+00:00,a55a2582100014af03cc0029000400410028002400000cee00000001000100350001000100010000,5295,972,41,4,65,40,36,0,3310,0,1,1,53,1,1,1,0
2026-08-05T02:06:59.380236+00:00,a55a2582100014af03c8001f000400410028002400000cee00000001000100330001000100010000,5295,968,31,4,65,40,36,0,3310,0,1,1,51,1,1,1,0
2026-08-05T02:06:59.982435+00:00,a55a2582100014b003c800200004003f0028002400000cee00000001000100340001000100010000,5296,968,32,4,63,40,36,0,3310,0,1,1,52,1,1,1,0
2026-08-05T02:07:00.484587+00:00,a55a2582100014af03cc00210004003f0028002400000cee00000001000100350001000100010000,5295,972,33,4,63,40,36,0,3310,0,1,1,53,1,1,1,0
2026-08-05T02:07:01.086728+00:00,a55a2582100014b003cc00220004003f0028002400000cee00000001000100330001000100010000,5296,972,34,4,63,40,36,0,3310,0,1,1,51,1,1,1,0
2026-08-05T02:07:01.688830+00:00,a55a2582100014b003cc00230004003f0028002400000cee00000001000100340001000100010000,5296,972,35,4,63,40,36,0,3310,0,1,1,52,1,1,1,0
2026-08-05T02:07:02.190650+00:00,a55a2582100014b003c800240004003f0028002400000cee00000001000100350001000100010000,5296,968,36,4,63,40,36,0,3310,0,1,1,53,1,1,1,0
2026-08-05T02:07:02.793007+00:00,a55a2582100014b003c800250004003f0028002400000cee00000001000100330001000100010000,5296,968,37,4,63,40,36,0,3310,0,1,1,51,1,1,1,0
2026-08-05T02:07:03.395202+00:00,a55a2582100014b003c800260004003f0028002400000cee00000001000100340001000100010000,5296,968,38,4,63,40,36,0,3310,0,1,1,52,1,1,1,0
2026-08-05T02:07:03.897103+00:00,a55a2582100014b003c500270004003f0028002400000cee00000001000100350001000100010000,5296,965,39,4,63,40,36,0,3310,0,1,1,53,1,1,1,0
2026-08-05T02:07:04.499499+00:00,a55a2582100014b003c800280004003f0028002500000cee00000001000100330001000100010000,5296,968,40,4,63,40,37,0,3310,0,1,1,51,1,1,1,0
2026-08-05T02:07:05.101741+00:00,a55a2582100014b003c800290004003f0028002500000cee00000001000100340001000100010000,5296,968,41,4,63,40,37,0,3310,0,1,1,52,1,1,1,0
2026-08-05T02:07:05.603604+00:00,a55a2582100014b103cc001f000400430028002400000cef00000001000100350001000100010000,5297,972,31,4,67,40,36,0,3311,0,1,1,53,1,1,1,0
2026-08-05T02:07:06.205825+00:00,a55a2582100014b003cc0020000400430028002400000cef00000001000100330001000100010000,5296,972,32,4,67,40,36,0,3311,0,1,1,51,1,1,1,0
2026-08-05T02:07:06.808077+00:00,a55a2582100014b003cc0021000400430028002400000cee00000001000100340001000100010000,5296,972,33,4,67,40,36,0,3310,0,1,1,52,1,1,1,0
2026-08-05T02:07:07.309981+00:00,a55a2582100014b003cc0022000400430028002400000cee00000001000100350001000100010000,5296,972,34,4,67,40,36,0,3310,0,1,1,53,1,1,1,0
2026-08-05T02:07:07.895951+00:00,a55a2582100014b003cc0023000400430028002400000cef00000001000100330001000100010000,5296,972,35,4,67,40,36,0,3311,0,1,1,51,1,1,1,0
2026-08-05T02:07:08.498239+00:00,a55a2582100014b003c80024000400430028002400000cee00000001000100340001000100010000,5296,968,36,4,67,40,36,0,3310,0,1,1,52,1,1,1,0
2026-08-05T02:07:09.100422+00:00,a55a2582100014b103c80025000400430028002400000cef00000001000100350001000100010000,5297,968,37,4,67,40,36,0,3311,0,1,1,53,1,1,1,0
2026-08-05T02:07:09.602293+00:00,a55a2582100014b103c80026000400430028002400000cef00000001000100330001000100010000,5297,968,38,4,67,40,36,0,3311,0,1,1,51,1,1,1,0
2026-08-05T02:07:10.204523+00:00,a55a2582100014b003c50027000400430028002500000cee00000001000100340001000100010000,5296,965,39,4,67,40,37,0,3310,0,1,1,52,1,1,1,0
2026-08-05T02:07:10.806915+00:00,a55a2582100014b103c80028000400410028002400000cef00000001000100350001000100010000,5297,968,40,4,65,40,36,0,3311,0,1,1,53,1,1,1,0
2026-08-05T02:07:11.308718+00:00,a55a2582100014b103c80029000400410028002400000cef00000001000100330001000100010000,5297,968,41,4,65,40,36,0,3311,0,1,1,51,1,1,1,0
2026-08-05T02:07:11.910826+00:00,a55a2582100014b103c5001f000400410028002500000cef00000001000100340001000100010000,5297,965,31,4,65,40,37,0,3311,0,1,1,52,1,1,1,0
2026-08-05T02:07:12.513150+00:00,a55a2582100014b103c80020000400410028002500000cef00000001000100350001000100010000,5297,968,32,4,65,40,37,0,3311,0,1,1,53,1,1,1,0
2026-08-05T02:07:13.015056+00:00,a55a2582100014b003c80021000400410028002500000cef00000001000100330001000100010000,5296,968,33,4,65,40,37,0,3311,0,1,1,51,1,1,1,0
2026-08-05T02:07:13.617352+00:00,a55a2582100014b103c80022000400410028002400000cef00000001000100340001000100010000,5297,968,34,4,65,40,36,0,3311,0,1,1,52,1,1,1,0
2026-08-05T02:07:14.219451+00:00,a55a2582100014b203c50023000400410028002500000cef00000001000100350001000100010000,5298,965,35,4,65,40,37,0,3311,0,1,1,53,1,1,1,0
2026-08-05T02:07:14.721432+00:00,a55a2582100014b103c50024000400410028002500000cef00000001000100330001000100010000,5297,965,36,4,65,40,37,0,3311,0,1,1,51,1,1,1,0
2026-08-05T02:07:15.323692+00:00,a55a2582100014b103cf0025000400410028002400000cef00000001000100340001000100010000,5297,975,37,4,65,40,36,0,3311,0,1,1,52,1,1,1,0
2026-08-05T02:07:15.925765+00:00,a55a2582100014b103c80026000400400028002500000cef00000001000100350001000100010000,5297,968,38,4,64,40,37,0,3311,0,1,1,53,1,1,1,0
2026-08-05T02:07:16.427730+00:00,a55a2582100014b103c80027000400400028002500000cef00000001000100330001000100010000,5297,968,39,4,64,40,37,0,3311,0,1,1,51,1,1,1,0
2026-08-05T02:07:17.029959+00:00,a55a2582100014b103c80028000500400028002400000cef00000001000100340001000100010000,5297,968,40,5,64,40,36,0,3311,0,1,1,52,1,1,1,0
2026-08-05T02:07:17.615923+00:00,a55a2582100014a503c80029000500400028002500000ce700000001000100350001000100010000,5285,968,41,5,64,40,37,0,3303,0,1,1,53,1,1,1,0
2026-08-05T02:07:18.217922+00:00,a55a2582100014a903c8001f000500400028002500000cea00000001000100330001000100010000,5289,968,31,5,64,40,37,0,3306,0,1,1,51,1,1,1,0
2026-08-05T02:07:18.719784+00:00,a55a2582100014ac03510020000500400029002500000cec00000001000100340001000100010000,5292,849,32,5,64,41,37,0,3308,0,1,1,52,1,1,1,0
2026-08-05T02:07:19.321926+00:00,a55a2582100014af03920021000500400029002400000cee00000001000100350001000100010000,5295,914,33,5,64,41,36,0,3310,0,1,1,53,1,1,1,0
2026-08-05T02:07:19.924161+00:00,a55a2582100014b103920022000500400029002400000cef00000001000100330001000100010000,5297,914,34,5,64,41,36,0,3311,0,1,1,51,1,1,1,0
2026-08-05T02:07:20.425969+00:00,a55a2582100014b103c80023000500400029002500000cef00000001000100340001000100010000,5297,968,35,5,64,41,37,0,3311,0,1,1,52,1,1,1,0
2026-08-05T02:07:21.028208+00:00,a55a2582100014b103c80024000500400029002400000cef00000001000100350001000100010000,5297,968,36,5,64,41,36,0,3311,0,1,1,53,1,1,1,0
2026-08-05T02:07:21.630285+00:00,a55a2582100014b203c80025000500440029002400000cf000000001000100330001000100010000,5298,968,37,5,68,41,36,0,3312,0,1,1,51,1,1,1,0
2026-08-05T02:07:22.132029+00:00,a55a2582100014b203c80026000500440029002500000cef00000001000100340001000100010000,5298,968,38,5,68,41,37,0,3311,0,1,1,52,1,1,1,0
2026-08-05T02:07:22.734361+00:00,a55a2582100014b103cf0027000500440029002500000cef00000001000100350001000100010000,5297,975,39,5,68,41,37,0,3311,0,1,1,53,1,1,1,0
2026-08-05T02:07:23.336372+00:00,a55a2582100014b203cf0028000500440029002500000cf000000001000100330001000100010000,5298,975,40,5,68,41,37,0,3312,0,1,1,51,1,1,1,0
2026-08-05T02:07:23.838097+00:00,a55a2582100014b203c80029000500440029002500000cf000000001000100340001000100010000,5298,968,41,5,68,41,37,0,3312,0,1,1,52,1,1,1,0
2026-08-05T02:07:24.440313+00:00,a55a2582100014b203c5001f000500440029002500000cef00000001000100350001000100010000,5298,965,31,5,68,41,37,0,3311,0,1,1,53,1,1,1,0
2026-08-05T02:07:25.042487+00:00,a55a2582100014b203c50020000500440029002500000cf000000001000100330001000100010000,5298,965,32,5,68,41,37,0,3312,0,1,1,51,1,1,1,0
2026-08-05T02:07:25.544342+00:00,a55a2582100014b203c80021000500440029002500000cf000000001000100340001000100010000,5298,968,33,5,68,41,37,0,3312,0,1,1,52,1,1,1,0
2026-08-05T02:07:26.146441+00:00,a55a2582100014b303c80022000500440029002500000cf000000001000100350001000100010000,5299,968,34,5,68,41,37,0,3312,0,1,1,53,1,1,1,0
2026-08-05T02:07:26.748703+00:00,a55a2582100014b303c80023000500410029002500000cf000000001000100330001000100010000,5299,968,35,5,65,41,37,0,3312,0,1,1,51,1,1,1,0
2026-08-05T02:07:27.250504+00:00,a55a2582100014b203c80024000500410029002500000cf000000001000100340001000100010000,5298,968,36,5,65,41,37,0,3312,0,1,1,52,1,1,1,0
2026-08-05T02:07:27.837153+00:00,a55a2582100014b303cc0025000500410029002500000cf000000001000100350001000100010000,5299,972,37,5,65,41,37,0,3312,0,1,1,53,1,1,1,0
2026-08-05T02:07:28.439408+00:00,a55a2582100014b303cc0026000500410029002500000cf000000001000100330001000100010000,5299,972,38,5,65,41,37,0,3312,0,1,1,51,1,1,1,0
2026-08-05T02:07:28.941373+00:00,a55a2582100014b303c80027000500410029002500000cf000000001000100340001000100010000,5299,968,39,5,65,41,37,0,3312,0,1,1,52,1,1,1,0
2026-08-05T02:07:29.543820+00:00,a55a2582100014b303cc0028000500410029002400000cf000000001000100350001000100010000,5299,972,40,5,65,41,36,0,3312,0,1,1,53,1,1,1,0
2026-08-05T02:07:30.146066+00:00,a55a2582100014b303cc0029000500410029002400000cf000000001000100330001000100010000,5299,972,41,5,65,41,36,0,3312,0,1,1,51,1,1,1,0
2026-08-05T02:07:30.748373+00:00,a55a2582100014b303c8001f000500410029002500000cf000000001000100340001000100010000,5299,968,31,5,65,41,37,0,3312,0,1,1,52,1,1,1,0
2026-08-05T02:07:31.250244+00:00,a55a2582100014b303cc0020000500410029002500000cf000000001000100350001000100010000,5299,972,32,5,65,41,37,0,3312,0,1,1,53,1,1,1,0
2026-08-05T02:07:31.852540+00:00,a55a2582100014b303cc0021000500410029002500000cf000000001000100330001000100010000,5299,972,33,5,65,41,37,0,3312,0,1,1,51,1,1,1,0
2026-08-05T02:07:32.454804+00:00,a55a2582100014b203cf0022000500410029002500000cf000000001000100340001000100010000,5298,975,34,5,65,41,37,0,3312,0,1,1,52,1,1,1,0
2026-08-05T02:07:32.956976+00:00,a55a2582100014b303c20023000500410029002500000cf000000001000100350001000100010000,5299,962,35,5,65,41,37,0,3312,0,1,1,53,1,1,1,0
2026-08-05T02:07:33.559156+00:00,a55a2582100014b303c20024000500410029002500000cf000000001000100330001000100010000,5299,962,36,5,65,41,37,0,3312,0,1,1,51,1,1,1,0
2026-08-05T02:07:34.161421+00:00,a55a2582100014b303cf0025000500410029002500000cf000000001000100340001000100010000,5299,975,37,5,65,41,37,0,3312,0,1,1,52,1,1,1,0
2026-08-05T02:07:34.663241+00:00,a55a2582100014b303cf0026000500410029002500000cf000000001000100350001000100010000,5299,975,38,5,65,41,37,0,3312,0,1,1,53,1,1,1,0
2026-08-05T02:07:35.265661+00:00,a55a2582100014b303c20027000500410029002500000cf000000001000100330001000100010000,5299,962,39,5,65,41,37,0,3312,0,1,1,51,1,1,1,0
2026-08-05T02:07:35.867844+00:00,a55a2582100014b303c80028000500410029002500000cf000000001000100340001000100010000,5299,968,40,5,65,41,37,0,3312,0,1,1,52,1,1,1,0
2026-08-05T02:07:36.369768+00:00,a55a2582100014b303c80029000500410029002500000cf000000001000100350001000100010000,5299,968,41,5,65,41,37,0,3312,0,1,1,53,1,1,1,0
2026-08-05T02:07:36.971958+00:00,a55a2582100014b303c8001f000500430029002500000cf000000001000100330001000100010000,5299,968,31,5,67,41,37,0,3312,0,1,1,51,1,1,1,0
2026-08-05T02:07:37.557522+00:00,a55a2582100014b303c80020000500430029002500000cf000000001000100340001000100010000,5299,968,32,5,67,41,37,0,3312,0,1,1,52,1,1,1,0
2026-08-05T02:07:38.059360+00:00,a55a2582100014b303c80021000500430029002500000cf000000001000100350001000100010000,5299,968,33,5,67,41,37,0,3312,0,1,1,53,1,1,1,0
2026-08-05T02:07:38.661435+00:00,a55a2582100014b303c50022000500430029002500000cf000000001000100330001000100010000,5299,965,34,5,67,41,37,0,3312,0,1,1,51,1,1,1,0
2026-08-05T02:07:39.263688+00:00,a55a2582100014b303c80023000500430029002500000cf000000001000100340001000100010000,5299,968,35,5,67,41,37,0,3312,0,1,1,52,1,1,1,0
2026-08-05T02:07:39.865795+00:00,a55a2582100014b303c80024000500430029002500000cf000000001000100350001000100010000,5299,968,36,5,67,41,37,0,3312,0,1,1,53,1,1,1,0
2026-08-05T02:07:40.367603+00:00,a55a2582100014b303c80025000500430029002500000cf000000001000100330001000100010000,5299,968,37,5,67,41,37,0,3312,0,1,1,51,1,1,1,0
2026-08-05T02:07:40.969943+00:00,a55a2582100014b303c50026000500430029002500000cf000000001000100340001000100010000,5299,965,38,5,67,41,37,0,3312,0,1,1,52,1,1,1,0
2026-08-05T02:07:41.572100+00:00,a55a2582100014b303c50027000500430029002500000cf000000001000100350001000100010000,5299,965,39,5,67,41,37,0,3312,0,1,1,53,1,1,1,0
2026-08-05T02:07:42.073967+00:00,a55a2582100014b403c80028000500430029002500000cf100000001000100330001000100010000,5300,968,40,5,67,41,37,0,3313,0,1,1,51,1,1,1,0
2026-08-05T02:07:42.676091+00:00,a55a2582100014b303c500290005003f0029002500000cf000000001000100340001000100010000,5299,965,41,5,63,41,37,0,3312,0,1,1,52,1,1,1,0
2026-08-05T02:07:43.278319+00:00,a55a2582100014b403c5001f0005003f0029002500000cf100000001000100350001000100010000,5300,965,31,5,63,41,37,0,3313,0,1,1,53,1,1,1,0
2026-08-05T02:07:43.780043+00:00,a55a2582100014b403c500200005003f0029002500000cf100000001000100330001000100010000,5300,965,32,5,63,41,37,0,3313,0,1,1,51,1,1,1,0
2026-08-05T02:07:44.382329+00:00,a55a2582100014b403cc00210005003f0029002500000cf100000001000100340001000100010000,5300,972,33,5,63,41,37,0,3313,0,1,1,52,1,1,1,0
2026-08-05T02:07:44.984688+00:00,a55a2582100014b403cc00220005003f0029002500000cf100000001000100350001000100010000,5300,972,34,5,63,41,37,0,3313,0,1,1,53,1,1,1,0
2026-08-05T02:07:45.486510+00:00,a55a2582100014b403c800230005003f0029002500000cf100000001000100330001000100010000,5300,968,35,5,63,41,37,0,3313,0,1,1,51,1,1,1,0
2026-08-05T02:07:46.088768+00:00,a55a2582100014b403cc00240005003f0029002500000cf100000001000100340001000100010000,5300,972,36,5,63,41,37,0,3313,0,1,1,52,1,1,1,0
2026-08-05T02:07:46.690846+00:00,a55a2582100014b303cc00250005003f0029002500000cf000000001000100350001000100010000,5299,972,37,5,63,41,37,0,3312,0,1,1,53,1,1,1,0
2026-08-05T02:07:47.192780+00:00,a55a2582100014b403c800260005003f0029002500000cf100000001000100330001000100010000,5300,968,38,5,63,41,37,0,3313,0,1,1,51,1,1,1,0
2026-08-05T02:07:47.779297+00:00,a55a2582100014b403c50027000500440029002500000cf100000001000100340001000100010000,5300,965,39,5,68,41,37,0,3313,0,1,1,52,1,1,1,0
2026-08-05T02:07:48.381416+00:00,a55a2582100014b403c50028000500440029002500000cf100000001000100350001000100010000,5300,965,40,5,68,41,37,0,3313,0,1,1,53,1,1,1,0
2026-08-05T02:07:48.883289+00:00,a55a2582100014b403cc0029000500440029002500000cf100000001000100330001000100010000,5300,972,41,5,68,41,37,0,3313,0,1,1,51,1,1,1,0
2026-08-05T02:07:49.485569+00:00,a55a2582100014b403c5001f000500440029002500000cf100000001000100340001000100010000,5300,965,31,5,68,41,37,0,3313,0,1,1,52,1,1,1,0
2026-08-05T02:07:50.087898+00:00,a55a2582100014b403c50020000500440029002500000cf100000001000100350001000100010000,5300,965,32,5,68,41,37,0,3313,0,1,1,53,1,1,1,0
2026-08-05T02:07:50.589681+00:00,a55a2582100014b403c80021000500440029002500000cf100000001000100330001000100010000,5300,968,33,5,68,41,37,0,3313,0,1,1,51,1,1,1,0
2026-08-05T02:07:51.192101+00:00,a55a2582100014b403cc0022000500440029002500000cf100000001000100340001000100010000,5300,972,34,5,68,41,37,0,3313,0,1,1,52,1,1,1,0
2026-08-05T02:07:51.794349+00:00,a55a2582100014b403cc0023000500440029002500000cf100000001000100350001000100010000,5300,972,35,5,68,41,37,0,3313,0,1,1,53,1,1,1,0
2026-08-05T02:07:52.396471+00:00,a55a2582100014b403c80024000500440029002500000cf100000001000100330001000100010000,5300,968,36,5,68,41,37,0,3313,0,1,1,51,1,1,1,0
2026-08-05T02:07:52.898385+00:00,a55a2582100014b403c80025000500400029002500000cf100000001000100340001000100010000,5300,968,37,5,64,41,37,0,3313,0,1,1,52,1,1,1,0
2026-08-05T02:07:53.500686+00:00,a55a2582100014b503c80026000500400029002500000cf100000001000100350001000100010000,5301,968,38,5,64,41,37,0,3313,0,1,1,53,1,1,1,0
2026-08-05T02:07:54.102849+00:00,a55a2582100014b403c80027000500400029002500000cf100000001000100330001000100010000,5300,968,39,5,64,41,37,0,3313,0,1,1,51,1,1,1,0
2026-08-05T02:07:54.604679+00:00,a55a2582100014b403cc0028000500400029002500000cf100000001000100340001000100010000,5300,972,40,5,64,41,37,0,3313,0,1,1,52,1,1,1,0
2026-08-05T02:07:55.206989+00:00,a55a2582100014b503cc0029000500400029002500000cf100000001000100350001000100010000,5301,972,41,5,64,41,37,0,3313,0,1,1,53,1,1,1,0
2026-08-05T02:07:55.809051+00:00,a55a2582100014b403c8001f000500400029002500000cf100000001000100330001000100010000,5300,968,31,5,64,41,37,0,3313,0,1,1,51,1,1,1,0
2026-08-05T02:07:56.310893+00:00,a55a2582100014b403cc0020000500400029002500000cf100000001000100340001000100010000,5300,972,32,5,64,41,37,0,3313,0,1,1,52,1,1,1,0
2026-08-05T02:07:56.913210+00:00,a55a2582100014b403cc0021000500400029002500000cf100000001000100350001000100010000,5300,972,33,5,64,41,37,0,3313,0,1,1,53,1,1,1,0
2026-08-05T02:07:57.599544+00:00,a55a2582100014b403c50022000500400029002500000cf100000001000100330001000100010000,5300,965,34,5,64,41,37,0,3313,0,1,1,51,1,1,1,0
2026-08-05T02:07:58.001054+00:00,a55a2582100014b403c20023000500450029002500000cf100000001000100340001000100010000,5300,962,35,5,69,41,37,0,3313,0,1,1,52,1,1,1,0
2026-08-05T02:07:58.603244+00:00,a55a2582100014b403c20024000500450029002500000cf100000001000100350001000100010000,5300,962,36,5,69,41,37,0,3313,0,1,1,53,1,1,1,0
2026-08-05T02:07:59.205675+00:00,a55a2582100014b403c80025000500450029002500000cf100000001000100330001000100010000,5300,968,37,5,69,41,37,0,3313,0,1,1,51,1,1,1,0
2026-08-05T02:07:59.707454+00:00,a55a2582100014b503c80026000500450029002500000cf100000001000100340001000100010000,5301,968,38,5,69,41,37,0,3313,0,1,1,52,1,1,1,0
2026-08-05T02:08:00.309505+00:00,a55a2582100014b503c80027000500450029002500000cf100000001000100350001000100010000,5301,968,39,5,69,41,37,0,3313,0,1,1,53,1,1,1,0
2026-08-05T02:08:00.911773+00:00,a55a2582100014b403c50028000500450029002500000cf100000001000100330001000100010000,5300,965,40,5,69,41,37,0,3313,0,1,1,51,1,1,1,0
2026-08-05T02:08:01.514124+00:00,a55a2582100014b503c50029000500450029002500000cf100000001000100340001000100010000,5301,965,41,5,69,41,37,0,3313,0,1,1,52,1,1,1,0
2026-08-05T02:08:02.015898+00:00,a55a2582100014b503c5001f000500450029002500000cf100000001000100350001000100010000,5301,965,31,5,69,41,37,0,3313,0,1,1,53,1,1,1,0
2026-08-05T02:08:02.618008+00:00,a55a2582100014b503c80020000500450029002500000cf100000001000100330001000100010000,5301,968,32,5,69,41,37,0,3313,0,1,1,51,1,1,1,0
2026-08-05T02:08:03.220255+00:00,a55a2582100014b403c80021000500450029002500000cf100000001000100340001000100010000,5300,968,33,5,69,41,37,0,3313,0,1,1,52,1,1,1,0
2026-08-05T02:08:03.722125+00:00,a55a2582100014b503cc0022000500400029002500000cf100000001000100350001000100010000,5301,972,34,5,64,41,37,0,3313,0,1,1,53,1,1,1,0
2026-08-05T02:08:04.324396+00:00,a55a2582100014b503cc0023000500400029002500000cf100000001000100330001000100010000,5301,972,35,5,64,41,37,0,3313,0,1,1,51,1,1,1,0
2026-08-05T02:08:04.926532+00:00,a55a2582100014b503cc0024000500400029002500000cf100000001000100340001000100010000,5301,972,36,5,64,41,37,0,3313,0,1,1,52,1,1,1,0
2026-08-05T02:08:05.428510+00:00,a55a2582100014b503c20025000500400029002500000cf100000001000100350001000100010000,5301,962,37,5,64,41,37,0,3313,0,1,1,53,1,1,1,0
2026-08-05T02:08:06.030579+00:00,a55a2582100014b503c50026000500400029002500000cf100000001000100330001000100010000,5301,965,38,5,64,41,37,0,3313,0,1,1,51,1,1,1,0
2026-08-05T02:08:06.632586+00:00,a55a2582100014b503c50027000500400029002500000cf200000001000100340001000100010000,5301,965,39,5,64,41,37,0,3314,0,1,1,52,1,1,1,0
2026-08-05T02:08:07.134423+00:00,a55a2582100014b503cc0028000500400029002500000cf200000001000100350001000100010000,5301,972,40,5,64,41,37,0,3314,0,1,1,53,1,1,1,0
2026-08-05T02:08:07.720226+00:00,a55a2582100014b503cc0029000500400029002500000cf100000001000100330001000100010000,5301,972,41,5,64,41,37,0,3313,0,1,1,51,1,1,1,0
2026-08-05T02:08:08.322320+00:00,a55a2582100014b503cc001f000500400029002500000cf100000001000100340001000100010000,5301,972,31,5,64,41,37,0,3313,0,1,1,52,1,1,1,0
2026-08-05T02:08:08.824204+00:00,a55a2582100014b503cc0020000500440029002500000cf100000001000100350001000100010000,5301,972,32,5,68,41,37,0,3313,0,1,1,53,1,1,1,0
2026-08-05T02:08:09.426460+00:00,a55a2582100014b503c80021000500440029002500000cf100000001000100330001000100010000,5301,968,33,5,68,41,37,0,3313,0,1,1,51,1,1,1,0
2026-08-05T02:08:10.028672+00:00,a55a2582100014b503c80022000500440029002500000cf100000001000100340001000100010000,5301,968,34,5,68,41,37,0,3313,0,1,1,52,1,1,1,0
2026-08-05T02:08:10.530638+00:00,a55a2582100014b503c80023000500440029002500000cf200000001000100350001000100010000,5301,968,35,5,68,41,37,0,3314,0,1,1,53,1,1,1,0
2026-08-05T02:08:11.132901+00:00,a55a2582100014b503c80024000500440029002500000cf100000001000100330001000100010000,5301,968,36,5,68,41,37,0,3313,0,1,1,51,1,1,1,0
2026-08-05T02:08:11.735172+00:00,a55a2582100014b503c80025000500440029002500000cf100000001000100340001000100010000,5301,968,37,5,68,41,37,0,3313,0,1,1,52,1,1,1,0
2026-08-05T02:08:12.337264+00:00,a55a2582100014b503c80026000500440029002500000cf200000001000100350001000100010000,5301,968,38,5,68,41,37,0,3314,0,1,1,53,1,1,1,0
2026-08-05T02:08:12.839120+00:00,a55a2582100014b503c50027000500440029002500000cf200000001000100330001000100010000,5301,965,39,5,68,41,37,0,3314,0,1,1,51,1,1,1,0
2026-08-05T02:08:13.441466+00:00,a55a2582100014b603c50028000500440029002500000cf200000001000100340001000100010000,5302,965,40,5,68,41,37,0,3314,0,1,1,52,1,1,1,0
2026-08-05T02:08:14.043647+00:00,a55a2582100014b503c80029000500400029002500000cf200000001000100350001000100010000,5301,968,41,5,64,41,37,0,3314,0,1,1,53,1,1,1,0
2026-08-05T02:08:14.545538+00:00,a55a2582100014b503c8001f000500400029002500000cf200000001000100330001000100010000,5301,968,31,5,64,41,37,0,3314,0,1,1,51,1,1,1,0
2026-08-05T02:08:15.147739+00:00,a55a2582100014b603c80020000500400029002500000cf200000001000100340001000100010000,5302,968,32,5,64,41,37,0,3314,0,1,1,52,1,1,1,0
2026-08-05T02:08:15.750126+00:00,a55a2582100014b503c20021000500400029002500000cf200000001000100350001000100010000,5301,962,33,5,64,41,37,0,3314,0,1,1,53,1,1,1,0
2026-08-05T02:08:16.251990+00:00,a55a2582100014b503cc0022000500400029002500000cf100000001000100330001000100010000,5301,972,34,5,64,41,37,0,3313,0,1,1,51,1,1,1,0
2026-08-05T02:08:16.854053+00:00,a55a2582100014b503cc0023000500400029002500000cf200000001000100340001000100010000,5301,972,35,5,64,41,37,0,3314,0,1,1,52,1,1,1,0
2026-08-05T02:08:17.456442+00:00,a55a2582100014b603c50024000500400029002500000cf200000001000100350001000100010000,5302,965,36,5,64,41,37,0,3314,0,1,1,53,1,1,1,0
2026-08-05T02:08:17.942235+00:00,a55a2582100014b603c50025000500400029002500000cf200000001000100330001000100010000,5302,965,37,5,64,41,37,0,3314,0,1,1,51,1,1,1,0
2026-08-05T02:08:18.544505+00:00,a55a2582100014b603c50026000500400029002500000cf200000001000100340001000100010000,5302,965,38,5,64,41,37,0,3314,0,1,1,52,1,1,1,0
2026-08-05T02:08:19.146649+00:00,a55a2582100014b603c80027000500440029002500000cf200000001000100350001000100010000,5302,968,39,5,68,41,37,0,3314,0,1,1,53,1,1,1,0
2026-08-05T02:08:19.648570+00:00,a55a2582100014b503c50028000500440029002500000cf100000001000100330001000100010000,5301,965,40,5,68,41,37,0,3313,0,1,1,51,1,1,1,0
2026-08-05T02:08:20.250580+00:00,a55a2582100014b603c50029000500440029002500000cf200000001000100340001000100010000,5302,965,41,5,68,41,37,0,3314,0,1,1,52,1,1,1,0
2026-08-05T02:08:20.852733+00:00,a55a2582100014b503c8001f000500440029002500000cf200000001000100350001000100010000,5301,968,31,5,68,41,37,0,3314,0,1,1,53,1,1,1,0
2026-08-05T02:08:21.354839+00:00,a55a2582100014b503c50020000500440029002500000cf200000001000100330001000100010000,5301,965,32,5,68,41,37,0,3314,0,1,1,51,1,1,1,0
2026-08-05T02:08:21.956936+00:00,a55a2582100014b503c50021000500440029002500000cf200000001000100340001000100010000,5301,965,33,5,68,41,37,0,3314,0,1,1,52,1,1,1,0
2026-08-05T02:08:22.559176+00:00,a55a2582100014b503c50022000500440029002500000cf200000001000100350001000100010000,5301,965,34,5,68,41,37,0,3314,0,1,1,53,1,1,1,0
2026-08-05T02:08:23.161451+00:00,a55a2582100014b603c80023000500440029002500000cf200000001000100330001000100010000,5302,968,35,5,68,41,37,0,3314,0,1,1,51,1,1,1,0
2026-08-05T02:08:23.663473+00:00,a55a2582100014b603c80024000500440029002500000cf200000001000100340001000100010000,5302,968,36,5,68,41,37,0,3314,0,1,1,52,1,1,1,0
2026-08-05T02:08:24.265819+00:00,a55a2582100014b603c80025000500440029002500000cf200000001000100350001000100010000,5302,968,37,5,68,41,37,0,3314,0,1,1,53,1,1,1,0
2026-08-05T02:08:24.867881+00:00,a55a2582100014b603c20026000500430029002500000cf200000001000100330001000100010000,5302,962,38,5,67,41,37,0,3314,0,1,1,51,1,1,1,0
2026-08-05T02:08:25.370078+00:00,a55a2582100014b603c20027000500430029002500000cf200000001000100340001000100010000,5302,962,39,5,67,41,37,0,3314,0,1,1,52,1,1,1,0
2026-08-05T02:08:25.972321+00:00,a55a2582100014b603cc0028000500430029002500000cf200000001000100350001000100010000,5302,972,40,5,67,41,37,0,3314,0,1,1,53,1,1,1,0
2026-08-05T02:08:26.574521+00:00,a55a2582100014b503c50029000500430029002500000cf200000001000100330001000100010000,5301,965,41,5,67,41,37,0,3314,0,1,1,51,1,1,1,0
2026-08-05T02:08:27.076320+00:00,a55a2582100014b603c5001f000500430029002500000cf200000001000100340001000100010000,5302,965,31,5,67,41,37,0,3314,0,1,1,52,1,1,1,0
2026-08-05T02:08:27.662733+00:00,a55a2582100014b603c80020000500430029002500000cf200000001000100350001000100010000,5302,968,32,5,67,41,37,0,3314,0,1,1,53,1,1,1,0
2026-08-05T02:08:28.264934+00:00,a55a2582100014b603c80021000500430029002500000cf200000001000100330001000100010000,5302,968,33,5,67,41,37,0,3314,0,1,1,51,1,1,1,0
2026-08-05T02:08:28.766716+00:00,a55a2582100014b603c80022000500430029002500000cf200000001000100340001000100010000,5302,968,34,5,67,41,37,0,3314,0,1,1,52,1,1,1,0
2026-08-05T02:08:29.368755+00:00,a55a2582100014b503c50023000500430029002500000cf200000001000100350001000100010000,5301,965,35,5,67,41,37,0,3314,0,1,1,53,1,1,1,0
2026-08-05T02:08:29.971100+00:00,a55a2582100014b603c50024000500400029002500000cf200000001000100330001000100010000,5302,965,36,5,64,41,37,0,3314,0,1,1,51,1,1,1,0
2026-08-05T02:08:30.473000+00:00,a55a2582100014b603c50025000500400029002500000cf200000001000100340001000100010000,5302,965,37,5,64,41,37,0,3314,0,1,1,52,1,1,1,0
2026-08-05T02:08:31.075023+00:00,a55a2582100014b603c80026000500400029002500000cf200000001000100350001000100010000,5302,968,38,5,64,41,37,0,3314,0,1,1,53,1,1,1,0
2026-08-05T02:08:31.677279+00:00,a55a2582100014b603c80027000500400029002500000cf200000001000100330001000100010000,5302,968,39,5,64,41,37,0,3314,0,1,1,51,1,1,1,0
2026-08-05T02:08:32.279386+00:00,a55a2582100014b603c80028000500400029002500000cf200000001000100340001000100010000,5302,968,40,5,64,41,37,0,3314,0,1,1,52,1,1,1,0
2026-08-05T02:08:32.781215+00:00,a55a2582100014b603cc0029000500400029002500000cf200000001000100350001000100010000,5302,972,41,5,64,41,37,0,3314,0,1,1,53,1,1,1,0
2026-08-05T02:08:33.383392+00:00,a55a2582100014b603cc001f000500400029002500000cf200000001000100330001000100010000,5302,972,31,5,64,41,37,0,3314,0,1,1,51,1,1,1,0
2026-08-05T02:08:33.985583+00:00,a55a2582100014b603c80020000500400029002500000cf200000001000100340001000100010000,5302,968,32,5,64,41,37,0,3314,0,1,1,52,1,1,1,0
2026-08-05T02:08:34.487448+00:00,a55a2582100014b603cc0021000500400029002500000cf200000001000100350001000100010000,5302,972,33,5,64,41,37,0,3314,0,1,1,53,1,1,1,0
2026-08-05T02:08:35.089540+00:00,a55a2582100014b603cc0022000500430029002500000cf200000001000100330001000100010000,5302,972,34,5,67,41,37,0,3314,0,1,1,51,1,1,1,0
2026-08-05T02:08:35.691608+00:00,a55a2582100014b603c50023000500430029002500000cf200000001000100340001000100010000,5302,965,35,5,67,41,37,0,3314,0,1,1,52,1,1,1,0
2026-08-05T02:08:36.193568+00:00,a55a2582100014b603c20024000500430029002500000cf200000001000100350001000100010000,5302,962,36,5,67,41,37,0,3314,0,1,1,53,1,1,1,0
2026-08-05T02:08:36.795781+00:00,a55a2582100014b603c20025000500430029002500000cf200000001000100330001000100010000,5302,962,37,5,67,41,37,0,3314,0,1,1,51,1,1,1,0
2026-08-05T02:08:37.397836+00:00,a55a2582100014b603cc0026000500430029002500000cf200000001000100340001000100010000,5302,972,38,5,67,41,37,0,3314,0,1,1,52,1,1,1,0
2026-08-05T02:08:37.883045+00:00,a55a2582100014b603c50027000500430029002500000cf200000001000100350001000100010000,5302,965,39,5,67,41,37,0,3314,0,1,1,53,1,1,1,0
2026-08-05T02:08:38.485274+00:00,a55a2582100014b603c50028000500430029002500000cf200000001000100330001000100010000,5302,965,40,5,67,41,37,0,3314,0,1,1,51,1,1,1,0
2026-08-05T02:08:39.087338+00:00,a55a2582100014b603cc0029000500430029002500000cf200000001000100340001000100010000,5302,972,41,5,67,41,37,0,3314,0,1,1,52,1,1,1,0
2026-08-05T02:08:39.589286+00:00,a55a2582100014b603cc001f000500430029002500000cf200000001000100350001000100010000,5302,972,31,5,67,41,37,0,3314,0,1,1,53,1,1,1,0
2026-08-05T02:08:40.191524+00:00,a55a2582100014b703cc0020000500430029002500000cf300000001000100330001000100010000,5303,972,32,5,67,41,37,0,3315,0,1,1,51,1,1,1,0
2026-08-05T02:08:40.793681+00:00,a55a2582100014b603c50021000500400029002500000cf200000001000100340001000100010000,5302,965,33,5,64,41,37,0,3314,0,1,1,52,1,1,1,0
2026-08-05T02:08:41.295650+00:00,a55a2582100014b603c80022000500400029002500000cf200000001000100350001000100010000,5302,968,34,5,64,41,37,0,3314,0,1,1,53,1,1,1,0
2026-08-05T02:08:41.897922+00:00,a55a2582100014b603c80023000500400029002500000cf200000001000100330001000100010000,5302,968,35,5,64,41,37,0,3314,0,1,1,51,1,1,1,0
2026-08-05T02:08:42.500140+00:00,a55a2582100014b703c80024000500400029002500000cf300000001000100340001000100010000,5303,968,36,5,64,41,37,0,3315,0,1,1,52,1,1,1,0
2026-08-05T02:08:43.102441+00:00,a55a2582100014b603c80025000500400029002500000cf200000001000100350001000100010000,5302,968,37,5,64,41,37,0,3314,0,1,1,53,1,1,1,0
2026-08-05T02:08:43.604528+00:00,a55a2582100014b603c80026000500400029002500000cf200000001000100330001000100010000,5302,968,38,5,64,41,37,0,3314,0,1,1,51,1,1,1,0
2026-08-05T02:08:44.206764+00:00,a55a2582100014b603c50027000500400029002500000cf200000001000100340001000100010000,5302,965,39,5,64,41,37,0,3314,0,1,1,52,1,1,1,0
2026-08-05T02:08:44.809004+00:00,a55a2582100014b703cf0028000500400029002500000cf300000001000100350001000100010000,5303,975,40,5,64,41,37,0,3315,0,1,1,53,1,1,1,0
2026-08-05T02:08:45.310837+00:00,a55a2582100014b603cf0029000500400029002500000cf200000001000100330001000100010000,5302,975,41,5,64,41,37,0,3314,0,1,1,51,1,1,1,0
2026-08-05T02:08:45.913115+00:00,a55a2582100014b703c5001f000500440029002500000cf200000001000100340001000100010000,5303,965,31,5,68,41,37,0,3314,0,1,1,52,1,1,1,0
2026-08-05T02:08:46.515289+00:00,a55a2582100014b603cc0020000500440029002500000cf200000001000100350001000100010000,5302,972,32,5,68,41,37,0,3314,0,1,1,53,1,1,1,0
2026-08-05T02:08:47.017087+00:00,a55a2582100014b703cc0021000500440029002500000cf200000001000100330001000100010000,5303,972,33,5,68,41,37,0,3314,0,1,1,51,1,1,1,0
2026-08-05T02:08:47.704580+00:00,a55a2582100014b603c80022000500440029002500000cf200000001000100340001000100010000,5302,968,34,5,68,41,37,0,3314,0,1,1,52,1,1,1,0
2026-08-05T02:08:48.206410+00:00,a55a2582100014b603c80023000500440029002500000cf200000001000100350001000100010000,5302,968,35,5,68,41,37,0,3314,0,1,1,53,1,1,1,0
2026-08-05T02:08:48.708338+00:00,a55a2582100014b603c80024000500440029002500000cf200000001000100330001000100010000,5302,968,36,5,68,41,37,0,3314,0,1,1,51,1,1,1,0
2026-08-05T02:08:49.310562+00:00,a55a2582100014b603c80025000500440029002500000cf200000001000100340001000100010000,5302,968,37,5,68,41,37,0,3314,0,1,1,52,1,1,1,0
2026-08-05T02:08:49.912998+00:00,a55a2582100014b703c50026000500440029002500000cf200000001000100350001000100010000,5303,965,38,5,68,41,37,0,3314,0,1,1,53,1,1,1,0
2026-08-05T02:08:50.414952+00:00,a55a2582100014b703c50027000500440029002500000cf300000001000100330001000100010000,5303,965,39,5,68,41,37,0,3315,0,1,1,51,1,1,1,0
2026-08-05T02:08:51.017186+00:00,a55a2582100014b703c80028000500420029002500000cf200000001000100340001000100010000,5303,968,40,5,66,41,37,0,3314,0,1,1,52,1,1,1,0
2026-08-05T02:08:51.619350+00:00,a55a2582100014b703c80029000500420029002500000cf200000001000100350001000100010000,5303,968,41,5,66,41,37,0,3314,0,1,1,53,1,1,1,0
2026-08-05T02:08:52.121414+00:00,a55a2582100014b703c8001f000500420029002500000cf200000001000100330001000100010000,5303,968,31,5,66,41,37,0,3314,0,1,1,51,1,1,1,0
2026-08-05T02:08:52.723829+00:00,a55a2582100014b703c50020000500420029002500000cf300000001000100340001000100010000,5303,965,32,5,66,41,37,0,3315,0,1,1,52,1,1,1,0
2026-08-05T02:08:53.325915+00:00,a55a2582100014b703c50021000500420029002500000cf200000001000100350001000100010000,5303,965,33,5,66,41,37,0,3314,0,1,1,53,1,1,1,0
2026-08-05T02:08:53.827766+00:00,a55a2582100014b603c50022000500420029002500000cf200000001000100330001000100010000,5302,965,34,5,66,41,37,0,3314,0,1,1,51,1,1,1,0
2026-08-05T02:08:54.429946+00:00,a55a2582100014b703c80023000500420029002500000cf300000001000100340001000100010000,5303,968,35,5,66,41,37,0,3315,0,1,1,52,1,1,1,0
2026-08-05T02:08:55.032150+00:00,a55a2582100014b703cc0024000600420029002500000cf300000001000100350001000100010000,5303,972,36,6,66,41,37,0,3315,0,1,1,53,1,1,1,0
2026-08-05T02:08:55.634444+00:00,a55a2582100014b603cc0025000600420029002500000cf200000001000100330001000100010000,5302,972,37,6,66,41,37,0,3314,0,1,1,51,1,1,1,0
2026-08-05T02:08:56.136448+00:00,a55a2582100014b703c20026000600420029002500000cf300000001000100340001000100010000,5303,962,38,6,66,41,37,0,3315,0,1,1,52,1,1,1,0
2026-08-05T02:08:56.738671+00:00,a55a2582100014b703c20027000600420029002500000cf200000001000100350001000100010000,5303,962,39,6,66,41,37,0,3314,0,1,1,53,1,1,1,0
2026-08-05T02:08:57.340919+00:00,a55a2582100014b703c20028000600420029002500000cf300000001000100330001000100010000,5303,962,40,6,66,41,37,0,3315,0,1,1,51,1,1,1,0
2026-08-05T02:08:57.827691+00:00,a55a2582100014b703c80029000600420029002500000cf200000001000100340001000100010000,5303,968,41,6,66,41,37,0,3314,0,1,1,52,1,1,1,0
2026-08-05T02:08:58.429922+00:00,a55a2582100014b703c8001f000600420029002500000cf300000001000100350001000100010000,5303,968,31,6,66,41,37,0,3315,0,1,1,53,1,1,1,0
2026-08-05T02:08:59.032153+00:00,a55a2582100014b703c80020000600420029002500000cf300000001000100330001000100010000,5303,968,32,6,66,41,37,0,3315,0,1,1,51,1,1,1,0
2026-08-05T02:08:59.534123+00:00,a55a2582100014b703c50021000600420029002500000cf300000001000100340001000100010000,5303,965,33,6,66,41,37,0,3315,0,1,1,52,1,1,1,0
2026-08-05T02:09:00.136390+00:00,a55a2582100014b703c50022000600420029002500000cf200000001000100350001000100010000,5303,965,34,6,66,41,37,0,3314,0,1,1,53,1,1,1,0
2026-08-05T02:09:00.738631+00:00,a55a2582100014b703c80023000600420029002500000cf200000001000100330001000100010000,5303,968,35,6,66,41,37,0,3314,0,1,1,51,1,1,1,0
2026-08-05T02:09:01.240368+00:00,a55a2582100014b703c80024000600420029002500000cf300000001000100340001000100010000,5303,968,36,6,66,41,37,0,3315,0,1,1,52,1,1,1,0
2026-08-05T02:09:01.842586+00:00,a55a2582100014b703c80025000600450029002500000cf300000001000100350001000100010000,5303,968,37,6,69,41,37,0,3315,0,1,1,53,1,1,1,0
2026-08-05T02:09:02.444668+00:00,a55a2582100014b703c50026000600450029002500000cf300000001000100330001000100010000,5303,965,38,6,69,41,37,0,3315,0,1,1,51,1,1,1,0
2026-08-05T02:09:02.946560+00:00,a55a2582100014b703c80027000600450029002500000cf300000001000100340001000100010000,5303,968,39,6,69,41,37,0,3315,0,1,1,52,1,1,1,0
2026-08-05T02:09:03.548855+00:00,a55a2582100014b703c80028000600450029002500000cf300000001000100350001000100010000,5303,968,40,6,69,41,37,0,3315,0,1,1,53,1,1,1,0
2026-08-05T02:09:04.151076+00:00,a55a2582100014b703c80029000600450029002500000cf300000001000100330001000100010000,5303,968,41,6,69,41,37,0,3315,0,1,1,51,1,1,1,0
2026-08-05T02:09:04.753265+00:00,a55a2582100014b703c2001f000600450029002500000cf300000001000100340001000100010000,5303,962,31,6,69,41,37,0,3315,0,1,1,52,1,1,1,0
2026-08-05T02:09:05.255190+00:00,a55a2582100014b703c20020000600450029002500000cf300000001000100350001000100010000,5303,962,32,6,69,41,37,0,3315,0,1,1,53,1,1,1,0
2026-08-05T02:09:05.857636+00:00,a55a2582100014b703c80021000600450029002500000cf300000001000100330001000100010000,5303,968,33,6,69,41,37,0,3315,0,1,1,51,1,1,1,0
2026-08-05T02:09:06.460006+00:00,a55a2582100014b703c80022000600450029002500000cf300000001000100340001000100010000,5303,968,34,6,69,41,37,0,3315,0,1,1,52,1,1,1,0
2026-08-05T02:09:06.961818+00:00,a55a2582100014b703c80023000600420029002500000cf300000001000100350001000100010000,5303,968,35,6,66,41,37,0,3315,0,1,1,53,1,1,1,0
2026-08-05T02:09:07.564030+00:00,a55a2582100014b703c50024000600420029002500000cf300000001000100330001000100010000,5303,965,36,6,66,41,37,0,3315,0,1,1,51,1,1,1,0
2026-08-05T02:09:08.150810+00:00,a55a2582100014b703c80025000600420029002500000cf300000001000100340001000100010000,5303,968,37,6,66,41,37,0,3315,0,1,1,52,1,1,1,0
2026-08-05T02:09:08.652738+00:00,a55a2582100014b703c80026000600420029002500000cf300000001000100350001000100010000,5303,968,38,6,66,41,37,0,3315,0,1,1,53,1,1,1,0
2026-08-05T02:09:09.254956+00:00,a55a2582100014b703c20027000600420029002500000cf300000001000100330001000100010000,5303,962,39,6,66,41,37,0,3315,0,1,1,51,1,1,1,0
2026-08-05T02:09:09.857109+00:00,a55a2582100014b703c80028000600420029002500000cf300000001000100340001000100010000,5303,968,40,6,66,41,37,0,3315,0,1,1,52,1,1,1,0
2026-08-05T02:09:10.359017+00:00,a55a2582100014b703c80029000600420029002500000cf300000001000100350001000100010000,5303,968,41,6,66,41,37,0,3315,0,1,1,53,1,1,1,0
2026-08-05T02:09:10.961267+00:00,a55a2582100014b703c5001f000600420029002500000cf300000001000100330001000100010000,5303,965,31,6,66,41,37,0,3315,0,1,1,51,1,1,1,0
2026-08-05T02:09:11.563530+00:00,a55a2582100014b703c80020000600420029002500000cf300000001000100340001000100010000,5303,968,32,6,66,41,37,0,3315,0,1,1,52,1,1,1,0
2026-08-05T02:09:12.065483+00:00,a55a2582100014b703c80021000600450029002500000cf300000001000100350001000100010000,5303,968,33,6,69,41,37,0,3315,0,1,1,53,1,1,1,0
2026-08-05T02:09:12.667814+00:00,a55a2582100014b803c20022000600450029002500000cf300000001000100330001000100010000,5304,962,34,6,69,41,37,0,3315,0,1,1,51,1,1,1,0
2026-08-05T02:09:13.269910+00:00,a55a2582100014b703c80023000600450029002500000cf300000001000100340001000100010000,5303,968,35,6,69,41,37,0,3315,0,1,1,52,1,1,1,0
2026-08-05T02:09:13.771798+00:00,a55a2582100014b703c80024000600450029002500000cf300000001000100350001000100010000,5303,968,36,6,69,41,37,0,3315,0,1,1,53,1,1,1,0
2026-08-05T02:09:14.374034+00:00,a55a2582100014b803c80025000600450029002500000cf300000001000100330001000100010000,5304,968,37,6,69,41,37,0,3315,0,1,1,51,1,1,1,0
2026-08-05T02:09:14.976199+00:00,a55a2582100014b703c80026000600450029002500000cf300000001000100340001000100010000,5303,968,38,6,69,41,37,0,3315,0,1,1,52,1,1,1,0
2026-08-05T02:09:15.477891+00:00,a55a2582100014b703c80027000600450029002500000cf300000001000100350001000100010000,5303,968,39,6,69,41,37,0,3315,0,1,1,53,1,1,1,0
2026-08-05T02:09:16.080195+00:00,a55a2582100014b803c80028000600450029002500000cf300000001000100330001000100010000,5304,968,40,6,69,41,37,0,3315,0,1,1,51,1,1,1,0
2026-08-05T02:09:16.682446+00:00,a55a2582100014b703cc0029000600450029002500000cf300000001000100340001000100010000,5303,972,41,6,69,41,37,0,3315,0,1,1,52,1,1,1,0
2026-08-05T02:09:17.184517+00:00,a55a2582100014b803cc001f000600430029002500000cf300000001000100350001000100010000,5304,972,31,6,67,41,37,0,3315,0,1,1,53,1,1,1,0
2026-08-05T02:09:17.770943+00:00,a55a2582100014b703c80020000600430029002500000cf300000001000100330001000100010000,5303,968,32,6,67,41,37,0,3315,0,1,1,51,1,1,1,0
2026-08-05T02:09:18.373329+00:00,a55a2582100014b703c80021000600430029002500000cf300000001000100340001000100010000,5303,968,33,6,67,41,37,0,3315,0,1,1,52,1,1,1,0
2026-08-05T02:09:18.975629+00:00,a55a2582100014b703c80022000600430029002500000cf300000001000100350001000100010000,5303,968,34,6,67,41,37,0,3315,0,1,1,53,1,1,1,0
2026-08-05T02:09:19.477478+00:00,a55a2582100014b803c80023000600430029002500000cf300000001000100330001000100010000,5304,968,35,6,67,41,37,0,3315,0,1,1,51,1,1,1,0
2026-08-05T02:09:20.682041+00:00,a55a2582100014b703c80025000600430029002500000cf300000001000100350001000100010000,5303,968,37,6,67,41,37,0,3315,0,1,1,53,1,1,1,0
2026-08-05T02:09:21.183986+00:00,a55a2582100014b803c80026000600430029002500000cf300000001000100330001000100010000,5304,968,38,6,67,41,37,0,3315,0,1,1,51,1,1,1,0
2026-08-05T02:09:21.786351+00:00,a55a2582100014b703c50027000600430029002500000cf300000001000100340001000100010000,5303,965,39,6,67,41,37,0,3315,0,1,1,52,1,1,1,0
2026-08-05T02:09:22.388572+00:00,a55a2582100014b803c50028000600430029002500000cf300000001000100350001000100010000,5304,965,40,6,67,41,37,0,3315,0,1,1,53,1,1,1,0
2026-08-05T02:09:22.890446+00:00,a55a2582100014b703c80029000600450029002500000cf300000001000100330001000100010000,5303,968,41,6,69,41,37,0,3315,0,1,1,51,1,1,1,0
2026-08-05T02:09:23.492856+00:00,a55a2582100014b803c8001f000600450029002500000cf300000001000100340001000100010000,5304,968,31,6,69,41,37,0,3315,0,1,1,52,1,1,1,0
2026-08-05T02:09:24.095241+00:00,a55a2582100014b803c80020000600450029002500000cf300000001000100350001000100010000,5304,968,32,6,69,41,37,0,3315,0,1,1,53,1,1,1,0
2026-08-05T02:09:24.597103+00:00,a55a2582100014b803c50021000600450029002500000cf300000001000100330001000100010000,5304,965,33,6,69,41,37,0,3315,0,1,1,51,1,1,1,0
2026-08-05T02:09:25.199437+00:00,a55a2582100014b703c50022000600450029002500000cf300000001000100340001000100010000,5303,965,34,6,69,41,37,0,3315,0,1,1,52,1,1,1,0
2026-08-05T02:09:25.801711+00:00,a55a2582100014b803cc0023000600450029002500000cf300000001000100350001000100010000,5304,972,35,6,69,41,37,0,3315,0,1,1,53,1,1,1,0
2026-08-05T02:09:26.303710+00:00,a55a2582100014b803cc0024000600450029002500000cf300000001000100330001000100010000,5304,972,36,6,69,41,37,0,3315,0,1,1,51,1,1,1,0
2026-08-05T02:09:26.905899+00:00,a55a2582100014b803cc0025000600450029002500000cf300000001000100340001000100010000,5304,972,37,6,69,41,37,0,3315,0,1,1,52,1,1,1,0
2026-08-05T02:09:27.508089+00:00,a55a2582100014b703c50026000600450029002500000cf300000001000100350001000100010000,5303,965,38,6,69,41,37,0,3315,0,1,1,53,1,1,1,0
2026-08-05T02:09:28.094642+00:00,a55a2582100014b803c8002700060041002a002500000cf300000001000100330001000100010000,5304,968,39,6,65,42,37,0,3315,0,1,1,51,1,1,1,0
2026-08-05T02:09:28.596687+00:00,a55a2582100014b803c8002800060041002a002500000cf300000001000100340001000100010000,5304,968,40,6,65,42,37,0,3315,0,1,1,52,1,1,1,0
2026-08-05T02:09:29.198928+00:00,a55a2582100014b803c2002900060041002a002500000cf300000001000100350001000100010000,5304,962,41,6,65,42,37,0,3315,0,1,1,53,1,1,1,0
2026-08-05T02:09:29.800895+00:00,a55a2582100014b803cc001f00060041002a002500000cf300000001000100330001000100010000,5304,972,31,6,65,42,37,0,3315,0,1,1,51,1,1,1,0
2026-08-05T02:09:30.303017+00:00,a55a2582100014b803cc002000060041002a002500000cf300000001000100340001000100010000,5304,972,32,6,65,42,37,0,3315,0,1,1,52,1,1,1,0
2026-08-05T02:09:30.905312+00:00,a55a2582100014b803c8002100060041002a002500000cf300000001000100350001000100010000,5304,968,33,6,65,42,37,0,3315,0,1,1,53,1,1,1,0
2026-08-05T02:09:31.507638+00:00,a55a2582100014b803c2002200060041002a002500000cf300000001000100330001000100010000,5304,962,34,6,65,42,37,0,3315,0,1,1,51,1,1,1,0
2026-08-05T02:09:32.009545+00:00,a55a2582100014b803c2002300060041002a002500000cf300000001000100340001000100010000,5304,962,35,6,65,42,37,0,3315,0,1,1,52,1,1,1,0
2026-08-05T02:09:32.611976+00:00,a55a2582100014b803c8002400060041002a002500000cf300000001000100350001000100010000,5304,968,36,6,65,42,37,0,3315,0,1,1,53,1,1,1,0
2026-08-05T02:09:33.214311+00:00,a55a2582100014b803c5002500060044002a002500000cf300000001000100330001000100010000,5304,965,37,6,68,42,37,0,3315,0,1,1,51,1,1,1,0
2026-08-05T02:09:33.716095+00:00,a55a2582100014b803c5002600060044002a002500000cf300000001000100340001000100010000,5304,965,38,6,68,42,37,0,3315,0,1,1,52,1,1,1,0
2026-08-05T02:09:34.318407+00:00,a55a2582100014b803c5002700060044002a002500000cf300000001000100350001000100010000,5304,965,39,6,68,42,37,0,3315,0,1,1,53,1,1,1,0
2026-08-05T02:09:34.920598+00:00,a55a2582100014b803c8002800060044002a002500000cf300000001000100330001000100010000,5304,968,40,6,68,42,37,0,3315,0,1,1,51,1,1,1,0
2026-08-05T02:09:35.422563+00:00,a55a2582100014b803c8002900060044002a002500000cf300000001000100340001000100010000,5304,968,41,6,68,42,37,0,3315,0,1,1,52,1,1,1,0
2026-08-05T02:09:36.024786+00:00,a55a2582100014b803c5001f00060044002a002500000cf400000001000100350001000100010000,5304,965,31,6,68,42,37,0,3316,0,1,1,53,1,1,1,0
2026-08-05T02:09:36.627109+00:00,a55a2582100014b703c5002000060044002a002500000cf300000001000100330001000100010000,5303,965,32,6,68,42,37,0,3315,0,1,1,51,1,1,1,0
2026-08-05T02:09:37.129111+00:00,a55a2582100014b803c5002100060044002a002500000cf300000001000100340001000100010000,5304,965,33,6,68,42,37,0,3315,0,1,1,52,1,1,1,0
2026-08-05T02:09:37.818280+00:00,a55a2582100014b803c8002200060044002a002500000cf300000001000100350001000100010000,5304,968,34,6,68,42,37,0,3315,0,1,1,53,1,1,1,0
2026-08-05T02:09:38.320474+00:00,a55a2582100014b803c5002300060044002a002500000cf300000001000100330001000100010000,5304,965,35,6,68,42,37,0,3315,0,1,1,51,1,1,1,0
2026-08-05T02:09:38.922816+00:00,a55a2582100014b803c5002400060044002a002500000cf300000001000100340001000100010000,5304,965,36,6,68,42,37,0,3315,0,1,1,52,1,1,1,0
2026-08-05T02:09:39.424605+00:00,a55a2582100014b803c5002500060044002a002500000cf300000001000100350001000100010000,5304,965,37,6,68,42,37,0,3315,0,1,1,53,1,1,1,0
2026-08-05T02:09:40.026818+00:00,a55a2582100014b803c8002600060044002a002500000cf300000001000100330001000100010000,5304,968,38,6,68,42,37,0,3315,0,1,1,51,1,1,1,0
2026-08-05T02:09:40.629098+00:00,a55a2582100014b803c8002700060044002a002500000cf300000001000100340001000100010000,5304,968,39,6,68,42,37,0,3315,0,1,1,52,1,1,1,0
2026-08-05T02:09:41.130936+00:00,a55a2582100014b803c5002800060044002a002500000cf400000001000100350001000100010000,5304,965,40,6,68,42,37,0,3316,0,1,1,53,1,1,1,0
2026-08-05T02:09:41.733084+00:00,a55a2582100014b803c8002900060044002a002500000cf300000001000100330001000100010000,5304,968,41,6,68,42,37,0,3315,0,1,1,51,1,1,1,0
2026-08-05T02:09:42.335130+00:00,a55a2582100014b803c8001f00060044002a002500000cf300000001000100340001000100010000,5304,968,31,6,68,42,37,0,3315,0,1,1,52,1,1,1,0
2026-08-05T02:09:42.836965+00:00,a55a2582100014b803c5002000060044002a002500000cf300000001000100350001000100010000,5304,965,32,6,68,42,37,0,3315,0,1,1,53,1,1,1,0
2026-08-05T02:09:43.439101+00:00,a55a2582100014b903c8002100060044002a002500000cf400000001000100330001000100010000,5305,968,33,6,68,42,37,0,3316,0,1,1,51,1,1,1,0
2026-08-05T02:09:44.041306+00:00,a55a2582100014b803c8002200060043002a002500000cf300000001000100340001000100010000,5304,968,34,6,67,42,37,0,3315,0,1,1,52,1,1,1,0
2026-08-05T02:09:44.543182+00:00,a55a2582100014b803c8002300060043002a002500000cf300000001000100350001000100010000,5304,968,35,6,67,42,37,0,3315,0,1,1,53,1,1,1,0
2026-08-05T02:09:45.145341+00:00,a55a2582100014b903c5002400060043002a002500000cf400000001000100330001000100010000,5305,965,36,6,67,42,37,0,3316,0,1,1,51,1,1,1,0
2026-08-05T02:09:45.747563+00:00,a55a2582100014b903c5002500060043002a002500000cf400000001000100340001000100010000,5305,965,37,6,67,42,37,0,3316,0,1,1,52,1,1,1,0
2026-08-05T02:09:46.249411+00:00,a55a2582100014b803c8002600060043002a002500000cf300000001000100350001000100010000,5304,968,38,6,67,42,37,0,3315,0,1,1,53,1,1,1,0
2026-08-05T02:09:46.851761+00:00,a55a2582100014b803c8002700060043002a002500000cf300000001000100330001000100010000,5304,968,39,6,67,42,37,0,3315,0,1,1,51,1,1,1,0
2026-08-05T02:09:47.453906+00:00,a55a2582100014b903c8002800060043002a002500000cf400000001000100340001000100010000,5305,968,40,6,67,42,37,0,3316,0,1,1,52,1,1,1,0
2026-08-05T02:09:48.040959+00:00,a55a2582100014b803c5002900060043002a002500000cf300000001000100350001000100010000,5304,965,41,6,67,42,37,0,3315,0,1,1,53,1,1,1,0
2026-08-05T02:09:48.542899+00:00,a55a2582100014b803c5001f00060043002a002500000cf300000001000100330001000100010000,5304,965,31,6,67,42,37,0,3315,0,1,1,51,1,1,1,0
2026-08-05T02:09:49.145097+00:00,a55a2582100014b903c5002000060046002a002500000cf400000001000100340001000100010000,5305,965,32,6,70,42,37,0,3316,0,1,1,52,1,1,1,0
2026-08-05T02:09:49.747220+00:00,a55a2582100014b803c5002100060046002a002500000cf400000001000100350001000100010000,5304,965,33,6,70,42,37,0,3316,0,1,1,53,1,1,1,0
2026-08-05T02:09:50.249048+00:00,a55a2582100014b803c5002200060046002a002500000cf300000001000100330001000100010000,5304,965,34,6,70,42,37,0,3315,0,1,1,51,1,1,1,0
2026-08-05T02:09:50.851572+00:00,a55a2582100014b803c5002300060046002a002500000cf300000001000100340001000100010000,5304,965,35,6,70,42,37,0,3315,0,1,1,52,1,1,1,0
2026-08-05T02:09:51.453670+00:00,a55a2582100014b903c8002400060046002a002500000cf400000001000100350001000100010000,5305,968,36,6,70,42,37,0,3316,0,1,1,53,1,1,1,0
2026-08-05T02:09:51.955474+00:00,a55a2582100014b903c8002500060046002a002500000cf400000001000100330001000100010000,5305,968,37,6,70,42,37,0,3316,0,1,1,51,1,1,1,0
2026-08-05T02:09:52.557671+00:00,a55a2582100014b903c8002600060046002a002500000cf400000001000100340001000100010000,5305,968,38,6,70,42,37,0,3316,0,1,1,52,1,1,1,0
2026-08-05T02:09:53.159908+00:00,a55a2582100014b903c8002700060046002a002500000cf400000001000100350001000100010000,5305,968,39,6,70,42,37,0,3316,0,1,1,53,1,1,1,0
2026-08-05T02:09:53.661788+00:00,a55a2582100014b903c8002800060046002a002500000cf400000001000100330001000100010000,5305,968,40,6,70,42,37,0,3316,0,1,1,51,1,1,1,0
2026-08-05T02:09:54.263951+00:00,a55a2582100014b903c8002900060042002a002500000cf400000001000100340001000100010000,5305,968,41,6,66,42,37,0,3316,0,1,1,52,1,1,1,0
2026-08-05T02:09:54.866394+00:00,a55a2582100014b803c8001f00060042002a002500000cf400000001000100350001000100010000,5304,968,31,6,66,42,37,0,3316,0,1,1,53,1,1,1,0
2026-08-05T02:09:55.368205+00:00,a55a2582100014b903c8002000060042002a002500000cf400000001000100330001000100010000,5305,968,32,6,66,42,37,0,3316,0,1,1,51,1,1,1,0
2026-08-05T02:09:55.970384+00:00,a55a2582100014b803c8002100060042002a002500000cf300000001000100340001000100010000,5304,968,33,6,66,42,37,0,3315,0,1,1,52,1,1,1,0
2026-08-05T02:09:56.572821+00:00,a55a2582100014b803c5002200060042002a002500000cf400000001000100350001000100010000,5304,965,34,6,66,42,37,0,3316,0,1,1,53,1,1,1,0
2026-08-05T02:09:57.074592+00:00,a55a2582100014b903c5002300060042002a002500000cf400000001000100330001000100010000,5305,965,35,6,66,42,37,0,3316,0,1,1,51,1,1,1,0
2026-08-05T02:09:57.676658+00:00,a55a2582100014b903c8002400060042002a002500000cf400000001000100340001000100010000,5305,968,36,6,66,42,37,0,3316,0,1,1,52,1,1,1,0
2026-08-05T02:09:58.263452+00:00,a55a2582100014b903c8002500060042002a002500000cf400000001000100350001000100010000,5305,968,37,6,66,42,37,0,3316,0,1,1,53,1,1,1,0
2026-08-05T02:09:58.865753+00:00,a55a2582100014b903c8002600060042002a002500000cf400000001000100330001000100010000,5305,968,38,6,66,42,37,0,3316,0,1,1,51,1,1,1,0
2026-08-05T02:09:59.367645+00:00,a55a2582100014b903c8002700060042002a002500000cf400000001000100340001000100010000,5305,968,39,6,66,42,37,0,3316,0,1,1,52,1,1,1,0
2026-08-05T02:09:59.969758+00:00,a55a2582100014b903c5002800060047002a002500000cf400000001000100350001000100010000,5305,965,40,6,71,42,37,0,3316,0,1,1,53,1,1,1,0
2026-08-05T02:10:00.571916+00:00,a55a2582100014b903c5002900060047002a002500000cf400000001000100330001000100010000,5305,965,41,6,71,42,37,0,3316,0,1,1,51,1,1,1,0
2026-08-05T02:10:01.073823+00:00,a55a2582100014b903c8001f00060047002a002500000cf400000001000100340001000100010000,5305,968,31,6,71,42,37,0,3316,0,1,1,52,1,1,1,0
2026-08-05T02:10:01.675919+00:00,a55a2582100014b903c8002000060047002a002500000cf400000001000100350001000100010000,5305,968,32,6,71,42,37,0,3316,0,1,1,53,1,1,1,0
2026-08-05T02:10:02.278084+00:00,a55a2582100014b903c8002100060047002a002500000cf400000001000100330001000100010000,5305,968,33,6,71,42,37,0,3316,0,1,1,51,1,1,1,0
2026-08-05T02:10:02.780053+00:00,a55a2582100014b903c2002200060047002a002500000cf400000001000100340001000100010000,5305,962,34,6,71,42,37,0,3316,0,1,1,52,1,1,1,0
2026-08-05T02:10:03.382060+00:00,a55a2582100014b903c5002300060047002a002500000cf400000001000100350001000100010000,5305,965,35,6,71,42,37,0,3316,0,1,1,53,1,1,1,0
2026-08-05T02:10:03.984218+00:00,a55a2582100014b903c5002400060047002a002500000cf400000001000100330001000100010000,5305,965,36,6,71,42,37,0,3316,0,1,1,51,1,1,1,0
2026-08-05T02:10:04.486089+00:00,a55a2582100014b903c8002500060047002a002500000cf400000001000100340001000100010000,5305,968,37,6,71,42,37,0,3316,0,1,1,52,1,1,1,0
2026-08-05T02:10:05.088488+00:00,a55a2582100014b903c8002600060042002a002500000cf400000001000100350001000100010000,5305,968,38,6,66,42,37,0,3316,0,1,1,53,1,1,1,0
2026-08-05T02:10:05.690709+00:00,a55a2582100014b903c8002700060042002a002500000cf400000001000100330001000100010000,5305,968,39,6,66,42,37,0,3316,0,1,1,51,1,1,1,0
2026-08-05T02:10:06.192522+00:00,a55a2582100014b803c5002800060042002a002500000cf400000001000100340001000100010000,5304,965,40,6,66,42,37,0,3316,0,1,1,52,1,1,1,0
2026-08-05T02:10:06.794898+00:00,a55a2582100014b903c5002900060042002a002500000cf400000001000100350001000100010000,5305,965,41,6,66,42,37,0,3316,0,1,1,53,1,1,1,0
2026-08-05T02:10:07.397139+00:00,a55a2582100014b903c5001f00060042002a002500000cf400000001000100330001000100010000,5305,965,31,6,66,42,37,0,3316,0,1,1,51,1,1,1,0
2026-08-05T02:10:07.985396+00:00,a55a2582100014b803cc002000060042002a002500000cf400000001000100340001000100010000,5304,972,32,6,66,42,37,0,3316,0,1,1,52,1,1,1,0
2026-08-05T02:10:08.487352+00:00,a55a2582100014b903cc002100060042002a002500000cf400000001000100350001000100010000,5305,972,33,6,66,42,37,0,3316,0,1,1,53,1,1,1,0
2026-08-05T02:10:09.089821+00:00,a55a2582100014b903cc002200060042002a002500000cf400000001000100330001000100010000,5305,972,34,6,66,42,37,0,3316,0,1,1,51,1,1,1,0
2026-08-05T02:10:09.692057+00:00,a55a2582100014b903c8002300060042002a002500000cf400000001000100340001000100010000,5305,968,35,6,66,42,37,0,3316,0,1,1,52,1,1,1,0
2026-08-05T02:10:10.193973+00:00,a55a2582100014b903c8002400060046002a002500000cf400000001000100350001000100010000,5305,968,36,6,70,42,37,0,3316,0,1,1,53,1,1,1,0
2026-08-05T02:10:10.796513+00:00,a55a2582100014b903c5002500060046002a002500000cf400000001000100330001000100010000,5305,965,37,6,70,42,37,0,3316,0,1,1,51,1,1,1,0
2026-08-05T02:10:11.398778+00:00,a55a2582100014b903cc002600060046002a002500000cf400000001000100340001000100010000,5305,972,38,6,70,42,37,0,3316,0,1,1,52,1,1,1,0
2026-08-05T02:10:11.900551+00:00,a55a2582100014b903cc002700060046002a002500000cf400000001000100350001000100010000,5305,972,39,6,70,42,37,0,3316,0,1,1,53,1,1,1,0
2026-08-05T02:10:12.502731+00:00,a55a2582100014b903c8002800060046002a002500000cf400000001000100330001000100010000,5305,968,40,6,70,42,37,0,3316,0,1,1,51,1,1,1,0
2026-08-05T02:10:13.105045+00:00,a55a2582100014b903c5002900060046002a002500000cf400000001000100340001000100010000,5305,965,41,6,70,42,37,0,3316,0,1,1,52,1,1,1,0
2026-08-05T02:10:13.606944+00:00,a55a2582100014b903c5001f00060046002a002500000cf400000001000100350001000100010000,5305,965,31,6,70,42,37,0,3316,0,1,1,53,1,1,1,0
2026-08-05T02:10:14.209212+00:00,a55a2582100014b903c8002000060046002a002500000cf400000001000100330001000100010000,5305,968,32,6,70,42,37,0,3316,0,1,1,51,1,1,1,0
2026-08-05T02:10:14.811404+00:00,a55a2582100014b903c8002100060046002a002500000cf400000001000100340001000100010000,5305,968,33,6,70,42,37,0,3316,0,1,1,52,1,1,1,0
2026-08-05T02:10:15.313384+00:00,a55a2582100014b903c8002200060044002a002500000cf400000001000100350001000100010000,5305,968,34,6,68,42,37,0,3316,0,1,1,53,1,1,1,0
2026-08-05T02:10:15.915607+00:00,a55a2582100014b903c5002300060044002a002500000cf400000001000100330001000100010000,5305,965,35,6,68,42,37,0,3316,0,1,1,51,1,1,1,0
2026-08-05T02:10:16.517724+00:00,a55a2582100014b903c5002400060044002a002500000cf400000001000100340001000100010000,5305,965,36,6,68,42,37,0,3316,0,1,1,52,1,1,1,0
2026-08-05T02:10:17.019789+00:00,a55a2582100014b903c5002500060044002a002500000cf400000001000100350001000100010000,5305,965,37,6,68,42,37,0,3316,0,1,1,53,1,1,1,0
2026-08-05T02:10:17.622055+00:00,a55a2582100014b903c5002600060044002a002500000cf400000001000100330001000100010000,5305,965,38,6,68,42,37,0,3316,0,1,1,51,1,1,1,0
2026-08-05T02:10:18.208910+00:00,a55a2582100014b903c5002700060044002a002500000cf400000001000100340001000100010000,5305,965,39,6,68,42,37,0,3316,0,1,1,52,1,1,1,0
2026-08-05T02:10:18.811235+00:00,a55a2582100014b903c5002800060044002a002500000cf400000001000100350001000100010000,5305,965,40,6,68,42,37,0,3316,0,1,1,53,1,1,1,0
2026-08-05T02:10:19.313041+00:00,a55a2582100014b903c8002900060044002a002500000cf400000001000100330001000100010000,5305,968,41,6,68,42,37,0,3316,0,1,1,51,1,1,1,0
2026-08-05T02:10:19.915286+00:00,a55a2582100014ba03c8001f00060044002a002500000cf400000001000100340001000100010000,5306,968,31,6,68,42,37,0,3316,0,1,1,52,1,1,1,0
2026-08-05T02:10:20.517357+00:00,a55a2582100014b903c8002000060044002a002500000cf400000001000100350001000100010000,5305,968,32,6,68,42,37,0,3316,0,1,1,53,1,1,1,0
2026-08-05T02:10:21.019463+00:00,a55a2582100014b903cc002100060043002a002500000cf400000001000100330001000100010000,5305,972,33,6,67,42,37,0,3316,0,1,1,51,1,1,1,0
2026-08-05T02:10:21.621743+00:00,a55a2582100014b903c5002200060043002a002500000cf400000001000100340001000100010000,5305,965,34,6,67,42,37,0,3316,0,1,1,52,1,1,1,0
2026-08-05T02:10:22.224101+00:00,a55a2582100014ba03c5002300060043002a002500000cf400000001000100350001000100010000,5306,965,35,6,67,42,37,0,3316,0,1,1,53,1,1,1,0
2026-08-05T02:10:22.725931+00:00,a55a2582100014b903c2002400060043002a002500000cf400000001000100330001000100010000,5305,962,36,6,67,42,37,0,3316,0,1,1,51,1,1,1,0
2026-08-05T02:10:23.328402+00:00,a55a2582100014b903c8002500060043002a002500000cf400000001000100340001000100010000,5305,968,37,6,67,42,37,0,3316,0,1,1,52,1,1,1,0
2026-08-05T02:10:23.930551+00:00,a55a2582100014b903c8002600060043002a002500000cf400000001000100350001000100010000,5305,968,38,6,67,42,37,0,3316,0,1,1,53,1,1,1,0
2026-08-05T02:10:24.432291+00:00,a55a2582100014b903c8002700060043002a002500000cf400000001000100330001000100010000,5305,968,39,6,67,42,37,0,3316,0,1,1,51,1,1,1,0
2026-08-05T02:10:25.034700+00:00,a55a2582100014b903c8002800060043002a002500000cf400000001000100340001000100010000,5305,968,40,6,67,42,37,0,3316,0,1,1,52,1,1,1,0
2026-08-05T02:10:25.636752+00:00,a55a2582100014b903c2002900060043002a002500000cf400000001000100350001000100010000,5305,962,41,6,67,42,37,0,3316,0,1,1,53,1,1,1,0
2026-08-05T02:10:26.138652+00:00,a55a2582100014b903c5001f00060044002a002500000cf400000001000100330001000100010000,5305,965,31,6,68,42,37,0,3316,0,1,1,51,1,1,1,0
2026-08-05T02:10:26.740787+00:00,a55a2582100014b903c5002000060044002a002500000cf400000001000100340001000100010000,5305,965,32,6,68,42,37,0,3316,0,1,1,52,1,1,1,0
2026-08-05T02:10:27.342999+00:00,a55a2582100014b903c8002100060044002a002500000cf400000001000100350001000100010000,5305,968,33,6,68,42,37,0,3316,0,1,1,53,1,1,1,0
2026-08-05T02:10:27.929959+00:00,a55a2582100014ba03c8002200060044002a002500000cf400000001000100330001000100010000,5306,968,34,6,68,42,37,0,3316,0,1,1,51,1,1,1,0
2026-08-05T02:10:28.431738+00:00,a55a2582100014ba03c8002300060044002a002500000cf500000001000100340001000100010000,5306,968,35,6,68,42,37,0,3317,0,1,1,52,1,1,1,0
2026-08-05T02:10:29.034068+00:00,a55a2582100014ba03c5002400060044002a002500000cf500000001000100350001000100010000,5306,965,36,6,68,42,37,0,3317,0,1,1,53,1,1,1,0
2026-08-05T02:10:29.636159+00:00,a55a2582100014b903c8002500060044002a002500000cf400000001000100330001000100010000,5305,968,37,6,68,42,37,0,3316,0,1,1,51,1,1,1,0
2026-08-05T02:10:30.138041+00:00,a55a2582100014ba03c8002600060044002a002500000cf400000001000100340001000100010000,5306,968,38,6,68,42,37,0,3316,0,1,1,52,1,1,1,0
2026-08-05T02:10:30.740263+00:00,a55a2582100014ba03cf002700060044002a002500000cf400000001000100350001000100010000,5306,975,39,6,68,42,37,0,3316,0,1,1,53,1,1,1,0
2026-08-05T02:10:31.342659+00:00,a55a2582100014ba03c5002800060046002a002500000cf500000001000100330001000100010000,5306,965,40,6,70,42,37,0,3317,0,1,1,51,1,1,1,0
2026-08-05T02:10:31.844502+00:00,a55a2582100014b903c5002900060046002a002500000cf400000001000100340001000100010000,5305,965,41,6,70,42,37,0,3316,0,1,1,52,1,1,1,0
2026-08-05T02:10:32.446685+00:00,a55a2582100014ba03c2001f00060046002a002500000cf400000001000100350001000100010000,5306,962,31,6,70,42,37,0,3316,0,1,1,53,1,1,1,0
2026-08-05T02:10:33.049014+00:00,a55a2582100014ba03c2002000060046002a002500000cf400000001000100330001000100010000,5306,962,32,6,70,42,37,0,3316,0,1,1,51,1,1,1,0
2026-08-05T02:10:33.550848+00:00,a55a2582100014ba03c2002100070046002a002500000cf500000001000100340001000100010000,5306,962,33,7,70,42,37,0,3317,0,1,1,52,1,1,1,0
2026-08-05T02:10:34.153066+00:00,a55a2582100014ba03c2002200070046002a002500000cf400000001000100350001000100010000,5306,962,34,7,70,42,37,0,3316,0,1,1,53,1,1,1,0
2026-08-05T02:10:34.755213+00:00,a55a2582100014ba03c5002300070046002a002500000cf400000001000100330001000100010000,5306,965,35,7,70,42,37,0,3316,0,1,1,51,1,1,1,0
2026-08-05T02:10:35.257196+00:00,a55a2582100014ba03c5002400070046002a002500000cf400000001000100340001000100010000,5306,965,36,7,70,42,37,0,3316,0,1,1,52,1,1,1,0
2026-08-05T02:10:35.859469+00:00,a55a2582100014ba03c8002500070046002a002500000cf400000001000100350001000100010000,5306,968,37,7,70,42,37,0,3316,0,1,1,53,1,1,1,0
2026-08-05T02:10:36.461514+00:00,a55a2582100014ba03c8002600070043002a002500000cf400000001000100330001000100010000,5306,968,38,7,67,42,37,0,3316,0,1,1,51,1,1,1,0
2026-08-05T02:10:36.963574+00:00,a55a2582100014ba03c8002700070043002a002500000cf400000001000100340001000100010000,5306,968,39,7,67,42,37,0,3316,0,1,1,52,1,1,1,0
2026-08-05T02:10:37.566672+00:00,a55a2582100014b903c5002800070043002a002500000cf400000001000100350001000100010000,5305,965,40,7,67,42,37,0,3316,0,1,1,53,1,1,1,0
2026-08-05T02:10:38.152445+00:00,a55a2582100014ba03c5002900070043002a002500000cf400000001000100330001000100010000,5306,965,41,7,67,42,37,0,3316,0,1,1,51,1,1,1,0
2026-08-05T02:10:38.654352+00:00,a55a2582100014b903c5001f00070043002a002500000cf400000001000100340001000100010000,5305,965,31,7,67,42,37,0,3316,0,1,1,52,1,1,1,0
2026-08-05T02:10:39.256675+00:00,a55a2582100014ba03c8002000070043002a002500000cf500000001000100350001000100010000,5306,968,32,7,67,42,37,0,3317,0,1,1,53,1,1,1,0
2026-08-05T02:10:39.858803+00:00,a55a2582100014ba03c8002100070043002a002500000cf400000001000100330001000100010000,5306,968,33,7,67,42,37,0,3316,0,1,1,51,1,1,1,0
2026-08-05T02:10:40.460964+00:00,a55a2582100014ba03c8002200070043002a002500000cf500000001000100340001000100010000,5306,968,34,7,67,42,37,0,3317,0,1,1,52,1,1,1,0
2026-08-05T02:10:40.965149+00:00,a55a2582100014ba03c5002300070043002a002500000cf400000001000100350001000100010000,5306,965,35,7,67,42,37,0,3316,0,1,1,53,1,1,1,0
2026-08-05T02:10:41.567402+00:00,a55a2582100014ba03c2002400070043002a002500000cf400000001000100330001000100010000,5306,962,36,7,67,42,37,0,3316,0,1,1,51,1,1,1,0
2026-08-05T02:10:42.169662+00:00,a55a2582100014ba03c2002500070043002a002500000cf400000001000100340001000100010000,5306,962,37,7,67,42,37,0,3316,0,1,1,52,1,1,1,0
2026-08-05T02:10:42.671494+00:00,a55a2582100014ba03c5002600070043002a002500000cf500000001000100350001000100010000,5306,965,38,7,67,42,37,0,3317,0,1,1,53,1,1,1,0
2026-08-05T02:10:43.273866+00:00,a55a2582100014ba03c5002700070043002a002500000cf500000001000100330001000100010000,5306,965,39,7,67,42,37,0,3317,0,1,1,51,1,1,1,0
2026-08-05T02:10:43.875915+00:00,a55a2582100014ba03c5002800070043002a002500000cf400000001000100340001000100010000,5306,965,40,7,67,42,37,0,3316,0,1,1,52,1,1,1,0
2026-08-05T02:10:44.377605+00:00,a55a2582100014ba03c5002900070043002a002500000cf400000001000100350001000100010000,5306,965,41,7,67,42,37,0,3316,0,1,1,53,1,1,1,0
2026-08-05T02:10:44.979806+00:00,a55a2582100014ba03c5001f00070043002a002500000cf400000001000100330001000100010000,5306,965,31,7,67,42,37,0,3316,0,1,1,51,1,1,1,0
2026-08-05T02:10:45.582071+00:00,a55a2582100014ba03c5002000070043002a002500000cf400000001000100340001000100010000,5306,965,32,7,67,42,37,0,3316,0,1,1,52,1,1,1,0
2026-08-05T02:10:46.084032+00:00,a55a2582100014ba03c8002100070043002a002500000cf500000001000100350001000100010000,5306,968,33,7,67,42,37,0,3317,0,1,1,53,1,1,1,0
2026-08-05T02:10:46.686167+00:00,a55a2582100014ba03c8002200070043002a002500000cf500000001000100330001000100010000,5306,968,34,7,67,42,37,0,3317,0,1,1,51,1,1,1,0
2026-08-05T02:10:47.288474+00:00,a55a2582100014ba03c5002300070044002a002500000cf400000001000100340001000100010000,5306,965,35,7,68,42,37,0,3316,0,1,1,52,1,1,1,0
2026-08-05T02:10:47.790323+00:00,a55a2582100014ba03c2002400070044002a002500000cf400000001000100350001000100010000,5306,962,36,7,68,42,37,0,3316,0,1,1,53,1,1,1,0
2026-08-05T02:10:48.376081+00:00,a55a2582100014ba03c2002500070044002a002500000cf500000001000100330001000100010000,5306,962,37,7,68,42,37,0,3317,0,1,1,51,1,1,1,0
2026-08-05T02:10:48.978190+00:00,a55a2582100014ba03cc002600070044002a002500000cf500000001000100340001000100010000,5306,972,38,7,68,42,37,0,3317,0,1,1,52,1,1,1,0
2026-08-05T02:10:49.480144+00:00,a55a2582100014ba03c8002700070044002a002500000cf500000001000100350001000100010000,5306,968,39,7,68,42,37,0,3317,0,1,1,53,1,1,1,0
2026-08-05T02:10:50.082404+00:00,a55a2582100014ba03c8002800070044002a002500000cf500000001000100330001000100010000,5306,968,40,7,68,42,37,0,3317,0,1,1,51,1,1,1,0
2026-08-05T02:10:50.684558+00:00,a55a2582100014ba03c5002900070044002a002500000cf500000001000100340001000100010000,5306,965,41,7,68,42,37,0,3317,0,1,1,52,1,1,1,0
2026-08-05T02:10:51.286981+00:00,a55a2582100014ba03c2001f00070044002a002500000cf400000001000100350001000100010000,5306,962,31,7,68,42,37,0,3316,0,1,1,53,1,1,1,0
2026-08-05T02:10:51.788834+00:00,a55a2582100014ba03c2002000070044002a002500000cf500000001000100330001000100010000,5306,962,32,7,68,42,37,0,3317,0,1,1,51,1,1,1,0
2026-08-05T02:10:52.391033+00:00,a55a2582100014ba03c2002100070046002a002500000cf500000001000100340001000100010000,5306,962,33,7,70,42,37,0,3317,0,1,1,52,1,1,1,0
2026-08-05T02:10:52.993186+00:00,a55a2582100014bb03c5002200070046002a002500000cf500000001000100350001000100010000,5307,965,34,7,70,42,37,0,3317,0,1,1,53,1,1,1,0
2026-08-05T02:10:53.495201+00:00,a55a2582100014ba03c5002300070046002a002500000cf400000001000100330001000100010000,5306,965,35,7,70,42,37,0,3316,0,1,1,51,1,1,1,0
2026-08-05T02:10:54.097450+00:00,a55a2582100014ba03c2002400070046002a002500000cf400000001000100340001000100010000,5306,962,36,7,70,42,37,0,3316,0,1,1,52,1,1,1,0
2026-08-05T02:10:54.699703+00:00,a55a2582100014ba03c5002500070046002a002500000cf500000001000100350001000100010000,5306,965,37,7,70,42,37,0,3317,0,1,1,53,1,1,1,0
2026-08-05T02:10:55.201688+00:00,a55a2582100014ba03c5002600070046002a002500000cf500000001000100330001000100010000,5306,965,38,7,70,42,37,0,3317,0,1,1,51,1,1,1,0
2026-08-05T02:10:55.803987+00:00,a55a2582100014ba03c5002700070046002a002500000cf500000001000100340001000100010000,5306,965,39,7,70,42,37,0,3317,0,1,1,52,1,1,1,0
2026-08-05T02:10:56.406145+00:00,a55a2582100014ba03c8002800070046002a002500000cf500000001000100350001000100010000,5306,968,40,7,70,42,37,0,3317,0,1,1,53,1,1,1,0
2026-08-05T02:10:56.908045+00:00,a55a2582100014ba03c8002900070046002a002500000cf500000001000100330001000100010000,5306,968,41,7,70,42,37,0,3317,0,1,1,51,1,1,1,0
2026-08-05T02:10:57.510376+00:00,a55a2582100014ba03c8001f00070046002a002500000cf500000001000100340001000100010000,5306,968,31,7,70,42,37,0,3317,0,1,1,52,1,1,1,0
2026-08-05T02:10:58.095733+00:00,a55a2582100014ba03c5002000070047002a002500000cf500000001000100350001000100010000,5306,965,32,7,71,42,37,0,3317,0,1,1,53,1,1,1,0
2026-08-05T02:10:58.597666+00:00,a55a2582100014bb03c5002100070047002a002500000cf500000001000100330001000100010000,5307,965,33,7,71,42,37,0,3317,0,1,1,51,1,1,1,0
2026-08-05T02:10:59.199806+00:00,a55a2582100014bb03c8002200070047002a002500000cf500000001000100340001000100010000,5307,968,34,7,71,42,37,0,3317,0,1,1,52,1,1,1,0
2026-08-05T02:10:59.802156+00:00,a55a2582100014ba03c2002300070047002a002500000cf500000001000100350001000100010000,5306,962,35,7,71,42,37,0,3317,0,1,1,53,1,1,1,0
2026-08-05T02:11:00.304064+00:00,a55a2582100014ba03c2002400070047002a002500000cf500000001000100330001000100010000,5306,962,36,7,71,42,37,0,3317,0,1,1,51,1,1,1,0
2026-08-05T02:11:00.906254+00:00,a55a2582100014ba03c2002500070047002a002500000cf500000001000100340001000100010000,5306,962,37,7,71,42,37,0,3317,0,1,1,52,1,1,1,0
2026-08-05T02:11:01.508607+00:00,a55a2582100014ba03c2002600070047002a002500000cf500000001000100350001000100010000,5306,962,38,7,71,42,37,0,3317,0,1,1,53,1,1,1,0
2026-08-05T02:11:02.010524+00:00,a55a2582100014bb03c5002700070047002a002500000cf500000001000100330001000100010000,5307,965,39,7,71,42,37,0,3317,0,1,1,51,1,1,1,0
2026-08-05T02:11:02.612693+00:00,a55a2582100014bb03cc002800070047002a002500000cf500000001000100340001000100010000,5307,972,40,7,71,42,37,0,3317,0,1,1,52,1,1,1,0
2026-08-05T02:11:03.214991+00:00,a55a2582100014bb03cc002900070043002a002500000cf500000001000100350001000100010000,5307,972,41,7,67,42,37,0,3317,0,1,1,53,1,1,1,0
2026-08-05T02:11:03.817335+00:00,a55a2582100014ba03c5001f00070043002a002500000cf400000001000100330001000100010000,5306,965,31,7,67,42,37,0,3316,0,1,1,51,1,1,1,0
2026-08-05T02:11:04.319239+00:00,a55a2582100014ba03c5002000070043002a002500000cf500000001000100340001000100010000,5306,965,32,7,67,42,37,0,3317,0,1,1,52,1,1,1,0
2026-08-05T02:11:04.921331+00:00,a55a2582100014bb03c5002100070043002a002500000cf500000001000100350001000100010000,5307,965,33,7,67,42,37,0,3317,0,1,1,53,1,1,1,0
2026-08-05T02:11:05.523707+00:00,a55a2582100014bb03c5002200070043002a002500000cf500000001000100330001000100010000,5307,965,34,7,67,42,37,0,3317,0,1,1,51,1,1,1,0
2026-08-05T02:11:06.025567+00:00,a55a2582100014ba03c5002300070043002a002500000cf500000001000100340001000100010000,5306,965,35,7,67,42,37,0,3317,0,1,1,52,1,1,1,0
2026-08-05T02:11:06.627672+00:00,a55a2582100014bb03c5002400070043002a002500000cf500000001000100350001000100010000,5307,965,36,7,67,42,37,0,3317,0,1,1,53,1,1,1,0
2026-08-05T02:11:07.229801+00:00,a55a2582100014bb03c8002500070043002a002500000cf500000001000100330001000100010000,5307,968,37,7,67,42,37,0,3317,0,1,1,51,1,1,1,0
2026-08-05T02:11:07.731676+00:00,a55a2582100014bb03c5002600070043002a002500000cf500000001000100340001000100010000,5307,965,38,7,67,42,37,0,3317,0,1,1,52,1,1,1,0
2026-08-05T02:11:08.316791+00:00,a55a2582100014bb03c5002700070041002a002500000cf500000001000100350001000100010000,5307,965,39,7,65,42,37,0,3317,0,1,1,53,1,1,1,0
2026-08-05T02:11:08.918981+00:00,a55a2582100014bb03c5002800070041002a002500000cf500000001000100330001000100010000,5307,965,40,7,65,42,37,0,3317,0,1,1,51,1,1,1,0
2026-08-05T02:11:09.421044+00:00,a55a2582100014ba03c5002900070041002a002500000cf500000001000100340001000100010000,5306,965,41,7,65,42,37,0,3317,0,1,1,52,1,1,1,0
2026-08-05T02:11:10.023223+00:00,a55a2582100014ba03c5001f00070041002a002500000cf500000001000100350001000100010000,5306,965,31,7,65,42,37,0,3317,0,1,1,53,1,1,1,0
2026-08-05T02:11:10.625282+00:00,a55a2582100014bb03c5002000070041002a002500000cf500000001000100330001000100010000,5307,965,32,7,65,42,37,0,3317,0,1,1,51,1,1,1,0
2026-08-05T02:11:11.127197+00:00,a55a2582100014bb03c8002100070041002a002500000cf500000001000100340001000100010000,5307,968,33,7,65,42,37,0,3317,0,1,1,52,1,1,1,0
2026-08-05T02:11:11.729298+00:00,a55a2582100014bb03c8002200070041002a002500000cf500000001000100350001000100010000,5307,968,34,7,65,42,37,0,3317,0,1,1,53,1,1,1,0
2026-08-05T02:11:12.331338+00:00,a55a2582100014bb03c8002300070041002a002500000cf500000001000100330001000100010000,5307,968,35,7,65,42,37,0,3317,0,1,1,51,1,1,1,0
2026-08-05T02:11:12.933571+00:00,a55a2582100014ba03c5002400070041002a002500000cf500000001000100340001000100010000,5306,965,36,7,65,42,37,0,3317,0,1,1,52,1,1,1,0
2026-08-05T02:11:13.440223+00:00,a55a2582100014bb03c5002500070045002a002500000cf500000001000100350001000100010000,5307,965,37,7,69,42,37,0,3317,0,1,1,53,1,1,1,0
2026-08-05T02:11:14.042224+00:00,a55a2582100014bb03c5002600070045002a002500000cf500000001000100330001000100010000,5307,965,38,7,69,42,37,0,3317,0,1,1,51,1,1,1,0
2026-08-05T02:11:14.543921+00:00,a55a2582100014bb03c2002700070045002a002500000cf500000001000100340001000100010000,5307,962,39,7,69,42,37,0,3317,0,1,1,52,1,1,1,0
2026-08-05T02:11:15.146141+00:00,a55a2582100014bb03c2002800070045002a002500000cf500000001000100350001000100010000,5307,962,40,7,69,42,37,0,3317,0,1,1,53,1,1,1,0
2026-08-05T02:11:15.748508+00:00,a55a2582100014bb03c8002900070045002a002500000cf500000001000100330001000100010000,5307,968,41,7,69,42,37,0,3317,0,1,1,51,1,1,1,0
2026-08-05T02:11:16.350688+00:00,a55a2582100014bb03c5001f00070045002a002500000cf500000001000100340001000100010000,5307,965,31,7,69,42,37,0,3317,0,1,1,52,1,1,1,0
2026-08-05T02:11:16.852547+00:00,a55a2582100014bb03c5002000070045002a002500000cf500000001000100350001000100010000,5307,965,32,7,69,42,37,0,3317,0,1,1,53,1,1,1,0
2026-08-05T02:11:17.454807+00:00,a55a2582100014bb03c8002100070045002a002500000cf500000001000100330001000100010000,5307,968,33,7,69,42,37,0,3317,0,1,1,51,1,1,1,0
2026-08-05T02:11:18.042514+00:00,a55a2582100014bb03c8002200070045002a002500000cf500000001000100340001000100010000,5307,968,34,7,69,42,37,0,3317,0,1,1,52,1,1,1,0
2026-08-05T02:11:18.544343+00:00,a55a2582100014bb03c8002300070045002a002500000cf500000001000100350001000100010000,5307,968,35,7,69,42,37,0,3317,0,1,1,53,1,1,1,0
2026-08-05T02:11:19.146595+00:00,a55a2582100014bb03c2002400070045002a002500000cf500000001000100330001000100010000,5307,962,36,7,69,42,37,0,3317,0,1,1,51,1,1,1,0
2026-08-05T02:11:19.748720+00:00,a55a2582100014bb03c2002500070045002a002500000cf500000001000100340001000100010000,5307,962,37,7,69,42,37,0,3317,0,1,1,52,1,1,1,0
2026-08-05T02:11:20.250486+00:00,a55a2582100014bb03c2002600070045002a002500000cf500000001000100350001000100010000,5307,962,38,7,69,42,37,0,3317,0,1,1,53,1,1,1,0
2026-08-05T02:11:20.852642+00:00,a55a2582100014bb03c8002700070045002a002500000cf500000001000100330001000100010000,5307,968,39,7,69,42,37,0,3317,0,1,1,51,1,1,1,0
2026-08-05T02:11:21.454742+00:00,a55a2582100014bb03c5002800070045002a002500000cf500000001000100340001000100010000,5307,965,40,7,69,42,37,0,3317,0,1,1,52,1,1,1,0
2026-08-05T02:11:21.956874+00:00,a55a2582100014bb03c5002900070045002a002500000cf500000001000100350001000100010000,5307,965,41,7,69,42,37,0,3317,0,1,1,53,1,1,1,0
2026-08-05T02:11:22.559080+00:00,a55a2582100014bb03c5001f00070045002a002500000cf500000001000100330001000100010000,5307,965,31,7,69,42,37,0,3317,0,1,1,51,1,1,1,0
2026-08-05T02:11:23.161372+00:00,a55a2582100014bb03c5002000070045002a002500000cf500000001000100340001000100010000,5307,965,32,7,69,42,37,0,3317,0,1,1,52,1,1,1,0
2026-08-05T02:11:23.663441+00:00,a55a2582100014bb03c8002100070045002a002500000cf500000001000100350001000100010000,5307,968,33,7,69,42,37,0,3317,0,1,1,53,1,1,1,0
2026-08-05T02:11:24.265690+00:00,a55a2582100014bb03c5002200070044002a002500000cf500000001000100330001000100010000,5307,965,34,7,68,42,37,0,3317,0,1,1,51,1,1,1,0
2026-08-05T02:11:24.867892+00:00,a55a2582100014bb03c5002300070044002a002500000cf500000001000100340001000100010000,5307,965,35,7,68,42,37,0,3317,0,1,1,52,1,1,1,0
2026-08-05T02:11:25.470104+00:00,a55a2582100014bb03c8002400070044002a002500000cf500000001000100350001000100010000,5307,968,36,7,68,42,37,0,3317,0,1,1,53,1,1,1,0
2026-08-05T02:11:25.972171+00:00,a55a2582100014bb03c8002500070044002a002500000cf500000001000100330001000100010000,5307,968,37,7,68,42,37,0,3317,0,1,1,51,1,1,1,0
2026-08-05T02:11:26.574395+00:00,a55a2582100014bb03c8002600070044002a002500000cf500000001000100340001000100010000,5307,968,38,7,68,42,37,0,3317,0,1,1,52,1,1,1,0
2026-08-05T02:11:27.176537+00:00,a55a2582100014bc03c5002700070044002a002500000cf600000001000100350001000100010000,5308,965,39,7,68,42,37,0,3318,0,1,1,53,1,1,1,0
2026-08-05T02:11:27.678452+00:00,a55a2582100014bb03c5002800070044002a002500000cf500000001000100330001000100010000,5307,965,40,7,68,42,37,0,3317,0,1,1,51,1,1,1,0
2026-08-05T02:11:28.264535+00:00,a55a2582100014bb03c5002900070044002a002500000cf500000001000100340001000100010000,5307,965,41,7,68,42,37,0,3317,0,1,1,52,1,1,1,0
2026-08-05T02:11:28.866841+00:00,a55a2582100014bb03c8001f00070044002a002500000cf500000001000100350001000100010000,5307,968,31,7,68,42,37,0,3317,0,1,1,53,1,1,1,0
2026-08-05T02:11:29.368735+00:00,a55a2582100014bc03c8002000070042002a002500000cf600000001000100330001000100010000,5308,968,32,7,66,42,37,0,3318,0,1,1,51,1,1,1,0
2026-08-05T02:11:29.970658+00:00,a55a2582100014bc03c8002100070042002a002500000cf500000001000100340001000100010000,5308,968,33,7,66,42,37,0,3317,0,1,1,52,1,1,1,0
2026-08-05T02:11:30.573027+00:00,a55a2582100014bc03c2002200070042002a002500000cf500000001000100350001000100010000,5308,962,34,7,66,42,37,0,3317,0,1,1,53,1,1,1,0
2026-08-05T02:11:31.074949+00:00,a55a2582100014bb03c5002300070042002a002500000cf500000001000100330001000100010000,5307,965,35,7,66,42,37,0,3317,0,1,1,51,1,1,1,0
2026-08-05T02:11:31.677193+00:00,a55a2582100014bb03c5002400070042002a002500000cf500000001000100340001000100010000,5307,965,36,7,66,42,37,0,3317,0,1,1,52,1,1,1,0
2026-08-05T02:11:32.279324+00:00,a55a2582100014bb03c2002500070042002a002500000cf500000001000100350001000100010000,5307,962,37,7,66,42,37,0,3317,0,1,1,53,1,1,1,0
2026-08-05T02:11:32.781145+00:00,a55a2582100014bb03c2002600070042002a002500000cf500000001000100330001000100010000,5307,962,38,7,66,42,37,0,3317,0,1,1,51,1,1,1,0
2026-08-05T02:11:33.383427+00:00,a55a2582100014bb03c2002700070042002a002500000cf500000001000100340001000100010000,5307,962,39,7,66,42,37,0,3317,0,1,1,52,1,1,1,0
2026-08-05T02:11:33.985708+00:00,a55a2582100014bb03cc002800070042002a002500000cf500000001000100350001000100010000,5307,972,40,7,66,42,37,0,3317,0,1,1,53,1,1,1,0
2026-08-05T02:11:34.487528+00:00,a55a2582100014bb03c5002900070046002a002500000cf500000001000100330001000100010000,5307,965,41,7,70,42,37,0,3317,0,1,1,51,1,1,1,0
2026-08-05T02:11:35.089871+00:00,a55a2582100014bc03c5001f00070046002a002500000cf600000001000100340001000100010000,5308,965,31,7,70,42,37,0,3318,0,1,1,52,1,1,1,0
2026-08-05T02:11:35.692094+00:00,a55a2582100014bb03c5002000070046002a002500000cf500000001000100350001000100010000,5307,965,32,7,70,42,37,0,3317,0,1,1,53,1,1,1,0
2026-08-05T02:11:36.194003+00:00,a55a2582100014bc03c8002100070046002a002500000cf600000001000100330001000100010000,5308,968,33,7,70,42,37,0,3318,0,1,1,51,1,1,1,0
2026-08-05T02:11:36.796209+00:00,a55a2582100014bc03c8002200070046002a002500000cf600000001000100340001000100010000,5308,968,34,7,70,42,37,0,3318,0,1,1,52,1,1,1,0
2026-08-05T02:11:37.398433+00:00,a55a2582100014bb03c5002300070046002a002500000cf500000001000100350001000100010000,5307,965,35,7,70,42,37,0,3317,0,1,1,53,1,1,1,0
2026-08-05T02:11:38.086393+00:00,a55a2582100014bb03c5002400070046002a002500000cf500000001000100330001000100010000,5307,965,36,7,70,42,37,0,3317,0,1,1,51,1,1,1,0
2026-08-05T02:11:38.487809+00:00,a55a2582100014bb03c5002500070046002a002500000cf500000001000100340001000100010000,5307,965,37,7,70,42,37,0,3317,0,1,1,52,1,1,1,0
2026-08-05T02:11:39.090004+00:00,a55a2582100014bc03c8002600070046002a002500000cf600000001000100350001000100010000,5308,968,38,7,70,42,37,0,3318,0,1,1,53,1,1,1,0
2026-08-05T02:11:39.692132+00:00,a55a2582100014bb03c5002700070046002a002500000cf500000001000100330001000100010000,5307,965,39,7,70,42,37,0,3317,0,1,1,51,1,1,1,0
2026-08-05T02:11:40.194253+00:00,a55a2582100014bb03c5002800070041002a002500000cf500000001000100340001000100010000,5307,965,40,7,65,42,37,0,3317,0,1,1,52,1,1,1,0
2026-08-05T02:11:40.796496+00:00,a55a2582100014bc03c8002900070041002a002500000cf600000001000100350001000100010000,5308,968,41,7,65,42,37,0,3318,0,1,1,53,1,1,1,0
2026-08-05T02:11:41.398742+00:00,a55a2582100014bb03c8001f00070041002a002500000cf500000001000100330001000100010000,5307,968,31,7,65,42,37,0,3317,0,1,1,51,1,1,1,0
2026-08-05T02:11:41.900835+00:00,a55a2582100014bc03c8002000070041002a002500000cf600000001000100340001000100010000,5308,968,32,7,65,42,37,0,3318,0,1,1,52,1,1,1,0
