ts,frame_hex,cmd,sub,payload_len
2026-08-05T02:11:42.511414+00:00,a55a0582201307e0,0x82,0x20,3
2026-08-05T02:11:42.511881+00:00,a55a0582202307e0,0x82,0x20,3
2026-08-05T02:11:42.512018+00:00,a55a05822033001f,0x82,0x20,3
2026-08-05T02:11:42.612377+00:00,a55a0582204307e0,0x82,0x20,3
2026-08-05T02:11:42.612530+00:00,a55a0582205307e0,0x82,0x20,3
2026-08-05T02:11:42.612564+00:00,a55a0582206307e0,0x82,0x20,3
2026-08-05T02:11:42.612590+00:00,a55a0582207307e0,0x82,0x20,3
2026-08-05T02:11:42.612639+00:00,a55a0582208307e0,0x82,0x20,3
2026-08-05T02:11:42.612674+00:00,a55a0582209307e0,0x82,0x20,3
2026-08-05T02:11:42.612700+00:00,a55a058220a307e0,0x82,0x20,3
2026-08-05T02:11:42.612725+00:00,a55a058220b307e0,0x82,0x20,3
2026-08-05T02:11:42.612751+00:00,a55a058220c307e0,0x82,0x20,3
2026-08-05T02:11:42.612802+00:00,a55a058220d307e0,0x82,0x20,3
2026-08-05T02:11:42.612827+00:00,a55a058220e307e0,0x82,0x20,3
2026-08-05T02:11:42.612852+00:00,a55a058220f3f800,0x82,0x20,3
2026-08-05T02:11:42.612875+00:00,a55a058221030000,0x82,0x21,3
2026-08-05T02:11:42.713226+00:00,a55a058221130000,0x82,0x21,3
2026-08-05T02:11:42.713425+00:00,a55a058221230000,0x82,0x21,3
2026-08-05T02:11:42.713497+00:00,a55a058221330000,0x82,0x21,3
2026-08-05T02:11:42.713561+00:00,a55a058221430000,0x82,0x21,3
2026-08-05T02:11:42.713648+00:00,a55a058221530000,0x82,0x21,3
2026-08-05T02:11:42.713725+00:00,a55a058221630000,0x82,0x21,3
2026-08-05T02:11:42.713790+00:00,a55a058221730000,0x82,0x21,3
2026-08-05T02:11:42.713851+00:00,a55a058221830000,0x82,0x21,3
2026-08-05T02:11:42.713911+00:00,a55a058221930000,0x82,0x21,3
2026-08-05T02:11:42.713970+00:00,a55a058221a30000,0x82,0x21,3
2026-08-05T02:11:42.714035+00:00,a55a058221b30000,0x82,0x21,3
2026-08-05T02:11:42.714098+00:00,a55a15821300000000000000000000000000000000000000,0x82,0x13,19
2026-08-05T02:11:43.115334+00:00,a55a03800100,0x80,0x1,1
2026-08-05T02:11:43.115476+00:00,a55a2582100014bc03cc002200070041002a002500000cf600000001000100330001000100010000,0x82,0x10,35
2026-08-05T02:11:43.115522+00:00,a55a3b8211000ce60ceb0cf90d1a0cfc0ceb0ce40d0f0d1f0cf40cec0ce70d010ce60cec0cdd000000000000000000000000000000000000000000000000,0x82,0x11,57
2026-08-05T02:11:43.115562+00:00,a55a0582200307e0,0x82,0x20,3
2026-08-05T02:11:43.115596+00:00,a55a0582201307e0,0x82,0x20,3
2026-08-05T02:11:43.115677+00:00,a55a0582202307e0,0x82,0x20,3
2026-08-05T02:11:43.115715+00:00,a55a05822033001f,0x82,0x20,3
2026-08-05T02:11:43.115747+00:00,a55a0582204307e0,0x82,0x20,3
2026-08-05T02:11:43.115779+00:00,a55a0582205307e0,0x82,0x20,3
2026-08-05T02:11:43.115810+00:00,a55a0582206307e0,0x82,0x20,3
2026-08-05T02:11:43.115842+00:00,a55a0582207307e0,0x82,0x20,3
2026-08-05T02:11:43.216164+00:00,a55a0582208307e0,0x82,0x20,3
2026-08-05T02:11:43.216377+00:00,a55a0582209307e0,0x82,0x20,3
2026-08-05T02:11:43.216460+00:00,a55a058220a307e0,0x82,0x20,3
2026-08-05T02:11:43.216535+00:00,a55a058220b307e0,0x82,0x20,3
2026-08-05T02:11:43.216607+00:00,a55a058220c307e0,0x82,0x20,3
2026-08-05T02:11:43.216739+00:00,a55a058220d307e0,0x82,0x20,3
2026-08-05T02:11:43.216815+00:00,a55a058220e307e0,0x82,0x20,3
2026-08-05T02:11:43.216888+00:00,a55a058220f3f800,0x82,0x20,3
2026-08-05T02:11:43.216959+00:00,a55a058221030000,0x82,0x21,3
2026-08-05T02:11:43.217029+00:00,a55a058221130000,0x82,0x21,3
2026-08-05T02:11:43.217099+00:00,a55a058221230000,0x82,0x21,3
2026-08-05T02:11:43.217170+00:00,a55a058221330000,0x82,0x21,3
2026-08-05T02:11:43.217241+00:00,a55a058221430000,0x82,0x21,3
2026-08-05T02:11:43.317639+00:00,a55a058221530000,0x82,0x21,3
2026-08-05T02:11:43.317872+00:00,a55a058221630000,0x82,0x21,3
2026-08-05T02:11:43.317955+00:00,a55a058221730000,0x82,0x21,3
2026-08-05T02:11:43.318027+00:00,a55a058221830000,0x82,0x21,3
2026-08-05T02:11:43.318098+00:00,a55a058221930000,0x82,0x21,3
2026-08-05T02:11:43.318174+00:00,a55a058221a30000,0x82,0x21,3
2026-08-05T02:11:43.318249+00:00,a55a058221b30000,0x82,0x21,3
2026-08-05T02:11:43.318321+00:00,a55a15821300000000000000000000000000000000000000,0x82,0x13,19
2026-08-05T02:11:43.619263+00:00,a55a03800100,0x80,0x1,1
2026-08-05T02:11:43.619526+00:00,a55a2582100014bc03cc002300070041002a002500000cf600000001000100340001000100010000,0x82,0x10,35
2026-08-05T02:11:43.619608+00:00,a55a3b8211000ce50ceb0cf60d1e0cfa0ceb0ce40d0d0d200cf50ceb0ce70d040ce60cec0cdd000000000000000000000000000000000000000000000000,0x82,0x11,57
2026-08-05T02:11:43.720020+00:00,a55a0582200307e0,0x82,0x20,3
2026-08-05T02:11:43.720212+00:00,a55a0582201307e0,0x82,0x20,3
2026-08-05T02:11:43.720296+00:00,a55a0582202307e0,0x82,0x20,3
2026-08-05T02:11:43.720372+00:00,a55a05822033001f,0x82,0x20,3
2026-08-05T02:11:43.720444+00:00,a55a0582204307e0,0x82,0x20,3
2026-08-05T02:11:43.720517+00:00,a55a0582205307e0,0x82,0x20,3
2026-08-05T02:11:43.720587+00:00,a55a0582206307e0,0x82,0x20,3
2026-08-05T02:11:43.720702+00:00,a55a0582207307e0,0x82,0x20,3
2026-08-05T02:11:43.720777+00:00,a55a0582208307e0,0x82,0x20,3
2026-08-05T02:11:43.720848+00:00,a55a0582209307e0,0x82,0x20,3
2026-08-05T02:11:43.720917+00:00,a55a058220a307e0,0x82,0x20,3
2026-08-05T02:11:43.720986+00:00,a55a058220b307e0,0x82,0x20,3
2026-08-05T02:11:43.721057+00:00,a55a058220c307e0,0x82,0x20,3
2026-08-05T02:11:43.821448+00:00,a55a058220d307e0,0x82,0x20,3
2026-08-05T02:11:43.821635+00:00,a55a058220e307e0,0x82,0x20,3
2026-08-05T02:11:43.821718+00:00,a55a058220f3f800,0x82,0x20,3
2026-08-05T02:11:43.821783+00:00,a55a058221030000,0x82,0x21,3
2026-08-05T02:11:43.821845+00:00,a55a058221130000,0x82,0x21,3
2026-08-05T02:11:43.821906+00:00,a55a058221230000,0x82,0x21,3
2026-08-05T02:11:43.821967+00:00,a55a058221330000,0x82,0x21,3
2026-08-05T02:11:43.822027+00:00,a55a058221430000,0x82,0x21,3
2026-08-05T02:11:43.822088+00:00,a55a058221530000,0x82,0x21,3
2026-08-05T02:11:43.822148+00:00,a55a058221630000,0x82,0x21,3
2026-08-05T02:11:43.822208+00:00,a55a058221730000,0x82,0x21,3
2026-08-05T02:11:43.822268+00:00,a55a058221830000,0x82,0x21,3
2026-08-05T02:11:43.922650+00:00,a55a058221930000,0x82,0x21,3
2026-08-05T02:11:43.922822+00:00,a55a058221a30000,0x82,0x21,3
2026-08-05T02:11:43.922902+00:00,a55a058221b30000,0x82,0x21,3
2026-08-05T02:11:43.922975+00:00,a55a15821300000000000000000000000000000000000000,0x82,0x13,19
2026-08-05T02:11:44.223919+00:00,a55a03800100,0x80,0x1,1
2026-08-05T02:11:44.224119+00:00,a55a2582100014bb03c8002400070041002a002500000cf500000001000100350001000100010000,0x82,0x10,35
2026-08-05T02:11:44.224201+00:00,a55a3b8211000ce60ceb0cf90d1a0cfb0cec0ce40d0d0d240cf40ceb0ce70d010ce60cee0cdd000000000000000000000000000000000000000000000000,0x82,0x11,57
2026-08-05T02:11:44.224278+00:00,a55a0582200307e0,0x82,0x20,3
2026-08-05T02:11:44.224343+00:00,a55a0582201307e0,0x82,0x20,3
2026-08-05T02:11:44.224406+00:00,a55a0582202307e0,0x82,0x20,3
2026-08-05T02:11:44.224468+00:00,a55a05822033001f,0x82,0x20,3
2026-08-05T02:11:44.224546+00:00,a55a0582204307e0,0x82,0x20,3
2026-08-05T02:11:44.324876+00:00,a55a0582205307e0,0x82,0x20,3
2026-08-05T02:11:44.325040+00:00,a55a0582206307e0,0x82,0x20,3
2026-08-05T02:11:44.325110+00:00,a55a0582207307e0,0x82,0x20,3
2026-08-05T02:11:44.325174+00:00,a55a0582208307e0,0x82,0x20,3
2026-08-05T02:11:44.325235+00:00,a55a0582209307e0,0x82,0x20,3
2026-08-05T02:11:44.325298+00:00,a55a058220a307e0,0x82,0x20,3
2026-08-05T02:11:44.325359+00:00,a55a058220b307e0,0x82,0x20,3
2026-08-05T02:11:44.325419+00:00,a55a058220c307e0,0x82,0x20,3
2026-08-05T02:11:44.325479+00:00,a55a058220d307e0,0x82,0x20,3
2026-08-05T02:11:44.325540+00:00,a55a058220e307e0,0x82,0x20,3
2026-08-05T02:11:44.325600+00:00,a55a058220f3f800,0x82,0x20,3
2026-08-05T02:11:44.325695+00:00,a55a058221030000,0x82,0x21,3
2026-08-05T02:11:44.426023+00:00,a55a058221130000,0x82,0x21,3
2026-08-05T02:11:44.426197+00:00,a55a058221230000,0x82,0x21,3
2026-08-05T02:11:44.426267+00:00,a55a058221330000,0x82,0x21,3
2026-08-05T02:11:44.426337+00:00,a55a058221430000,0x82,0x21,3
2026-08-05T02:11:44.426410+00:00,a55a058221530000,0x82,0x21,3
2026-08-05T02:11:44.426481+00:00,a55a058221630000,0x82,0x21,3
2026-08-05T02:11:44.426553+00:00,a55a058221730000,0x82,0x21,3
2026-08-05T02:11:44.426659+00:00,a55a058221830000,0x82,0x21,3
2026-08-05T02:11:44.426831+00:00,a55a058221930000,0x82,0x21,3
2026-08-05T02:11:44.426913+00:00,a55a058221a30000,0x82,0x21,3
2026-08-05T02:11:44.426985+00:00,a55a058221b30000,0x82,0x21,3
2026-08-05T02:11:44.427056+00:00,a55a15821300000000000000000000000000000000000000,0x82,0x13,19
2026-08-05T02:11:44.828230+00:00,a55a03800100,0x80,0x1,1
2026-08-05T02:11:44.828430+00:00,a55a2582100014bc03c5002500070041002a002500000cf600000001000100330001000100010000,0x82,0x10,35
2026-08-05T02:11:44.828521+00:00,a55a3b8211000ce60cea0cf70d1e0cfb0ceb0ce50d0d0d1f0cf60cec0ce60d040ce60cec0cdd000000000000000000000000000000000000000000000000,0x82,0x11,57
2026-08-05T02:11:44.828634+00:00,a55a0582200307e0,0x82,0x20,3
2026-08-05T02:11:44.828726+00:00,a55a0582201307e0,0x82,0x20,3
2026-08-05T02:11:44.828800+00:00,a55a0582202307e0,0x82,0x20,3
2026-08-05T02:11:44.828873+00:00,a55a05822033001f,0x82,0x20,3
2026-08-05T02:11:44.828944+00:00,a55a0582204307e0,0x82,0x20,3
2026-08-05T02:11:44.829014+00:00,a55a0582205307e0,0x82,0x20,3
2026-08-05T02:11:44.829084+00:00,a55a0582206307e0,0x82,0x20,3
2026-08-05T02:11:44.829156+00:00,a55a0582207307e0,0x82,0x20,3
2026-08-05T02:11:44.829228+00:00,a55a0582208307e0,0x82,0x20,3
2026-08-05T02:11:44.929574+00:00,a55a0582209307e0,0x82,0x20,3
2026-08-05T02:11:44.929750+00:00,a55a058220a307e0,0x82,0x20,3
2026-08-05T02:11:44.929820+00:00,a55a058220b307e0,0x82,0x20,3
2026-08-05T02:11:44.929928+00:00,a55a058220c307e0,0x82,0x20,3
2026-08-05T02:11:44.929992+00:00,a55a058220d307e0,0x82,0x20,3
2026-08-05T02:11:44.930054+00:00,a55a058220e307e0,0x82,0x20,3
2026-08-05T02:11:44.930114+00:00,a55a058220f3f800,0x82,0x20,3
2026-08-05T02:11:44.930175+00:00,a55a058221030000,0x82,0x21,3
2026-08-05T02:11:44.930236+00:00,a55a058221130000,0x82,0x21,3
2026-08-05T02:11:44.930296+00:00,a55a058221230000,0x82,0x21,3
2026-08-05T02:11:44.930357+00:00,a55a058221330000,0x82,0x21,3
2026-08-05T02:11:44.930417+00:00,a55a058221430000,0x82,0x21,3
2026-08-05T02:11:45.030794+00:00,a55a058221530000,0x82,0x21,3
2026-08-05T02:11:45.030940+00:00,a55a058221630000,0x82,0x21,3
2026-08-05T02:11:45.030984+00:00,a55a058221730000,0x82,0x21,3
2026-08-05T02:11:45.031022+00:00,a55a058221830000,0x82,0x21,3
2026-08-05T02:11:45.031059+00:00,a55a058221930000,0x82,0x21,3
2026-08-05T02:11:45.031096+00:00,a55a058221a30000,0x82,0x21,3
2026-08-05T02:11:45.031132+00:00,a55a058221b30000,0x82,0x21,3
2026-08-05T02:11:45.031169+00:00,a55a15821300000000000000000000000000000000000000,0x82,0x13,19
2026-08-05T02:11:45.332033+00:00,a55a03800100,0x80,0x1,1
2026-08-05T02:11:45.332213+00:00,a55a2582100014bc03c5002600070045002a002500000cf600000001000100340001000100010000,0x82,0x10,35
2026-08-05T02:11:45.332283+00:00,a55a3b8211000ce50ceb0cf90d190cfb0cec0ce40d0e0d240cf40cec0ce70d010ce60cec0cdd000000000000000000000000000000000000000000000000,0x82,0x11,57
2026-08-05T02:11:45.332351+00:00,a55a0582200307e0,0x82,0x20,3
2026-08-05T02:11:45.432680+00:00,a55a0582201307e0,0x82,0x20,3
2026-08-05T02:11:45.432842+00:00,a55a0582202307e0,0x82,0x20,3
2026-08-05T02:11:45.432912+00:00,a55a0582203307e0,0x82,0x20,3
2026-08-05T02:11:45.432976+00:00,a55a0582204307e0,0x82,0x20,3
2026-08-05T02:11:45.433039+00:00,a55a0582205307e0,0x82,0x20,3
2026-08-05T02:11:45.433101+00:00,a55a0582206307e0,0x82,0x20,3
2026-08-05T02:11:45.433162+00:00,a55a0582207307e0,0x82,0x20,3
2026-08-05T02:11:45.433223+00:00,a55a05822083001f,0x82,0x20,3
2026-08-05T02:11:45.433283+00:00,a55a0582209307e0,0x82,0x20,3
2026-08-05T02:11:45.433344+00:00,a55a058220a307e0,0x82,0x20,3
2026-08-05T02:11:45.433404+00:00,a55a058220b307e0,0x82,0x20,3
2026-08-05T02:11:45.433465+00:00,a55a058220c307e0,0x82,0x20,3
2026-08-05T02:11:45.533790+00:00,a55a058220d307e0,0x82,0x20,3
2026-08-05T02:11:45.533947+00:00,a55a058220e307e0,0x82,0x20,3
2026-08-05T02:11:45.534027+00:00,a55a058220f3f800,0x82,0x20,3
2026-08-05T02:11:45.534091+00:00,a55a058221030000,0x82,0x21,3
2026-08-05T02:11:45.534154+00:00,a55a058221130000,0x82,0x21,3
2026-08-05T02:11:45.534217+00:00,a55a058221230000,0x82,0x21,3
2026-08-05T02:11:45.534277+00:00,a55a058221330000,0x82,0x21,3
2026-08-05T02:11:45.534412+00:00,a55a058221430000,0x82,0x21,3
2026-08-05T02:11:45.534478+00:00,a55a058221530000,0x82,0x21,3
2026-08-05T02:11:45.534540+00:00,a55a058221630000,0x82,0x21,3
2026-08-05T02:11:45.534602+00:00,a55a058221730000,0x82,0x21,3
2026-08-05T02:11:45.534708+00:00,a55a058221830000,0x82,0x21,3
2026-08-05T02:11:45.534773+00:00,a55a058221930000,0x82,0x21,3
2026-08-05T02:11:45.635105+00:00,a55a058221a30000,0x82,0x21,3
2026-08-05T02:11:45.635265+00:00,a55a058221b30000,0x82,0x21,3
2026-08-05T02:11:45.635343+00:00,a55a15821300000000000000000000000000000000000000,0x82,0x13,19
2026-08-05T02:11:45.936218+00:00,a55a03800100,0x80,0x1,1
2026-08-05T02:11:45.936402+00:00,a55a2582100014bc03c5002700070045002a002500000cf600000001000100350001000100010000,0x82,0x10,35
2026-08-05T02:11:45.936481+00:00,a55a3b8211000ce60ceb0cfa0d1e0cfa0ceb0ce40d0d0d220cf60ceb0ce70d040ce60cec0cdd000000000000000000000000000000000000000000000000,0x82,0x11,57
2026-08-05T02:11:45.936559+00:00,a55a0582200307e0,0x82,0x20,3
2026-08-05T02:11:45.936650+00:00,a55a0582201307e0,0x82,0x20,3
2026-08-05T02:11:45.936730+00:00,a55a0582202307e0,0x82,0x20,3
2026-08-05T02:11:45.936796+00:00,a55a0582203307e0,0x82,0x20,3
2026-08-05T02:11:45.936858+00:00,a55a0582204307e0,0x82,0x20,3
2026-08-05T02:11:46.037205+00:00,a55a0582205307e0,0x82,0x20,3
2026-08-05T02:11:46.037428+00:00,a55a0582206307e0,0x82,0x20,3
2026-08-05T02:11:46.037486+00:00,a55a0582207307e0,0x82,0x20,3
2026-08-05T02:11:46.037531+00:00,a55a05822083001f,0x82,0x20,3
2026-08-05T02:11:46.037575+00:00,a55a0582209307e0,0x82,0x20,3
2026-08-05T02:11:46.037648+00:00,a55a058220a307e0,0x82,0x20,3
2026-08-05T02:11:46.037709+00:00,a55a058220b307e0,0x82,0x20,3
2026-08-05T02:11:46.037798+00:00,a55a058220c307e0,0x82,0x20,3
2026-08-05T02:11:46.037841+00:00,a55a058220d307e0,0x82,0x20,3
2026-08-05T02:11:46.037883+00:00,a55a058220e307e0,0x82,0x20,3
2026-08-05T02:11:46.037924+00:00,a55a058220f3f800,0x82,0x20,3
2026-08-05T02:11:46.037964+00:00,a55a058221030000,0x82,0x21,3
2026-08-05T02:11:46.138314+00:00,a55a058221130000,0x82,0x21,3
2026-08-05T02:11:46.138520+00:00,a55a058221230000,0x82,0x21,3
2026-08-05T02:11:46.138605+00:00,a55a058221330000,0x82,0x21,3
2026-08-05T02:11:46.138737+00:00,a55a058221430000,0x82,0x21,3
2026-08-05T02:11:46.138814+00:00,a55a058221530000,0x82,0x21,3
2026-08-05T02:11:46.138889+00:00,a55a058221630000,0x82,0x21,3
2026-08-05T02:11:46.138963+00:00,a55a058221730000,0x82,0x21,3
2026-08-05T02:11:46.139035+00:00,a55a058221830000,0x82,0x21,3
2026-08-05T02:11:46.139107+00:00,a55a058221930000,0x82,0x21,3
2026-08-05T02:11:46.139179+00:00,a55a058221a30000,0x82,0x21,3
2026-08-05T02:11:46.139251+00:00,a55a058221b30000,0x82,0x21,3
2026-08-05T02:11:46.139322+00:00,a55a15821300000000000000000000000000000000000000,0x82,0x13,19
2026-08-05T02:11:46.440176+00:00,a55a03800100,0x80,0x1,1
2026-08-05T02:11:46.540650+00:00,a55a2582100014bc03c2002800070045002a002500000cf600000001000100330001000100010000,0x82,0x10,35
2026-08-05T02:11:46.540843+00:00,a55a3b8211000ce50ceb0cf90d1a0cfb0cec0ce40d0e0d230cf40cec0ce90d010ce60cee0cdd000000000000000000000000000000000000000000000000,0x82,0x11,57
2026-08-05T02:11:46.540943+00:00,a55a0582200307e0,0x82,0x20,3
2026-08-05T02:11:46.541022+00:00,a55a0582201307e0,0x82,0x20,3
2026-08-05T02:11:46.541097+00:00,a55a0582202307e0,0x82,0x20,3
2026-08-05T02:11:46.541171+00:00,a55a0582203307e0,0x82,0x20,3
2026-08-05T02:11:46.541244+00:00,a55a0582204307e0,0x82,0x20,3
2026-08-05T02:11:46.541318+00:00,a55a0582205307e0,0x82,0x20,3
2026-08-05T02:11:46.541389+00:00,a55a0582206307e0,0x82,0x20,3
2026-08-05T02:11:46.541460+00:00,a55a0582207307e0,0x82,0x20,3
2026-08-05T02:11:46.541532+00:00,a55a05822083001f,0x82,0x20,3
2026-08-05T02:11:46.641907+00:00,a55a0582209307e0,0x82,0x20,3
2026-08-05T02:11:46.642109+00:00,a55a058220a307e0,0x82,0x20,3
2026-08-05T02:11:46.642192+00:00,a55a058220b307e0,0x82,0x20,3
2026-08-05T02:11:46.642266+00:00,a55a058220c307e0,0x82,0x20,3
2026-08-05T02:11:46.642341+00:00,a55a058220d307e0,0x82,0x20,3
2026-08-05T02:11:46.642413+00:00,a55a058220e307e0,0x82,0x20,3
2026-08-05T02:11:46.642559+00:00,a55a058220f3f800,0x82,0x20,3
2026-08-05T02:11:46.642689+00:00,a55a058221030000,0x82,0x21,3
2026-08-05T02:11:46.642773+00:00,a55a058221130000,0x82,0x21,3
2026-08-05T02:11:46.642848+00:00,a55a058221230000,0x82,0x21,3
2026-08-05T02:11:46.642920+00:00,a55a058221330000,0x82,0x21,3
2026-08-05T02:11:46.642992+00:00,a55a058221430000,0x82,0x21,3
2026-08-05T02:11:46.643064+00:00,a55a058221530000,0x82,0x21,3
2026-08-05T02:11:46.743427+00:00,a55a058221630000,0x82,0x21,3
2026-08-05T02:11:46.743607+00:00,a55a058221730000,0x82,0x21,3
2026-08-05T02:11:46.743730+00:00,a55a058221830000,0x82,0x21,3
2026-08-05T02:11:46.743800+00:00,a55a058221930000,0x82,0x21,3
2026-08-05T02:11:46.743862+00:00,a55a058221a30000,0x82,0x21,3
2026-08-05T02:11:46.743922+00:00,a55a058221b30000,0x82,0x21,3
2026-08-05T02:11:46.743983+00:00,a55a15821300000000000000000000000000000000000000,0x82,0x13,19
2026-08-05T02:11:47.044874+00:00,a55a03800100,0x80,0x1,1
2026-08-05T02:11:47.045019+00:00,a55a2582100014bc03c2002900070045002a002500000cf600000001000100340001000100010000,0x82,0x10,35
2026-08-05T02:11:47.045070+00:00,a55a3b8211000ce60ceb0cf70d1e0cfb0ceb0ce40d0e0d1f0cf60cec0ce70d030ce60cec0cdd000000000000000000000000000000000000000000000000,0x82,0x11,57
2026-08-05T02:11:47.045117+00:00,a55a0582200307e0,0x82,0x20,3
2026-08-05T02:11:47.145413+00:00,a55a0582201307e0,0x82,0x20,3
2026-08-05T02:11:47.145647+00:00,a55a0582202307e0,0x82,0x20,3
2026-08-05T02:11:47.145734+00:00,a55a0582203307e0,0x82,0x20,3
2026-08-05T02:11:47.145813+00:00,a55a0582204307e0,0x82,0x20,3
2026-08-05T02:11:47.145888+00:00,a55a0582205307e0,0x82,0x20,3
2026-08-05T02:11:47.145962+00:00,a55a0582206307e0,0x82,0x20,3
2026-08-05T02:11:47.146035+00:00,a55a0582207307e0,0x82,0x20,3
2026-08-05T02:11:47.146108+00:00,a55a05822083001f,0x82,0x20,3
2026-08-05T02:11:47.146179+00:00,a55a0582209307e0,0x82,0x20,3
2026-08-05T02:11:47.146252+00:00,a55a058220a307e0,0x82,0x20,3
2026-08-05T02:11:47.146323+00:00,a55a058220b307e0,0x82,0x20,3
2026-08-05T02:11:47.146449+00:00,a55a058220c307e0,0x82,0x20,3
2026-08-05T02:11:47.146524+00:00,a55a058220d307e0,0x82,0x20,3
2026-08-05T02:11:47.246875+00:00,a55a058220e307e0,0x82,0x20,3
2026-08-05T02:11:47.247055+00:00,a55a058220f3f800,0x82,0x20,3
2026-08-05T02:11:47.247127+00:00,a55a058221030000,0x82,0x21,3
2026-08-05T02:11:47.247193+00:00,a55a058221130000,0x82,0x21,3
2026-08-05T02:11:47.247258+00:00,a55a058221230000,0x82,0x21,3
2026-08-05T02:11:47.247320+00:00,a55a058221330000,0x82,0x21,3
2026-08-05T02:11:47.247383+00:00,a55a058221430000,0x82,0x21,3
2026-08-05T02:11:47.247444+00:00,a55a058221530000,0x82,0x21,3
2026-08-05T02:11:47.247505+00:00,a55a058221630000,0x82,0x21,3
2026-08-05T02:11:47.247565+00:00,a55a058221730000,0x82,0x21,3
2026-08-05T02:11:47.247671+00:00,a55a058221830000,0x82,0x21,3
2026-08-05T02:11:47.247744+00:00,a55a058221930000,0x82,0x21,3
2026-08-05T02:11:47.348094+00:00,a55a058221a30000,0x82,0x21,3
2026-08-05T02:11:47.348267+00:00,a55a058221b30000,0x82,0x21,3
2026-08-05T02:11:47.348349+00:00,a55a15821300000000000000000000000000000000000000,0x82,0x13,19
2026-08-05T02:11:47.649240+00:00,a55a03800100,0x80,0x1,1
2026-08-05T02:11:47.649422+00:00,a55a2582100014bc03c5001f00070045002a002500000cf600000001000100350001000100010000,0x82,0x10,35
2026-08-05T02:11:47.649510+00:00,a55a3b8211000ce60ceb0cf90d1a0cfb0cec0ce20d0f0d230cf40cec0ce90d010ce50cee0cdd000000000000000000000000000000000000000000000000,0x82,0x11,57
2026-08-05T02:11:47.649597+00:00,a55a0582200307e0,0x82,0x20,3
2026-08-05T02:11:47.649728+00:00,a55a0582201307e0,0x82,0x20,3
2026-08-05T02:11:47.649807+00:00,a55a0582202307e0,0x82,0x20,3
2026-08-05T02:11:47.649882+00:00,a55a0582203307e0,0x82,0x20,3
2026-08-05T02:11:47.649956+00:00,a55a0582204307e0,0x82,0x20,3
2026-08-05T02:11:47.650027+00:00,a55a0582205307e0,0x82,0x20,3
2026-08-05T02:11:47.750343+00:00,a55a0582206307e0,0x82,0x20,3
2026-08-05T02:11:47.750495+00:00,a55a0582207307e0,0x82,0x20,3
2026-08-05T02:11:47.750575+00:00,a55a05822083001f,0x82,0x20,3
2026-08-05T02:11:47.750768+00:00,a55a0582209307e0,0x82,0x20,3
2026-08-05T02:11:47.750853+00:00,a55a058220a307e0,0x82,0x20,3
2026-08-05T02:11:47.750927+00:00,a55a058220b307e0,0x82,0x20,3
2026-08-05T02:11:47.751000+00:00,a55a058220c307e0,0x82,0x20,3
2026-08-05T02:11:47.751071+00:00,a55a058220d307e0,0x82,0x20,3
2026-08-05T02:11:47.751142+00:00,a55a058220e307e0,0x82,0x20,3
2026-08-05T02:11:47.751212+00:00,a55a058220f3f800,0x82,0x20,3
2026-08-05T02:11:47.751283+00:00,a55a058221030000,0x82,0x21,3
2026-08-05T02:11:47.751354+00:00,a55a058221130000,0x82,0x21,3
2026-08-05T02:11:47.851680+00:00,a55a058221230000,0x82,0x21,3
2026-08-05T02:11:47.851821+00:00,a55a058221330000,0x82,0x21,3
2026-08-05T02:11:47.851879+00:00,a55a058221430000,0x82,0x21,3
2026-08-05T02:11:47.851933+00:00,a55a058221530000,0x82,0x21,3
2026-08-05T02:11:47.851987+00:00,a55a058221630000,0x82,0x21,3
2026-08-05T02:11:47.852040+00:00,a55a058221730000,0x82,0x21,3
2026-08-05T02:11:47.852093+00:00,a55a058221830000,0x82,0x21,3
2026-08-05T02:11:47.852146+00:00,a55a058221930000,0x82,0x21,3
2026-08-05T02:11:47.852199+00:00,a55a058221a30000,0x82,0x21,3
2026-08-05T02:11:47.852265+00:00,a55a058221b30000,0x82,0x21,3
2026-08-05T02:11:47.852336+00:00,a55a15821300000000000000000000000000000000000000,0x82,0x13,19
2026-08-05T02:11:48.153243+00:00,a55a03800100,0x80,0x1,1
2026-08-05T02:11:48.253683+00:00,a55a2582100014bc03cc002000070045002a002500000cf600000001000100330001000100010000,0x82,0x10,35
2026-08-05T02:11:48.253872+00:00,a55a3b8211000ce60cea0cfa0d1d0cf90ceb0ce40d0e0d230cf50ceb0ce70d050ce50cec0cdd000000000000000000000000000000000000000000000000,0x82,0x11,57
2026-08-05T02:11:48.253968+00:00,a55a0582200307e0,0x82,0x20,3
2026-08-05T02:11:48.254047+00:00,a55a0582201307e0,0x82,0x20,3
2026-08-05T02:11:48.254123+00:00,a55a0582202307e0,0x82,0x20,3
2026-08-05T02:11:48.254196+00:00,a55a0582203307e0,0x82,0x20,3
2026-08-05T02:11:48.254269+00:00,a55a0582204307e0,0x82,0x20,3
2026-08-05T02:11:48.254342+00:00,a55a0582205307e0,0x82,0x20,3
2026-08-05T02:11:48.254414+00:00,a55a0582206307e0,0x82,0x20,3
2026-08-05T02:11:48.254485+00:00,a55a0582207307e0,0x82,0x20,3
2026-08-05T02:11:48.254556+00:00,a55a05822083001f,0x82,0x20,3
2026-08-05T02:11:48.254655+00:00,a55a0582209307e0,0x82,0x20,3
2026-08-05T02:11:48.355047+00:00,a55a058220a307e0,0x82,0x20,3
2026-08-05T02:11:48.355218+00:00,a55a058220b307e0,0x82,0x20,3
2026-08-05T02:11:48.355299+00:00,a55a058220c307e0,0x82,0x20,3
2026-08-05T02:11:48.355373+00:00,a55a058220d307e0,0x82,0x20,3
2026-08-05T02:11:48.355446+00:00,a55a058220e307e0,0x82,0x20,3
2026-08-05T02:11:48.355518+00:00,a55a058220f3f800,0x82,0x20,3
2026-08-05T02:11:48.355589+00:00,a55a058221030000,0x82,0x21,3
2026-08-05T02:11:48.355728+00:00,a55a058221130000,0x82,0x21,3
2026-08-05T02:11:48.355810+00:00,a55a058221230000,0x82,0x21,3
2026-08-05T02:11:48.355883+00:00,a55a058221330000,0x82,0x21,3
2026-08-05T02:11:48.355955+00:00,a55a058221430000,0x82,0x21,3
2026-08-05T02:11:48.356026+00:00,a55a058221530000,0x82,0x21,3
2026-08-05T02:11:48.456365+00:00,a55a058221630000,0x82,0x21,3
2026-08-05T02:11:48.456550+00:00,a55a058221730000,0x82,0x21,3
2026-08-05T02:11:48.456669+00:00,a55a058221830000,0x82,0x21,3
2026-08-05T02:11:48.456753+00:00,a55a058221930000,0x82,0x21,3
2026-08-05T02:11:48.456828+00:00,a55a058221a30000,0x82,0x21,3
2026-08-05T02:11:48.456899+00:00,a55a058221b30000,0x82,0x21,3
2026-08-05T02:11:48.456970+00:00,a55a15821300000000000000000000000000000000000000,0x82,0x13,19
2026-08-05T02:11:48.757919+00:00,a55a03800100,0x80,0x1,1
2026-08-05T02:11:48.758116+00:00,a55a2582100014bc03cc002100070045002a002500000cf600000001000100340001000100010000,0x82,0x10,35
2026-08-05T02:11:48.758207+00:00,a55a3b8211000ce60cec0cf70d1d0cfc0ceb0ce40d100d1f0cf40cec0ce90d030ce60cee0cdd000000000000000000000000000000000000000000000000,0x82,0x11,57
2026-08-05T02:11:48.758295+00:00,a55a0582200307e0,0x82,0x20,3
2026-08-05T02:11:48.758369+00:00,a55a0582201307e0,0x82,0x20,3
2026-08-05T02:11:48.858711+00:00,a55a0582202307e0,0x82,0x20,3
2026-08-05T02:11:48.858884+00:00,a55a0582203307e0,0x82,0x20,3
2026-08-05T02:11:48.859032+00:00,a55a0582204307e0,0x82,0x20,3
2026-08-05T02:11:48.859111+00:00,a55a0582205307e0,0x82,0x20,3
2026-08-05T02:11:48.859184+00:00,a55a0582206307e0,0x82,0x20,3
2026-08-05T02:11:48.859256+00:00,a55a0582207307e0,0x82,0x20,3
2026-08-05T02:11:48.859328+00:00,a55a05822083001f,0x82,0x20,3
2026-08-05T02:11:48.859398+00:00,a55a0582209307e0,0x82,0x20,3
2026-08-05T02:11:48.859468+00:00,a55a058220a307e0,0x82,0x20,3
2026-08-05T02:11:48.859539+00:00,a55a058220b307e0,0x82,0x20,3
2026-08-05T02:11:48.859645+00:00,a55a058220c307e0,0x82,0x20,3
2026-08-05T02:11:48.859754+00:00,a55a058220d307e0,0x82,0x20,3
2026-08-05T02:11:48.960074+00:00,a55a058220e307e0,0x82,0x20,3
2026-08-05T02:11:48.960218+00:00,a55a058220f3f800,0x82,0x20,3
2026-08-05T02:11:48.960286+00:00,a55a058221030000,0x82,0x21,3
2026-08-05T02:11:48.960349+00:00,a55a058221130000,0x82,0x21,3
2026-08-05T02:11:48.960410+00:00,a55a058221230000,0x82,0x21,3
2026-08-05T02:11:48.960472+00:00,a55a058221330000,0x82,0x21,3
2026-08-05T02:11:48.960532+00:00,a55a058221430000,0x82,0x21,3
2026-08-05T02:11:48.960592+00:00,a55a058221530000,0x82,0x21,3
2026-08-05T02:11:48.960703+00:00,a55a058221630000,0x82,0x21,3
2026-08-05T02:11:48.960771+00:00,a55a058221730000,0x82,0x21,3
2026-08-05T02:11:48.960832+00:00,a55a058221830000,0x82,0x21,3
2026-08-05T02:11:48.960893+00:00,a55a058221930000,0x82,0x21,3
2026-08-05T02:11:48.960953+00:00,a55a058221a30000,0x82,0x21,3
2026-08-05T02:11:49.061264+00:00,a55a058221b30000,0x82,0x21,3
2026-08-05T02:11:49.061397+00:00,a55a15821300000000000000000000000000000000000000,0x82,0x13,19
2026-08-05T02:11:49.362278+00:00,a55a03800100,0x80,0x1,1
2026-08-05T02:11:49.362483+00:00,a55a2582100014bc03c5002200070045002a002500000cf600000001000100350001000100010000,0x82,0x10,35
2026-08-05T02:11:49.362566+00:00,a55a3b8211000ce60ceb0cf70d1e0cfb0ceb0ce50d0f0d1f0cf50cec0ce70d050ce60cec0cdd000000000000000000000000000000000000000000000000,0x82,0x11,57
2026-08-05T02:11:49.362719+00:00,a55a0582200307e0,0x82,0x20,3
2026-08-05T02:11:49.362795+00:00,a55a0582201307e0,0x82,0x20,3
2026-08-05T02:11:49.362863+00:00,a55a0582202307e0,0x82,0x20,3
2026-08-05T02:11:49.362925+00:00,a55a0582203307e0,0x82,0x20,3
2026-08-05T02:11:49.362987+00:00,a55a0582204307e0,0x82,0x20,3
2026-08-05T02:11:49.363048+00:00,a55a0582205307e0,0x82,0x20,3
2026-08-05T02:11:49.463386+00:00,a55a0582206307e0,0x82,0x20,3
2026-08-05T02:11:49.463549+00:00,a55a0582207307e0,0x82,0x20,3
2026-08-05T02:11:49.463639+00:00,a55a05822083001f,0x82,0x20,3
2026-08-05T02:11:49.463707+00:00,a55a0582209307e0,0x82,0x20,3
2026-08-05T02:11:49.463770+00:00,a55a058220a307e0,0x82,0x20,3
2026-08-05T02:11:49.463831+00:00,a55a058220b307e0,0x82,0x20,3
2026-08-05T02:11:49.463892+00:00,a55a058220c307e0,0x82,0x20,3
2026-08-05T02:11:49.463953+00:00,a55a058220d307e0,0x82,0x20,3
2026-08-05T02:11:49.464013+00:00,a55a058220e307e0,0x82,0x20,3
2026-08-05T02:11:49.464075+00:00,a55a058220f3f800,0x82,0x20,3
2026-08-05T02:11:49.464136+00:00,a55a058221030000,0x82,0x21,3
2026-08-05T02:11:49.464196+00:00,a55a058221130000,0x82,0x21,3
2026-08-05T02:11:49.464257+00:00,a55a058221230000,0x82,0x21,3
2026-08-05T02:11:49.564567+00:00,a55a058221330000,0x82,0x21,3
2026-08-05T02:11:49.564746+00:00,a55a058221430000,0x82,0x21,3
2026-08-05T02:11:49.564820+00:00,a55a058221530000,0x82,0x21,3
2026-08-05T02:11:49.564884+00:00,a55a058221630000,0x82,0x21,3
2026-08-05T02:11:49.564945+00:00,a55a058221730000,0x82,0x21,3
2026-08-05T02:11:49.565006+00:00,a55a058221830000,0x82,0x21,3
2026-08-05T02:11:49.565067+00:00,a55a058221930000,0x82,0x21,3
2026-08-05T02:11:49.565128+00:00,a55a058221a30000,0x82,0x21,3
2026-08-05T02:11:49.565188+00:00,a55a058221b30000,0x82,0x21,3
2026-08-05T02:11:49.565248+00:00,a55a15821300000000000000000000000000000000000000,0x82,0x13,19
2026-08-05T02:11:49.866181+00:00,a55a03800100,0x80,0x1,1
2026-08-05T02:11:49.866368+00:00,a55a2582100014bc03c5002300070045002a002500000cf600000001000100330001000100010000,0x82,0x10,35
2026-08-05T02:11:49.966696+00:00,a55a3b8211000ce60cec0cf90d1b0cfb0cec0ce40d0d0d230cf50ceb0ce70d030ce60cee0cdd000000000000000000000000000000000000000000000000,0x82,0x11,57
2026-08-05T02:11:49.966941+00:00,a55a0582200307e0,0x82,0x20,3
2026-08-05T02:11:49.967014+00:00,a55a0582201307e0,0x82,0x20,3
2026-08-05T02:11:49.967078+00:00,a55a0582202307e0,0x82,0x20,3
2026-08-05T02:11:49.967141+00:00,a55a0582203307e0,0x82,0x20,3
2026-08-05T02:11:49.967203+00:00,a55a0582204307e0,0x82,0x20,3
2026-08-05T02:11:49.967264+00:00,a55a0582205307e0,0x82,0x20,3
2026-08-05T02:11:49.967325+00:00,a55a0582206307e0,0x82,0x20,3
2026-08-05T02:11:49.967385+00:00,a55a0582207307e0,0x82,0x20,3
2026-08-05T02:11:49.967446+00:00,a55a05822083001f,0x82,0x20,3
2026-08-05T02:11:49.967506+00:00,a55a0582209307e0,0x82,0x20,3
2026-08-05T02:11:49.967566+00:00,a55a058220a307e0,0x82,0x20,3
2026-08-05T02:11:50.067934+00:00,a55a058220b307e0,0x82,0x20,3
2026-08-05T02:11:50.068091+00:00,a55a058220c307e0,0x82,0x20,3
2026-08-05T02:11:50.068142+00:00,a55a058220d307e0,0x82,0x20,3
2026-08-05T02:11:50.068186+00:00,a55a058220e307e0,0x82,0x20,3
2026-08-05T02:11:50.068228+00:00,a55a058220f3f800,0x82,0x20,3
2026-08-05T02:11:50.068269+00:00,a55a058221030000,0x82,0x21,3
2026-08-05T02:11:50.068309+00:00,a55a058221130000,0x82,0x21,3
2026-08-05T02:11:50.068349+00:00,a55a058221230000,0x82,0x21,3
2026-08-05T02:11:50.068389+00:00,a55a058221330000,0x82,0x21,3
2026-08-05T02:11:50.068429+00:00,a55a058221430000,0x82,0x21,3
2026-08-05T02:11:50.068469+00:00,a55a058221530000,0x82,0x21,3
2026-08-05T02:11:50.068509+00:00,a55a058221630000,0x82,0x21,3
2026-08-05T02:11:50.168869+00:00,a55a058221730000,0x82,0x21,3
2026-08-05T02:11:50.169078+00:00,a55a058221830000,0x82,0x21,3
2026-08-05T02:11:50.169161+00:00,a55a058221930000,0x82,0x21,3
2026-08-05T02:11:50.169238+00:00,a55a058221a30000,0x82,0x21,3
2026-08-05T02:11:50.169312+00:00,a55a058221b30000,0x82,0x21,3
2026-08-05T02:11:50.169385+00:00,a55a15821300000000000000000000000000000000000000,0x82,0x13,19
2026-08-05T02:11:50.470276+00:00,a55a03800100,0x80,0x1,1
2026-08-05T02:11:50.470468+00:00,a55a2582100014bc03c5002400070044002a002500000cf600000001000100340001000100010000,0x82,0x10,35
2026-08-05T02:11:50.470547+00:00,a55a3b8211000ce60ceb0cfa0d1e0cfb0cec0ce40d0e0d230cf50ceb0ce70d010ce60cec0cdc000000000000000000000000000000000000000000000000,0x82,0x11,57
2026-08-05T02:11:50.470649+00:00,a55a0582200307e0,0x82,0x20,3
2026-08-05T02:11:50.470720+00:00,a55a0582201307e0,0x82,0x20,3
2026-08-05T02:11:50.571042+00:00,a55a0582202307e0,0x82,0x20,3
2026-08-05T02:11:50.571209+00:00,a55a0582203307e0,0x82,0x20,3
2026-08-05T02:11:50.571290+00:00,a55a0582204307e0,0x82,0x20,3
2026-08-05T02:11:50.571365+00:00,a55a0582205307e0,0x82,0x20,3
2026-08-05T02:11:50.571438+00:00,a55a0582206307e0,0x82,0x20,3
2026-08-05T02:11:50.571511+00:00,a55a0582207307e0,0x82,0x20,3
2026-08-05T02:11:50.571582+00:00,a55a05822083001f,0x82,0x20,3
2026-08-05T02:11:50.571700+00:00,a55a0582209307e0,0x82,0x20,3
2026-08-05T02:11:50.571778+00:00,a55a058220a307e0,0x82,0x20,3
2026-08-05T02:11:50.571849+00:00,a55a058220b307e0,0x82,0x20,3
2026-08-05T02:11:50.571920+00:00,a55a058220c307e0,0x82,0x20,3
2026-08-05T02:11:50.571991+00:00,a55a058220d307e0,0x82,0x20,3
2026-08-05T02:11:50.572061+00:00,a55a058220e307e0,0x82,0x20,3
2026-08-05T02:11:50.672413+00:00,a55a058220f3f800,0x82,0x20,3
2026-08-05T02:11:50.672574+00:00,a55a058221030000,0x82,0x21,3
2026-08-05T02:11:50.672681+00:00,a55a058221130000,0x82,0x21,3
2026-08-05T02:11:50.672753+00:00,a55a058221230000,0x82,0x21,3
2026-08-05T02:11:50.672817+00:00,a55a058221330000,0x82,0x21,3
2026-08-05T02:11:50.672880+00:00,a55a058221430000,0x82,0x21,3
2026-08-05T02:11:50.672942+00:00,a55a058221530000,0x82,0x21,3
2026-08-05T02:11:50.673003+00:00,a55a058221630000,0x82,0x21,3
2026-08-05T02:11:50.673064+00:00,a55a058221730000,0x82,0x21,3
2026-08-05T02:11:50.673125+00:00,a55a058221830000,0x82,0x21,3
2026-08-05T02:11:50.673185+00:00,a55a058221930000,0x82,0x21,3
2026-08-05T02:11:50.673246+00:00,a55a058221a30000,0x82,0x21,3
2026-08-05T02:11:50.773685+00:00,a55a058221b30000,0x82,0x21,3
2026-08-05T02:11:50.773935+00:00,a55a15821300000000000000000000000000000000000000,0x82,0x13,19
2026-08-05T02:11:51.074847+00:00,a55a03800100,0x80,0x1,1
2026-08-05T02:11:51.074981+00:00,a55a2582100014bc03c5002500070044002a002500000cf600000001000100350001000100010000,0x82,0x10,35
2026-08-05T02:11:51.075024+00:00,a55a3b8211000ce60ceb0cf70d1d0cfc0ceb0ce40d100d200cf50cec0ce70d030ce60cec0cdd000000000000000000000000000000000000000000000000,0x82,0x11,57
2026-08-05T02:11:51.075064+00:00,a55a0582200307e0,0x82,0x20,3
2026-08-05T02:11:51.075098+00:00,a55a0582201307e0,0x82,0x20,3
2026-08-05T02:11:51.075130+00:00,a55a0582202307e0,0x82,0x20,3
2026-08-05T02:11:51.075162+00:00,a55a0582203307e0,0x82,0x20,3
2026-08-05T02:11:51.075194+00:00,a55a0582204307e0,0x82,0x20,3
2026-08-05T02:11:51.075225+00:00,a55a0582205307e0,0x82,0x20,3
2026-08-05T02:11:51.075257+00:00,a55a0582206307e0,0x82,0x20,3
2026-08-05T02:11:51.175556+00:00,a55a0582207307e0,0x82,0x20,3
2026-08-05T02:11:51.175786+00:00,a55a05822083001f,0x82,0x20,3
2026-08-05T02:11:51.175867+00:00,a55a0582209307e0,0x82,0x20,3
2026-08-05T02:11:51.175935+00:00,a55a058220a307e0,0x82,0x20,3
2026-08-05T02:11:51.176000+00:00,a55a058220b307e0,0x82,0x20,3
2026-08-05T02:11:51.176063+00:00,a55a058220c307e0,0x82,0x20,3
2026-08-05T02:11:51.176125+00:00,a55a058220d307e0,0x82,0x20,3
2026-08-05T02:11:51.176187+00:00,a55a058220e307e0,0x82,0x20,3
2026-08-05T02:11:51.176247+00:00,a55a058220f3f800,0x82,0x20,3
2026-08-05T02:11:51.176309+00:00,a55a058221030000,0x82,0x21,3
2026-08-05T02:11:51.176370+00:00,a55a058221130000,0x82,0x21,3
2026-08-05T02:11:51.176430+00:00,a55a058221230000,0x82,0x21,3
2026-08-05T02:11:51.276813+00:00,a55a058221330000,0x82,0x21,3
2026-08-05T02:11:51.277006+00:00,a55a058221430000,0x82,0x21,3
2026-08-05T02:11:51.277086+00:00,a55a058221530000,0x82,0x21,3
2026-08-05T02:11:51.277160+00:00,a55a058221630000,0x82,0x21,3
2026-08-05T02:11:51.277238+00:00,a55a058221730000,0x82,0x21,3
2026-08-05T02:11:51.277313+00:00,a55a058221830000,0x82,0x21,3
2026-08-05T02:11:51.277385+00:00,a55a058221930000,0x82,0x21,3
2026-08-05T02:11:51.277456+00:00,a55a058221a30000,0x82,0x21,3
2026-08-05T02:11:51.277527+00:00,a55a058221b30000,0x82,0x21,3
2026-08-05T02:11:51.277598+00:00,a55a15821300000000000000000000000000000000000000,0x82,0x13,19
2026-08-05T02:11:51.578480+00:00,a55a03800100,0x80,0x1,1
2026-08-05T02:11:51.578675+00:00,a55a2582100014bc03c5002600070044002a002500000cf600000001000100330001000100010000,0x82,0x10,35
2026-08-05T02:11:51.679031+00:00,a55a3b8211000ce60cec0cfa0d1b0cfb0cec0ce40d0e0d220cf60cec0ce70d040ce70cec0cdd000000000000000000000000000000000000000000000000,0x82,0x11,57
2026-08-05T02:11:51.679244+00:00,a55a0582200307e0,0x82,0x20,3
2026-08-05T02:11:51.679329+00:00,a55a0582201307e0,0x82,0x20,3
2026-08-05T02:11:51.679405+00:00,a55a0582202307e0,0x82,0x20,3
2026-08-05T02:11:51.679480+00:00,a55a0582203307e0,0x82,0x20,3
2026-08-05T02:11:51.679554+00:00,a55a0582204307e0,0x82,0x20,3
2026-08-05T02:11:51.679669+00:00,a55a0582205307e0,0x82,0x20,3
2026-08-05T02:11:51.679775+00:00,a55a0582206307e0,0x82,0x20,3
2026-08-05T02:11:51.679854+00:00,a55a0582207307e0,0x82,0x20,3
2026-08-05T02:11:51.679928+00:00,a55a05822083001f,0x82,0x20,3
2026-08-05T02:11:51.680002+00:00,a55a0582209307e0,0x82,0x20,3
2026-08-05T02:11:51.680078+00:00,a55a058220a307e0,0x82,0x20,3
2026-08-05T02:11:51.780392+00:00,a55a058220b307e0,0x82,0x20,3
2026-08-05T02:11:51.780522+00:00,a55a058220c307e0,0x82,0x20,3
2026-08-05T02:11:51.780552+00:00,a55a058220d307e0,0x82,0x20,3
2026-08-05T02:11:51.780578+00:00,a55a058220e307e0,0x82,0x20,3
2026-08-05T02:11:51.780603+00:00,a55a058220f3f800,0x82,0x20,3
2026-08-05T02:11:51.780645+00:00,a55a058221030000,0x82,0x21,3
2026-08-05T02:11:51.780671+00:00,a55a058221130000,0x82,0x21,3
2026-08-05T02:11:51.780695+00:00,a55a058221230000,0x82,0x21,3
2026-08-05T02:11:51.780719+00:00,a55a058221330000,0x82,0x21,3
2026-08-05T02:11:51.780742+00:00,a55a058221430000,0x82,0x21,3
2026-08-05T02:11:51.780766+00:00,a55a058221530000,0x82,0x21,3
2026-08-05T02:11:51.780790+00:00,a55a058221630000,0x82,0x21,3
2026-08-05T02:11:51.881175+00:00,a55a058221730000,0x82,0x21,3
2026-08-05T02:11:51.881309+00:00,a55a058221830000,0x82,0x21,3
2026-08-05T02:11:51.881339+00:00,a55a058221930000,0x82,0x21,3
2026-08-05T02:11:51.881365+00:00,a55a058221a30000,0x82,0x21,3
2026-08-05T02:11:51.881390+00:00,a55a058221b30000,0x82,0x21,3
2026-08-05T02:11:51.881415+00:00,a55a15821300000000000000000000000000000000000000,0x82,0x13,19
2026-08-05T02:11:52.182155+00:00,a55a03800100,0x80,0x1,1
2026-08-05T02:11:52.182278+00:00,a55a2582100014bc03c5002700070044002a002500000cf600000001000100340001000100010000,0x82,0x10,35
2026-08-05T02:11:52.182312+00:00,a55a3b8211000ce60cea0cf70d1e0cfb0cec0ce40d0d0d240cf60cec0ce90d040ce50cec0cdd000000000000000000000000000000000000000000000000,0x82,0x11,57
2026-08-05T02:11:52.182343+00:00,a55a0582200307e0,0x82,0x20,3
2026-08-05T02:11:52.182370+00:00,a55a0582201307e0,0x82,0x20,3
2026-08-05T02:11:52.182394+00:00,a55a0582202307e0,0x82,0x20,3
2026-08-05T02:11:52.282747+00:00,a55a0582203307e0,0x82,0x20,3
2026-08-05T02:11:52.283066+00:00,a55a0582204307e0,0x82,0x20,3
2026-08-05T02:11:52.283237+00:00,a55a0582205307e0,0x82,0x20,3
2026-08-05T02:11:52.283345+00:00,a55a0582206307e0,0x82,0x20,3
2026-08-05T02:11:52.283435+00:00,a55a0582207307e0,0x82,0x20,3
2026-08-05T02:11:52.283494+00:00,a55a05822083001f,0x82,0x20,3
2026-08-05T02:11:52.283530+00:00,a55a0582209307e0,0x82,0x20,3
2026-08-05T02:11:52.283561+00:00,a55a058220a307e0,0x82,0x20,3
2026-08-05T02:11:52.283592+00:00,a55a058220b307e0,0x82,0x20,3
2026-08-05T02:11:52.283673+00:00,a55a058220c307e0,0x82,0x20,3
2026-08-05T02:11:52.283707+00:00,a55a058220d307e0,0x82,0x20,3
2026-08-05T02:11:52.283731+00:00,a55a058220e307e0,0x82,0x20,3
2026-08-05T02:11:52.383968+00:00,a55a058220f3f800,0x82,0x20,3
2026-08-05T02:11:52.384095+00:00,a55a058221030000,0x82,0x21,3
2026-08-05T02:11:52.384125+00:00,a55a058221130000,0x82,0x21,3
2026-08-05T02:11:52.384151+00:00,a55a058221230000,0x82,0x21,3
2026-08-05T02:11:52.384176+00:00,a55a058221330000,0x82,0x21,3
2026-08-05T02:11:52.384201+00:00,a55a058221430000,0x82,0x21,3
2026-08-05T02:11:52.384225+00:00,a55a058221530000,0x82,0x21,3
2026-08-05T02:11:52.384249+00:00,a55a058221630000,0x82,0x21,3
2026-08-05T02:11:52.384273+00:00,a55a058221730000,0x82,0x21,3
2026-08-05T02:11:52.384298+00:00,a55a058221830000,0x82,0x21,3
2026-08-05T02:11:52.384321+00:00,a55a058221930000,0x82,0x21,3
2026-08-05T02:11:52.384345+00:00,a55a058221a30000,0x82,0x21,3
2026-08-05T02:11:52.384368+00:00,a55a058221b30000,0x82,0x21,3
2026-08-05T02:11:52.484661+00:00,a55a15821300000000000000000000000000000000000000,0x82,0x13,19
2026-08-05T02:11:52.785543+00:00,a55a03800100,0x80,0x1,1
2026-08-05T02:11:52.785703+00:00,a55a2582100014bc03c8002800070044002a002500000cf600000001000100350001000100010000,0x82,0x10,35
2026-08-05T02:11:52.785746+00:00,a55a3b8211000ce50cea0cfa0d1b0cfc0ceb0ce40d100d200cf40cec0ce70d030ce60cec0cdd000000000000000000000000000000000000000000000000,0x82,0x11,57
2026-08-05T02:11:52.785786+00:00,a55a0582200307e0,0x82,0x20,3
2026-08-05T02:11:52.785819+00:00,a55a0582201307e0,0x82,0x20,3
2026-08-05T02:11:52.785851+00:00,a55a0582202307e0,0x82,0x20,3
2026-08-05T02:11:52.785883+00:00,a55a0582203307e0,0x82,0x20,3
2026-08-05T02:11:52.785915+00:00,a55a0582204307e0,0x82,0x20,3
2026-08-05T02:11:52.785947+00:00,a55a0582205307e0,0x82,0x20,3
2026-08-05T02:11:52.785978+00:00,a55a0582206307e0,0x82,0x20,3
2026-08-05T02:11:52.886247+00:00,a55a0582207307e0,0x82,0x20,3
2026-08-05T02:11:52.886391+00:00,a55a05822083001f,0x82,0x20,3
2026-08-05T02:11:52.886429+00:00,a55a0582209307e0,0x82,0x20,3
2026-08-05T02:11:52.886464+00:00,a55a058220a307e0,0x82,0x20,3
2026-08-05T02:11:52.886497+00:00,a55a058220b307e0,0x82,0x20,3
2026-08-05T02:11:52.886531+00:00,a55a058220c307e0,0x82,0x20,3
2026-08-05T02:11:52.886565+00:00,a55a058220d307e0,0x82,0x20,3
2026-08-05T02:11:52.886599+00:00,a55a058220e307e0,0x82,0x20,3
2026-08-05T02:11:52.886663+00:00,a55a058220f3f800,0x82,0x20,3
2026-08-05T02:11:52.886701+00:00,a55a058221030000,0x82,0x21,3
2026-08-05T02:11:52.886783+00:00,a55a058221130000,0x82,0x21,3
2026-08-05T02:11:52.886819+00:00,a55a058221230000,0x82,0x21,3
2026-08-05T02:11:52.987091+00:00,a55a058221330000,0x82,0x21,3
2026-08-05T02:11:52.987234+00:00,a55a058221430000,0x82,0x21,3
2026-08-05T02:11:52.987272+00:00,a55a058221530000,0x82,0x21,3
2026-08-05T02:11:52.987304+00:00,a55a058221630000,0x82,0x21,3
2026-08-05T02:11:52.987335+00:00,a55a058221730000,0x82,0x21,3
2026-08-05T02:11:52.987366+00:00,a55a058221830000,0x82,0x21,3
2026-08-05T02:11:52.987397+00:00,a55a058221930000,0x82,0x21,3
2026-08-05T02:11:52.987428+00:00,a55a058221a30000,0x82,0x21,3
2026-08-05T02:11:52.987458+00:00,a55a058221b30000,0x82,0x21,3
2026-08-05T02:11:52.987489+00:00,a55a15821300000000000000000000000000000000000000,0x82,0x13,19
2026-08-05T02:11:53.288305+00:00,a55a03800100,0x80,0x1,1
2026-08-05T02:11:53.288443+00:00,a55a2582100014bc03c8002900070044002a002500000cf600000001000100330001000100010000,0x82,0x10,35
2026-08-05T02:11:53.388773+00:00,a55a3b8211000ce60cec0cf70d1e0cfc0cec0ce40d100d200cf50cec0ce70d040ce60cec0cdd000000000000000000000000000000000000000000000000,0x82,0x11,57
2026-08-05T02:11:53.388939+00:00,a55a0582200307e0,0x82,0x20,3
2026-08-05T02:11:53.388986+00:00,a55a0582201307e0,0x82,0x20,3
2026-08-05T02:11:53.389019+00:00,a55a0582202307e0,0x82,0x20,3
2026-08-05T02:11:53.389051+00:00,a55a0582203307e0,0x82,0x20,3
2026-08-05T02:11:53.389082+00:00,a55a0582204307e0,0x82,0x20,3
2026-08-05T02:11:53.389112+00:00,a55a0582205307e0,0x82,0x20,3
2026-08-05T02:11:53.389141+00:00,a55a0582206307e0,0x82,0x20,3
2026-08-05T02:11:53.389171+00:00,a55a0582207307e0,0x82,0x20,3
2026-08-05T02:11:53.389200+00:00,a55a05822083001f,0x82,0x20,3
2026-08-05T02:11:53.389230+00:00,a55a0582209307e0,0x82,0x20,3
2026-08-05T02:11:53.389259+00:00,a55a058220a307e0,0x82,0x20,3
2026-08-05T02:11:53.489498+00:00,a55a058220b307e0,0x82,0x20,3
2026-08-05T02:11:53.489649+00:00,a55a058220c307e0,0x82,0x20,3
2026-08-05T02:11:53.489690+00:00,a55a058220d307e0,0x82,0x20,3
2026-08-05T02:11:53.489718+00:00,a55a058220e307e0,0x82,0x20,3
2026-08-05T02:11:53.489743+00:00,a55a058220f3f800,0x82,0x20,3
2026-08-05T02:11:53.489768+00:00,a55a058221030000,0x82,0x21,3
2026-08-05T02:11:53.489793+00:00,a55a058221130000,0x82,0x21,3
2026-08-05T02:11:53.489818+00:00,a55a058221230000,0x82,0x21,3
2026-08-05T02:11:53.489842+00:00,a55a058221330000,0x82,0x21,3
2026-08-05T02:11:53.489869+00:00,a55a058221430000,0x82,0x21,3
2026-08-05T02:11:53.489900+00:00,a55a058221530000,0x82,0x21,3
2026-08-05T02:11:53.489939+00:00,a55a058221630000,0x82,0x21,3
2026-08-05T02:11:53.489973+00:00,a55a058221730000,0x82,0x21,3
2026-08-05T02:11:53.590260+00:00,a55a058221830000,0x82,0x21,3
2026-08-05T02:11:53.590404+00:00,a55a058221930000,0x82,0x21,3
2026-08-05T02:11:53.590440+00:00,a55a058221a30000,0x82,0x21,3
2026-08-05T02:11:53.590472+00:00,a55a058221b30000,0x82,0x21,3
2026-08-05T02:11:53.590503+00:00,a55a15821300000000000000000000000000000000000000,0x82,0x13,19
2026-08-05T02:11:53.891272+00:00,a55a03800100,0x80,0x1,1
2026-08-05T02:11:53.891424+00:00,a55a2582100014bc03c2001f00070044002a002500000cf600000001000100340001000100010000,0x82,0x10,35
2026-08-05T02:11:53.891471+00:00,a55a3b8211000ce60cec0cf90d1a0cfb0cec0ce20d0f0d230cf40ceb0ce70d010ce50cee0cdd000000000000000000000000000000000000000000000000,0x82,0x11,57
2026-08-05T02:11:53.891517+00:00,a55a0582200307e0,0x82,0x20,3
2026-08-05T02:11:53.891555+00:00,a55a0582201307e0,0x82,0x20,3
2026-08-05T02:11:53.891592+00:00,a55a0582202307e0,0x82,0x20,3
2026-08-05T02:11:53.991957+00:00,a55a0582203307e0,0x82,0x20,3
2026-08-05T02:11:53.992121+00:00,a55a0582204307e0,0x82,0x20,3
2026-08-05T02:11:53.992162+00:00,a55a0582205307e0,0x82,0x20,3
2026-08-05T02:11:53.992198+00:00,a55a0582206307e0,0x82,0x20,3
2026-08-05T02:11:53.992233+00:00,a55a0582207307e0,0x82,0x20,3
2026-08-05T02:11:53.992268+00:00,a55a05822083001f,0x82,0x20,3
2026-08-05T02:11:53.992302+00:00,a55a0582209307e0,0x82,0x20,3
2026-08-05T02:11:53.992336+00:00,a55a058220a307e0,0x82,0x20,3
2026-08-05T02:11:53.992369+00:00,a55a058220b307e0,0x82,0x20,3
2026-08-05T02:11:53.992454+00:00,a55a058220c307e0,0x82,0x20,3
2026-08-05T02:11:53.992489+00:00,a55a058220d307e0,0x82,0x20,3
2026-08-05T02:11:53.992523+00:00,a55a058220e307e0,0x82,0x20,3
2026-08-05T02:11:54.092815+00:00,a55a058220f3f800,0x82,0x20,3
2026-08-05T02:11:54.092955+00:00,a55a058221030000,0x82,0x21,3
2026-08-05T02:11:54.092998+00:00,a55a058221130000,0x82,0x21,3
2026-08-05T02:11:54.093034+00:00,a55a058221230000,0x82,0x21,3
2026-08-05T02:11:54.093069+00:00,a55a058221330000,0x82,0x21,3
2026-08-05T02:11:54.093103+00:00,a55a058221430000,0x82,0x21,3
2026-08-05T02:11:54.093137+00:00,a55a058221530000,0x82,0x21,3
2026-08-05T02:11:54.093174+00:00,a55a058221630000,0x82,0x21,3
2026-08-05T02:11:54.093209+00:00,a55a058221730000,0x82,0x21,3
2026-08-05T02:11:54.093243+00:00,a55a058221830000,0x82,0x21,3
2026-08-05T02:11:54.093277+00:00,a55a058221930000,0x82,0x21,3
2026-08-05T02:11:54.093310+00:00,a55a058221a30000,0x82,0x21,3
2026-08-05T02:11:54.093343+00:00,a55a058221b30000,0x82,0x21,3
2026-08-05T02:11:54.193664+00:00,a55a15821300000000000000000000000000000000000000,0x82,0x13,19
2026-08-05T02:11:54.494597+00:00,a55a03800100,0x80,0x1,1
2026-08-05T02:11:54.494786+00:00,a55a2582100014bc03cc002000070044002a002500000cf600000001000100350001000100010000,0x82,0x10,35
2026-08-05T02:11:54.494827+00:00,a55a3b8211000ce60ceb0cf90d1d0cfa0ceb0ce50d0e0d200cf60ceb0ce70d050ce60cee0cdd000000000000000000000000000000000000000000000000,0x82,0x11,57
2026-08-05T02:11:54.494858+00:00,a55a0582200307e0,0x82,0x20,3
2026-08-05T02:11:54.494885+00:00,a55a0582201307e0,0x82,0x20,3
2026-08-05T02:11:54.494910+00:00,a55a0582202307e0,0x82,0x20,3
2026-08-05T02:11:54.494936+00:00,a55a0582203307e0,0x82,0x20,3
2026-08-05T02:11:54.494960+00:00,a55a0582204307e0,0x82,0x20,3
2026-08-05T02:11:54.494985+00:00,a55a0582205307e0,0x82,0x20,3
2026-08-05T02:11:54.495010+00:00,a55a0582206307e0,0x82,0x20,3
2026-08-05T02:11:54.595281+00:00,a55a0582207307e0,0x82,0x20,3
2026-08-05T02:11:54.595427+00:00,a55a05822083001f,0x82,0x20,3
2026-08-05T02:11:54.595472+00:00,a55a0582209307e0,0x82,0x20,3
2026-08-05T02:11:54.595505+00:00,a55a058220a307e0,0x82,0x20,3
2026-08-05T02:11:54.595538+00:00,a55a058220b307e0,0x82,0x20,3
2026-08-05T02:11:54.595569+00:00,a55a058220c307e0,0x82,0x20,3
2026-08-05T02:11:54.595601+00:00,a55a058220d307e0,0x82,0x20,3
2026-08-05T02:11:54.595672+00:00,a55a058220e307e0,0x82,0x20,3
2026-08-05T02:11:54.595710+00:00,a55a058220f3f800,0x82,0x20,3
2026-08-05T02:11:54.595742+00:00,a55a058221030000,0x82,0x21,3
2026-08-05T02:11:54.595774+00:00,a55a058221130000,0x82,0x21,3
2026-08-05T02:11:54.595805+00:00,a55a058221230000,0x82,0x21,3
2026-08-05T02:11:54.696106+00:00,a55a058221330000,0x82,0x21,3
2026-08-05T02:11:54.696262+00:00,a55a058221430000,0x82,0x21,3
2026-08-05T02:11:54.696304+00:00,a55a058221530000,0x82,0x21,3
2026-08-05T02:11:54.696339+00:00,a55a058221630000,0x82,0x21,3
2026-08-05T02:11:54.696373+00:00,a55a058221730000,0x82,0x21,3
2026-08-05T02:11:54.696407+00:00,a55a058221830000,0x82,0x21,3
2026-08-05T02:11:54.696440+00:00,a55a058221930000,0x82,0x21,3
2026-08-05T02:11:54.696473+00:00,a55a058221a30000,0x82,0x21,3
2026-08-05T02:11:54.696507+00:00,a55a058221b30000,0x82,0x21,3
2026-08-05T02:11:54.696549+00:00,a55a15821300000000000000000000000000000000000000,0x82,0x13,19
2026-08-05T02:11:54.997328+00:00,a55a03800100,0x80,0x1,1
2026-08-05T02:11:54.997482+00:00,a55a2582100014bc03cc002100070044002a002500000cf600000001000100330001000100010000,0x82,0x10,35
2026-08-05T02:11:55.097835+00:00,a55a3b8211000ce60ceb0cf70d1a0cfc0cec0ce40d0e0d220cf40cec0ce70d030ce70cee0cdd000000000000000000000000000000000000000000000000,0x82,0x11,57
2026-08-05T02:11:55.097972+00:00,a55a0582200307e0,0x82,0x20,3
2026-08-05T02:11:55.098010+00:00,a55a0582201307e0,0x82,0x20,3
2026-08-05T02:11:55.098043+00:00,a55a0582202307e0,0x82,0x20,3
2026-08-05T02:11:55.098075+00:00,a55a0582203307e0,0x82,0x20,3
2026-08-05T02:11:55.098107+00:00,a55a0582204307e0,0x82,0x20,3
2026-08-05T02:11:55.098138+00:00,a55a0582205307e0,0x82,0x20,3
2026-08-05T02:11:55.098169+00:00,a55a0582206307e0,0x82,0x20,3
2026-08-05T02:11:55.098257+00:00,a55a0582207307e0,0x82,0x20,3
2026-08-05T02:11:55.098296+00:00,a55a05822083001f,0x82,0x20,3
2026-08-05T02:11:55.098328+00:00,a55a0582209307e0,0x82,0x20,3
2026-08-05T02:11:55.098360+00:00,a55a058220a307e0,0x82,0x20,3
2026-08-05T02:11:55.198659+00:00,a55a058220b307e0,0x82,0x20,3
2026-08-05T02:11:55.198813+00:00,a55a058220c307e0,0x82,0x20,3
2026-08-05T02:11:55.198853+00:00,a55a058220d307e0,0x82,0x20,3
2026-08-05T02:11:55.198888+00:00,a55a058220e307e0,0x82,0x20,3
2026-08-05T02:11:55.198944+00:00,a55a058220f3f800,0x82,0x20,3
2026-08-05T02:11:55.198984+00:00,a55a058221030000,0x82,0x21,3
2026-08-05T02:11:55.199020+00:00,a55a058221130000,0x82,0x21,3
2026-08-05T02:11:55.199055+00:00,a55a058221230000,0x82,0x21,3
2026-08-05T02:11:55.199088+00:00,a55a058221330000,0x82,0x21,3
2026-08-05T02:11:55.199120+00:00,a55a058221430000,0x82,0x21,3
2026-08-05T02:11:55.199153+00:00,a55a058221530000,0x82,0x21,3
2026-08-05T02:11:55.199185+00:00,a55a058221630000,0x82,0x21,3
2026-08-05T02:11:55.299477+00:00,a55a058221730000,0x82,0x21,3
2026-08-05T02:11:55.299631+00:00,a55a058221830000,0x82,0x21,3
2026-08-05T02:11:55.299672+00:00,a55a058221930000,0x82,0x21,3
2026-08-05T02:11:55.299702+00:00,a55a058221a30000,0x82,0x21,3
2026-08-05T02:11:55.299729+00:00,a55a058221b30000,0x82,0x21,3
2026-08-05T02:11:55.299756+00:00,a55a15821300000000000000000000000000000000000000,0x82,0x13,19
2026-08-05T02:11:55.600468+00:00,a55a03800100,0x80,0x1,1
2026-08-05T02:11:55.600599+00:00,a55a2582100014bc03cc002200070043002a002500000cf600000001000100340001000100010000,0x82,0x10,35
2026-08-05T02:11:55.600650+00:00,a55a3b8211000ce60ceb0cf70d1d0cfa0ceb0ce40d0e0d200cf50cec0ce70d050ce60cec0cdd000000000000000000000000000000000000000000000000,0x82,0x11,57
2026-08-05T02:11:55.600684+00:00,a55a0582200307e0,0x82,0x20,3
2026-08-05T02:11:55.600710+00:00,a55a0582201307e0,0x82,0x20,3
2026-08-05T02:11:55.600735+00:00,a55a0582202307e0,0x82,0x20,3
2026-08-05T02:11:55.700999+00:00,a55a0582203307e0,0x82,0x20,3
2026-08-05T02:11:55.701153+00:00,a55a0582204307e0,0x82,0x20,3
2026-08-05T02:11:55.701187+00:00,a55a0582205307e0,0x82,0x20,3
2026-08-05T02:11:55.701215+00:00,a55a0582206307e0,0x82,0x20,3
2026-08-05T02:11:55.701244+00:00,a55a0582207307e0,0x82,0x20,3
2026-08-05T02:11:55.701272+00:00,a55a05822083001f,0x82,0x20,3
2026-08-05T02:11:55.701299+00:00,a55a0582209307e0,0x82,0x20,3
2026-08-05T02:11:55.701326+00:00,a55a058220a307e0,0x82,0x20,3
2026-08-05T02:11:55.701353+00:00,a55a058220b307e0,0x82,0x20,3
2026-08-05T02:11:55.701380+00:00,a55a058220c307e0,0x82,0x20,3
2026-08-05T02:11:55.701407+00:00,a55a058220d307e0,0x82,0x20,3
2026-08-05T02:11:55.701433+00:00,a55a058220e307e0,0x82,0x20,3
2026-08-05T02:11:55.801729+00:00,a55a058220f3f800,0x82,0x20,3
2026-08-05T02:11:55.801914+00:00,a55a058221030000,0x82,0x21,3
2026-08-05T02:11:55.801975+00:00,a55a058221130000,0x82,0x21,3
2026-08-05T02:11:55.802031+00:00,a55a058221230000,0x82,0x21,3
2026-08-05T02:11:55.802085+00:00,a55a058221330000,0x82,0x21,3
2026-08-05T02:11:55.802138+00:00,a55a058221430000,0x82,0x21,3
2026-08-05T02:11:55.802191+00:00,a55a058221530000,0x82,0x21,3
2026-08-05T02:11:55.802245+00:00,a55a058221630000,0x82,0x21,3
2026-08-05T02:11:55.802300+00:00,a55a058221730000,0x82,0x21,3
2026-08-05T02:11:55.802357+00:00,a55a058221830000,0x82,0x21,3
2026-08-05T02:11:55.802417+00:00,a55a058221930000,0x82,0x21,3
2026-08-05T02:11:55.802473+00:00,a55a058221a30000,0x82,0x21,3
2026-08-05T02:11:55.902846+00:00,a55a058221b30000,0x82,0x21,3
2026-08-05T02:11:55.902998+00:00,a55a15821300000000000000000000000000000000000000,0x82,0x13,19
2026-08-05T02:11:56.203778+00:00,a55a03800100,0x80,0x1,1
2026-08-05T02:11:56.203909+00:00,a55a2582100014bc03c8002300070043002a002500000cf600000001000100350001000100010000,0x82,0x10,35
2026-08-05T02:11:56.203942+00:00,a55a3b8211000ce60cec0cf90d1a0cfb0cec0ce40d100d240cf40ceb0ce90d040ce60cee0cdd000000000000000000000000000000000000000000000000,0x82,0x11,57
2026-08-05T02:11:56.203973+00:00,a55a0582200307e0,0x82,0x20,3
2026-08-05T02:11:56.204058+00:00,a55a0582201307e0,0x82,0x20,3
2026-08-05T02:11:56.204086+00:00,a55a0582202307e0,0x82,0x20,3
2026-08-05T02:11:56.204110+00:00,a55a0582203307e0,0x82,0x20,3
2026-08-05T02:11:56.204135+00:00,a55a0582204307e0,0x82,0x20,3
2026-08-05T02:11:56.204159+00:00,a55a0582205307e0,0x82,0x20,3
2026-08-05T02:11:56.204184+00:00,a55a0582206307e0,0x82,0x20,3
2026-08-05T02:11:56.304440+00:00,a55a0582207307e0,0x82,0x20,3
2026-08-05T02:11:56.304581+00:00,a55a05822083001f,0x82,0x20,3
2026-08-05T02:11:56.304631+00:00,a55a0582209307e0,0x82,0x20,3
2026-08-05T02:11:56.304674+00:00,a55a058220a307e0,0x82,0x20,3
2026-08-05T02:11:56.304707+00:00,a55a058220b307e0,0x82,0x20,3
2026-08-05T02:11:56.304739+00:00,a55a058220c307e0,0x82,0x20,3
2026-08-05T02:11:56.304770+00:00,a55a058220d307e0,0x82,0x20,3
2026-08-05T02:11:56.304802+00:00,a55a058220e307e0,0x82,0x20,3
2026-08-05T02:11:56.304835+00:00,a55a058220f3f800,0x82,0x20,3
2026-08-05T02:11:56.304867+00:00,a55a058221030000,0x82,0x21,3
2026-08-05T02:11:56.304897+00:00,a55a058221130000,0x82,0x21,3
2026-08-05T02:11:56.304928+00:00,a55a058221230000,0x82,0x21,3
2026-08-05T02:11:56.405206+00:00,a55a058221330000,0x82,0x21,3
2026-08-05T02:11:56.405353+00:00,a55a058221430000,0x82,0x21,3
2026-08-05T02:11:56.405394+00:00,a55a058221530000,0x82,0x21,3
2026-08-05T02:11:56.405429+00:00,a55a058221630000,0x82,0x21,3
2026-08-05T02:11:56.405462+00:00,a55a058221730000,0x82,0x21,3
2026-08-05T02:11:56.405496+00:00,a55a058221830000,0x82,0x21,3
2026-08-05T02:11:56.405529+00:00,a55a058221930000,0x82,0x21,3
2026-08-05T02:11:56.405562+00:00,a55a058221a30000,0x82,0x21,3
2026-08-05T02:11:56.405595+00:00,a55a058221b30000,0x82,0x21,3
2026-08-05T02:11:56.405650+00:00,a55a15821300000000000000000000000000000000000000,0x82,0x13,19
2026-08-05T02:11:56.706454+00:00,a55a03800100,0x80,0x1,1
2026-08-05T02:11:56.706585+00:00,a55a2582100014bd03c8002400070043002a002500000cf600000001000100330001000100010000,0x82,0x10,35
2026-08-05T02:11:56.806891+00:00,a55a3b8211000ce60cea0cf90d1d0cfa0cec0ce50d0e0d220cf60ceb0ce70d040ce60cec0cdd000000000000000000000000000000000000000000000000,0x82,0x11,57
2026-08-05T02:11:56.807026+00:00,a55a0582200307e0,0x82,0x20,3
2026-08-05T02:11:56.807061+00:00,a55a0582201307e0,0x82,0x20,3
2026-08-05T02:11:56.807090+00:00,a55a0582202307e0,0x82,0x20,3
2026-08-05T02:11:56.807117+00:00,a55a0582203307e0,0x82,0x20,3
2026-08-05T02:11:56.807144+00:00,a55a0582204307e0,0x82,0x20,3
2026-08-05T02:11:56.807171+00:00,a55a0582205307e0,0x82,0x20,3
2026-08-05T02:11:56.807198+00:00,a55a0582206307e0,0x82,0x20,3
2026-08-05T02:11:56.807225+00:00,a55a0582207307e0,0x82,0x20,3
2026-08-05T02:11:56.807254+00:00,a55a05822083001f,0x82,0x20,3
2026-08-05T02:11:56.807282+00:00,a55a0582209307e0,0x82,0x20,3
2026-08-05T02:11:56.807308+00:00,a55a058220a307e0,0x82,0x20,3
2026-08-05T02:11:56.907563+00:00,a55a058220b307e0,0x82,0x20,3
2026-08-05T02:11:56.907711+00:00,a55a058220c307e0,0x82,0x20,3
2026-08-05T02:11:56.907745+00:00,a55a058220d307e0,0x82,0x20,3
2026-08-05T02:11:56.907821+00:00,a55a058220e307e0,0x82,0x20,3
2026-08-05T02:11:56.907850+00:00,a55a058220f3f800,0x82,0x20,3
2026-08-05T02:11:56.907875+00:00,a55a058221030000,0x82,0x21,3
2026-08-05T02:11:56.907923+00:00,a55a058221130000,0x82,0x21,3
2026-08-05T02:11:56.907950+00:00,a55a058221230000,0x82,0x21,3
2026-08-05T02:11:56.907974+00:00,a55a058221330000,0x82,0x21,3
2026-08-05T02:11:56.907999+00:00,a55a058221430000,0x82,0x21,3
2026-08-05T02:11:56.908023+00:00,a55a058221530000,0x82,0x21,3
2026-08-05T02:11:56.908048+00:00,a55a058221630000,0x82,0x21,3
2026-08-05T02:11:57.008318+00:00,a55a058221730000,0x82,0x21,3
2026-08-05T02:11:57.008469+00:00,a55a058221830000,0x82,0x21,3
2026-08-05T02:11:57.008503+00:00,a55a058221930000,0x82,0x21,3
2026-08-05T02:11:57.008530+00:00,a55a058221a30000,0x82,0x21,3
2026-08-05T02:11:57.008555+00:00,a55a058221b30000,0x82,0x21,3
2026-08-05T02:11:57.008580+00:00,a55a15821300000000000000000000000000000000000000,0x82,0x13,19
2026-08-05T02:11:57.309349+00:00,a55a03800100,0x80,0x1,1
2026-08-05T02:11:57.309503+00:00,a55a2582100014bc03c5002500070043002a002500000cf600000001000100340001000100010000,0x82,0x10,35
2026-08-05T02:11:57.309589+00:00,a55a3b8211000ce60cec0cf70d1b0cfc0ceb0ce40d0f0d1f0cf40cee0ce70d030ce60cee0cdd000000000000000000000000000000000000000000000000,0x82,0x11,57
2026-08-05T02:11:57.309656+00:00,a55a0582200307e0,0x82,0x20,3
2026-08-05T02:11:57.309688+00:00,a55a0582201307e0,0x82,0x20,3
2026-08-05T02:11:57.309714+00:00,a55a0582202307e0,0x82,0x20,3
2026-08-05T02:11:57.410020+00:00,a55a0582203307e0,0x82,0x20,3
2026-08-05T02:11:57.410167+00:00,a55a0582204307e0,0x82,0x20,3
2026-08-05T02:11:57.410203+00:00,a55a0582205307e0,0x82,0x20,3
2026-08-05T02:11:57.410235+00:00,a55a0582206307e0,0x82,0x20,3
2026-08-05T02:11:57.410266+00:00,a55a0582207307e0,0x82,0x20,3
2026-08-05T02:11:57.410298+00:00,a55a05822083001f,0x82,0x20,3
2026-08-05T02:11:57.410328+00:00,a55a0582209307e0,0x82,0x20,3
2026-08-05T02:11:57.410359+00:00,a55a058220a307e0,0x82,0x20,3
2026-08-05T02:11:57.410387+00:00,a55a058220b307e0,0x82,0x20,3
2026-08-05T02:11:57.410416+00:00,a55a058220c307e0,0x82,0x20,3
2026-08-05T02:11:57.410445+00:00,a55a058220d307e0,0x82,0x20,3
2026-08-05T02:11:57.410473+00:00,a55a058220e307e0,0x82,0x20,3
2026-08-05T02:11:57.510774+00:00,a55a058220f3f800,0x82,0x20,3
2026-08-05T02:11:57.510930+00:00,a55a058221030000,0x82,0x21,3
2026-08-05T02:11:57.510972+00:00,a55a058221130000,0x82,0x21,3
2026-08-05T02:11:57.511009+00:00,a55a058221230000,0x82,0x21,3
2026-08-05T02:11:57.511044+00:00,a55a058221330000,0x82,0x21,3
2026-08-05T02:11:57.511079+00:00,a55a058221430000,0x82,0x21,3
2026-08-05T02:11:57.511114+00:00,a55a058221530000,0x82,0x21,3
2026-08-05T02:11:57.511147+00:00,a55a058221630000,0x82,0x21,3
2026-08-05T02:11:57.511181+00:00,a55a058221730000,0x82,0x21,3
2026-08-05T02:11:57.511214+00:00,a55a058221830000,0x82,0x21,3
2026-08-05T02:11:57.511248+00:00,a55a058221930000,0x82,0x21,3
2026-08-05T02:11:57.511281+00:00,a55a058221a30000,0x82,0x21,3
2026-08-05T02:11:57.611577+00:00,a55a058221b30000,0x82,0x21,3
2026-08-05T02:11:57.611750+00:00,a55a15821300000000000000000000000000000000000000,0x82,0x13,19
2026-08-05T02:11:57.912549+00:00,a55a03800100,0x80,0x1,1
2026-08-05T02:11:57.912702+00:00,a55a2582100014bc03c5002600070043002a002500000cf600000001000100350001000100010000,0x82,0x10,35
2026-08-05T02:11:57.912743+00:00,a55a3b8211000ce50ceb0cf90d1a0cfa0cec0ce40d0e0d240cf50cec0ce70d030ce60cec0cdd000000000000000000000000000000000000000000000000,0x82,0x11,57
2026-08-05T02:11:57.912803+00:00,a55a0582200307e0,0x82,0x20,3
2026-08-05T02:11:57.912833+00:00,a55a0582201307e0,0x82,0x20,3
2026-08-05T02:11:57.912860+00:00,a55a0582202307e0,0x82,0x20,3
2026-08-05T02:11:57.912885+00:00,a55a0582203307e0,0x82,0x20,3
2026-08-05T02:11:57.912910+00:00,a55a0582204307e0,0x82,0x20,3
2026-08-05T02:11:57.912935+00:00,a55a0582205307e0,0x82,0x20,3
2026-08-05T02:11:57.912959+00:00,a55a0582206307e0,0x82,0x20,3
2026-08-05T02:11:58.013228+00:00,a55a0582207307e0,0x82,0x20,3
2026-08-05T02:11:58.013395+00:00,a55a05822083001f,0x82,0x20,3
2026-08-05T02:11:58.013430+00:00,a55a0582209307e0,0x82,0x20,3
2026-08-05T02:11:58.013456+00:00,a55a058220a307e0,0x82,0x20,3
2026-08-05T02:11:58.013481+00:00,a55a058220b307e0,0x82,0x20,3
2026-08-05T02:11:58.013506+00:00,a55a058220c307e0,0x82,0x20,3
2026-08-05T02:11:58.013530+00:00,a55a058220d307e0,0x82,0x20,3
2026-08-05T02:11:58.013555+00:00,a55a058220e307e0,0x82,0x20,3
2026-08-05T02:11:58.013579+00:00,a55a058220f3f800,0x82,0x20,3
2026-08-05T02:11:58.013603+00:00,a55a058221030000,0x82,0x21,3
2026-08-05T02:11:58.013672+00:00,a55a058221130000,0x82,0x21,3
2026-08-05T02:11:58.013702+00:00,a55a058221230000,0x82,0x21,3
2026-08-05T02:11:58.113994+00:00,a55a058221330000,0x82,0x21,3
2026-08-05T02:11:58.114132+00:00,a55a058221430000,0x82,0x21,3
2026-08-05T02:11:58.114167+00:00,a55a058221530000,0x82,0x21,3
2026-08-05T02:11:58.114193+00:00,a55a058221630000,0x82,0x21,3
2026-08-05T02:11:58.114218+00:00,a55a058221730000,0x82,0x21,3
2026-08-05T02:11:58.114243+00:00,a55a058221830000,0x82,0x21,3
2026-08-05T02:11:58.114268+00:00,a55a058221930000,0x82,0x21,3
2026-08-05T02:11:58.114340+00:00,a55a058221a30000,0x82,0x21,3
2026-08-05T02:11:58.114368+00:00,a55a058221b30000,0x82,0x21,3
2026-08-05T02:11:58.114392+00:00,a55a15821300000000000000000000000000000000000000,0x82,0x13,19
2026-08-05T02:11:58.415086+00:00,a55a03800100,0x80,0x1,1
2026-08-05T02:11:58.415214+00:00,a55a2582100014bc03c5002700070043002a002500000cf600000001000100330001000100010000,0x82,0x10,35
2026-08-05T02:11:58.515415+00:00,a55a3b8211000ce60ceb0cf70d1a0cfa0cec0ce40d0e0d230cf50ceb0ce70d030ce50cee0cdd000000000000000000000000000000000000000000000000,0x82,0x11,57
2026-08-05T02:11:58.515551+00:00,a55a0582200307e0,0x82,0x20,3
2026-08-05T02:11:58.515587+00:00,a55a0582201307e0,0x82,0x20,3
2026-08-05T02:11:58.515631+00:00,a55a0582202307e0,0x82,0x20,3
2026-08-05T02:11:58.515671+00:00,a55a0582203307e0,0x82,0x20,3
2026-08-05T02:11:58.515698+00:00,a55a0582204307e0,0x82,0x20,3
2026-08-05T02:11:58.515725+00:00,a55a0582205307e0,0x82,0x20,3
2026-08-05T02:11:58.515750+00:00,a55a0582206307e0,0x82,0x20,3
2026-08-05T02:11:58.515776+00:00,a55a0582207307e0,0x82,0x20,3
2026-08-05T02:11:58.515801+00:00,a55a05822083001f,0x82,0x20,3
2026-08-05T02:11:58.515826+00:00,a55a0582209307e0,0x82,0x20,3
2026-08-05T02:11:58.515851+00:00,a55a058220a307e0,0x82,0x20,3
2026-08-05T02:11:58.616083+00:00,a55a058220b307e0,0x82,0x20,3
2026-08-05T02:11:58.616212+00:00,a55a058220c307e0,0x82,0x20,3
2026-08-05T02:11:58.616243+00:00,a55a058220d307e0,0x82,0x20,3
2026-08-05T02:11:58.616269+00:00,a55a058220e307e0,0x82,0x20,3
2026-08-05T02:11:58.616297+00:00,a55a058220f3f800,0x82,0x20,3
2026-08-05T02:11:58.616323+00:00,a55a058221030000,0x82,0x21,3
2026-08-05T02:11:58.616348+00:00,a55a058221130000,0x82,0x21,3
2026-08-05T02:11:58.616372+00:00,a55a058221230000,0x82,0x21,3
2026-08-05T02:11:58.616396+00:00,a55a058221330000,0x82,0x21,3
2026-08-05T02:11:58.616420+00:00,a55a058221430000,0x82,0x21,3
2026-08-05T02:11:58.616444+00:00,a55a058221530000,0x82,0x21,3
2026-08-05T02:11:58.616469+00:00,a55a058221630000,0x82,0x21,3
2026-08-05T02:11:58.716728+00:00,a55a058221730000,0x82,0x21,3
2026-08-05T02:11:58.716852+00:00,a55a058221830000,0x82,0x21,3
2026-08-05T02:11:58.716883+00:00,a55a058221930000,0x82,0x21,3
2026-08-05T02:11:58.716908+00:00,a55a058221a30000,0x82,0x21,3
2026-08-05T02:11:58.716933+00:00,a55a058221b30000,0x82,0x21,3
2026-08-05T02:11:58.716958+00:00,a55a15821300000000000000000000000000000000000000,0x82,0x13,19
2026-08-05T02:11:59.019131+00:00,a55a03800100,0x80,0x1,1
2026-08-05T02:11:59.019260+00:00,a55a2582100014bc03c2002800070043002a002500000cf600000001000100340001000100010000,0x82,0x10,35
2026-08-05T02:11:59.019296+00:00,a55a3b8211000ce50ceb0cfa0d1e0cfa0ceb0ce50d0f0d200cf40cec0ce70d010ce60cee0cdd000000000000000000000000000000000000000000000000,0x82,0x11,57
2026-08-05T02:11:59.019328+00:00,a55a0582200307e0,0x82,0x20,3
2026-08-05T02:11:59.019354+00:00,a55a0582201307e0,0x82,0x20,3
2026-08-05T02:11:59.019379+00:00,a55a0582202307e0,0x82,0x20,3
2026-08-05T02:11:59.119668+00:00,a55a0582203307e0,0x82,0x20,3
2026-08-05T02:11:59.119792+00:00,a55a0582204307e0,0x82,0x20,3
2026-08-05T02:11:59.119822+00:00,a55a0582205307e0,0x82,0x20,3
2026-08-05T02:11:59.119849+00:00,a55a0582206307e0,0x82,0x20,3
2026-08-05T02:11:59.119874+00:00,a55a0582207307e0,0x82,0x20,3
2026-08-05T02:11:59.119899+00:00,a55a05822083001f,0x82,0x20,3
2026-08-05T02:11:59.119925+00:00,a55a0582209307e0,0x82,0x20,3
2026-08-05T02:11:59.119950+00:00,a55a058220a307e0,0x82,0x20,3
2026-08-05T02:11:59.119976+00:00,a55a058220b307e0,0x82,0x20,3
2026-08-05T02:11:59.120002+00:00,a55a058220c307e0,0x82,0x20,3
2026-08-05T02:11:59.120027+00:00,a55a058220d307e0,0x82,0x20,3
2026-08-05T02:11:59.120053+00:00,a55a058220e307e0,0x82,0x20,3
2026-08-05T02:11:59.220295+00:00,a55a058220f3f800,0x82,0x20,3
2026-08-05T02:11:59.220426+00:00,a55a058221030000,0x82,0x21,3
2026-08-05T02:11:59.220458+00:00,a55a058221130000,0x82,0x21,3
2026-08-05T02:11:59.220484+00:00,a55a058221230000,0x82,0x21,3
2026-08-05T02:11:59.220510+00:00,a55a058221330000,0x82,0x21,3
2026-08-05T02:11:59.220577+00:00,a55a058221430000,0x82,0x21,3
2026-08-05T02:11:59.220607+00:00,a55a058221530000,0x82,0x21,3
2026-08-05T02:11:59.220660+00:00,a55a058221630000,0x82,0x21,3
2026-08-05T02:11:59.220689+00:00,a55a058221730000,0x82,0x21,3
2026-08-05T02:11:59.220714+00:00,a55a058221830000,0x82,0x21,3
2026-08-05T02:11:59.220739+00:00,a55a058221930000,0x82,0x21,3
2026-08-05T02:11:59.220764+00:00,a55a058221a30000,0x82,0x21,3
2026-08-05T02:11:59.321005+00:00,a55a058221b30000,0x82,0x21,3
2026-08-05T02:11:59.321134+00:00,a55a15821300000000000000000000000000000000000000,0x82,0x13,19
2026-08-05T02:11:59.622038+00:00,a55a03800100,0x80,0x1,1
2026-08-05T02:11:59.622184+00:00,a55a2582100014bd03c2002900070043002a002500000cf600000001000100350001000100010000,0x82,0x10,35
2026-08-05T02:11:59.622219+00:00,a55a3b8211000ce60ceb0cf70d1d0cfc0ceb0ce40d0f0d200cf50cec0ce70d040ce50cec0cdf000000000000000000000000000000000000000000000000,0x82,0x11,57
2026-08-05T02:11:59.622250+00:00,a55a0582200307e0,0x82,0x20,3
2026-08-05T02:11:59.622276+00:00,a55a0582201307e0,0x82,0x20,3
2026-08-05T02:11:59.622301+00:00,a55a0582202307e0,0x82,0x20,3
2026-08-05T02:11:59.622326+00:00,a55a0582203307e0,0x82,0x20,3
2026-08-05T02:11:59.622351+00:00,a55a0582204307e0,0x82,0x20,3
2026-08-05T02:11:59.622375+00:00,a55a0582205307e0,0x82,0x20,3
2026-08-05T02:11:59.622400+00:00,a55a0582206307e0,0x82,0x20,3
2026-08-05T02:11:59.722693+00:00,a55a0582207307e0,0x82,0x20,3
2026-08-05T02:11:59.722836+00:00,a55a05822083001f,0x82,0x20,3
2026-08-05T02:11:59.722866+00:00,a55a0582209307e0,0x82,0x20,3
2026-08-05T02:11:59.722892+00:00,a55a058220a307e0,0x82,0x20,3
2026-08-05T02:11:59.722918+00:00,a55a058220b307e0,0x82,0x20,3
2026-08-05T02:11:59.722943+00:00,a55a058220c307e0,0x82,0x20,3
2026-08-05T02:11:59.722967+00:00,a55a058220d307e0,0x82,0x20,3
2026-08-05T02:11:59.722992+00:00,a55a058220e307e0,0x82,0x20,3
2026-08-05T02:11:59.723016+00:00,a55a058220f3f800,0x82,0x20,3
2026-08-05T02:11:59.723040+00:00,a55a058221030000,0x82,0x21,3
2026-08-05T02:11:59.723064+00:00,a55a058221130000,0x82,0x21,3
2026-08-05T02:11:59.723088+00:00,a55a058221230000,0x82,0x21,3
2026-08-05T02:11:59.823379+00:00,a55a058221330000,0x82,0x21,3
2026-08-05T02:11:59.823521+00:00,a55a058221430000,0x82,0x21,3
2026-08-05T02:11:59.823551+00:00,a55a058221530000,0x82,0x21,3
2026-08-05T02:11:59.823578+00:00,a55a058221630000,0x82,0x21,3
2026-08-05T02:11:59.823603+00:00,a55a058221730000,0x82,0x21,3
2026-08-05T02:11:59.823656+00:00,a55a058221830000,0x82,0x21,3
2026-08-05T02:11:59.823684+00:00,a55a058221930000,0x82,0x21,3
2026-08-05T02:11:59.823709+00:00,a55a058221a30000,0x82,0x21,3
2026-08-05T02:11:59.823734+00:00,a55a058221b30000,0x82,0x21,3
2026-08-05T02:11:59.823758+00:00,a55a15821300000000000000000000000000000000000000,0x82,0x13,19
2026-08-05T02:12:00.124582+00:00,a55a03800100,0x80,0x1,1
2026-08-05T02:12:00.124750+00:00,a55a2582100014bc03c2001f00070043002a002500000cf600000001000100330001000100010000,0x82,0x10,35
2026-08-05T02:12:00.225024+00:00,a55a3b8211000ce60ceb0cf90d1a0cfb0cec0ce40d0e0d240cf50cec0ce90d030ce60cee0cdd000000000000000000000000000000000000000000000000,0x82,0x11,57
2026-08-05T02:12:00.225185+00:00,a55a0582200307e0,0x82,0x20,3
2026-08-05T02:12:00.225225+00:00,a55a0582201307e0,0x82,0x20,3
2026-08-05T02:12:00.225251+00:00,a55a0582202307e0,0x82,0x20,3
2026-08-05T02:12:00.225277+00:00,a55a0582203307e0,0x82,0x20,3
2026-08-05T02:12:00.225302+00:00,a55a0582204307e0,0x82,0x20,3
2026-08-05T02:12:00.225327+00:00,a55a0582205307e0,0x82,0x20,3
2026-08-05T02:12:00.225352+00:00,a55a0582206307e0,0x82,0x20,3
2026-08-05T02:12:00.225376+00:00,a55a0582207307e0,0x82,0x20,3
2026-08-05T02:12:00.225401+00:00,a55a05822083001f,0x82,0x20,3
2026-08-05T02:12:00.225426+00:00,a55a0582209307e0,0x82,0x20,3
2026-08-05T02:12:00.225449+00:00,a55a058220a307e0,0x82,0x20,3
2026-08-05T02:12:00.325703+00:00,a55a058220b307e0,0x82,0x20,3
2026-08-05T02:12:00.325842+00:00,a55a058220c307e0,0x82,0x20,3
2026-08-05T02:12:00.325872+00:00,a55a058220d307e0,0x82,0x20,3
2026-08-05T02:12:00.325898+00:00,a55a058220e307e0,0x82,0x20,3
2026-08-05T02:12:00.325971+00:00,a55a058220f3f800,0x82,0x20,3
2026-08-05T02:12:00.325998+00:00,a55a058221030000,0x82,0x21,3
2026-08-05T02:12:00.326023+00:00,a55a058221130000,0x82,0x21,3
2026-08-05T02:12:00.326047+00:00,a55a058221230000,0x82,0x21,3
2026-08-05T02:12:00.326071+00:00,a55a058221330000,0x82,0x21,3
2026-08-05T02:12:00.326096+00:00,a55a058221430000,0x82,0x21,3
2026-08-05T02:12:00.326119+00:00,a55a058221530000,0x82,0x21,3
2026-08-05T02:12:00.326148+00:00,a55a058221630000,0x82,0x21,3
2026-08-05T02:12:00.426460+00:00,a55a058221730000,0x82,0x21,3
2026-08-05T02:12:00.426598+00:00,a55a058221830000,0x82,0x21,3
2026-08-05T02:12:00.426644+00:00,a55a058221930000,0x82,0x21,3
2026-08-05T02:12:00.426671+00:00,a55a058221a30000,0x82,0x21,3
2026-08-05T02:12:00.426695+00:00,a55a058221b30000,0x82,0x21,3
2026-08-05T02:12:00.426719+00:00,a55a15821300000000000000000000000000000000000000,0x82,0x13,19
2026-08-05T02:12:00.727414+00:00,a55a03800100,0x80,0x1,1
2026-08-05T02:12:00.727544+00:00,a55a2582100014bc03c2002000070043002a002500000cf600000001000100340001000100010000,0x82,0x10,35
2026-08-05T02:12:00.727576+00:00,a55a3b8211000ce70ceb0cf90d1d0cfa0cec0ce50d0d0d200cf50ceb0ce90d050ce60cee0cdd000000000000000000000000000000000000000000000000,0x82,0x11,57
2026-08-05T02:12:00.727628+00:00,a55a0582200307e0,0x82,0x20,3
2026-08-05T02:12:00.727669+00:00,a55a0582201307e0,0x82,0x20,3
2026-08-05T02:12:00.727696+00:00,a55a0582202307e0,0x82,0x20,3
2026-08-05T02:12:00.827924+00:00,a55a0582203307e0,0x82,0x20,3
2026-08-05T02:12:00.828047+00:00,a55a0582204307e0,0x82,0x20,3
2026-08-05T02:12:00.828076+00:00,a55a0582205307e0,0x82,0x20,3
2026-08-05T02:12:00.828102+00:00,a55a0582206307e0,0x82,0x20,3
2026-08-05T02:12:00.828127+00:00,a55a0582207307e0,0x82,0x20,3
2026-08-05T02:12:00.828152+00:00,a55a05822083001f,0x82,0x20,3
2026-08-05T02:12:00.828176+00:00,a55a0582209307e0,0x82,0x20,3
2026-08-05T02:12:00.828201+00:00,a55a058220a307e0,0x82,0x20,3
2026-08-05T02:12:00.828225+00:00,a55a058220b307e0,0x82,0x20,3
2026-08-05T02:12:00.828249+00:00,a55a058220c307e0,0x82,0x20,3
2026-08-05T02:12:00.828273+00:00,a55a058220d307e0,0x82,0x20,3
2026-08-05T02:12:00.828297+00:00,a55a058220e307e0,0x82,0x20,3
2026-08-05T02:12:00.928520+00:00,a55a058220f3f800,0x82,0x20,3
2026-08-05T02:12:00.928659+00:00,a55a058221030000,0x82,0x21,3
2026-08-05T02:12:00.928698+00:00,a55a058221130000,0x82,0x21,3
2026-08-05T02:12:00.928726+00:00,a55a058221230000,0x82,0x21,3
2026-08-05T02:12:00.928751+00:00,a55a058221330000,0x82,0x21,3
2026-08-05T02:12:00.928776+00:00,a55a058221430000,0x82,0x21,3
2026-08-05T02:12:00.928800+00:00,a55a058221530000,0x82,0x21,3
2026-08-05T02:12:00.928825+00:00,a55a058221630000,0x82,0x21,3
2026-08-05T02:12:00.928849+00:00,a55a058221730000,0x82,0x21,3
2026-08-05T02:12:00.928874+00:00,a55a058221830000,0x82,0x21,3
2026-08-05T02:12:00.928898+00:00,a55a058221930000,0x82,0x21,3
2026-08-05T02:12:00.928922+00:00,a55a058221a30000,0x82,0x21,3
2026-08-05T02:12:01.029170+00:00,a55a058221b30000,0x82,0x21,3
2026-08-05T02:12:01.029298+00:00,a55a15821300000000000000000000000000000000000000,0x82,0x13,19
2026-08-05T02:12:01.330073+00:00,a55a03800100,0x80,0x1,1
2026-08-05T02:12:01.330204+00:00,a55a2582100014bc03c5002100070047002b002500000cf600000001000100350001000100010000,0x82,0x10,35
2026-08-05T02:12:01.330238+00:00,a55a3b8211000ce60cec0cf70d1a0cfc0cec0ce40d0f0d220cf50cec0ce70d010ce60cee0cdd000000000000000000000000000000000000000000000000,0x82,0x11,57
2026-08-05T02:12:01.330269+00:00,a55a0582200307e0,0x82,0x20,3
2026-08-05T02:12:01.330294+00:00,a55a0582201307e0,0x82,0x20,3
2026-08-05T02:12:01.330319+00:00,a55a0582202307e0,0x82,0x20,3
2026-08-05T02:12:01.330343+00:00,a55a0582203307e0,0x82,0x20,3
2026-08-05T02:12:01.330368+00:00,a55a0582204307e0,0x82,0x20,3
2026-08-05T02:12:01.330392+00:00,a55a0582205307e0,0x82,0x20,3
2026-08-05T02:12:01.430627+00:00,a55a0582206307e0,0x82,0x20,3
2026-08-05T02:12:01.430754+00:00,a55a0582207307e0,0x82,0x20,3
2026-08-05T02:12:01.430786+00:00,a55a05822083001f,0x82,0x20,3
2026-08-05T02:12:01.430852+00:00,a55a0582209307e0,0x82,0x20,3
2026-08-05T02:12:01.430882+00:00,a55a058220a307e0,0x82,0x20,3
2026-08-05T02:12:01.430907+00:00,a55a058220b307e0,0x82,0x20,3
2026-08-05T02:12:01.430931+00:00,a55a058220c307e0,0x82,0x20,3
2026-08-05T02:12:01.430956+00:00,a55a058220d307e0,0x82,0x20,3
2026-08-05T02:12:01.430980+00:00,a55a058220e307e0,0x82,0x20,3
2026-08-05T02:12:01.431004+00:00,a55a058220f3f800,0x82,0x20,3
2026-08-05T02:12:01.431028+00:00,a55a058221030000,0x82,0x21,3
2026-08-05T02:12:01.431052+00:00,a55a058221130000,0x82,0x21,3
2026-08-05T02:12:01.431076+00:00,a55a058221230000,0x82,0x21,3
2026-08-05T02:12:01.531308+00:00,a55a058221330000,0x82,0x21,3
2026-08-05T02:12:01.531436+00:00,a55a058221430000,0x82,0x21,3
2026-08-05T02:12:01.531467+00:00,a55a058221530000,0x82,0x21,3
2026-08-05T02:12:01.531492+00:00,a55a058221630000,0x82,0x21,3
2026-08-05T02:12:01.531517+00:00,a55a058221730000,0x82,0x21,3
2026-08-05T02:12:01.531541+00:00,a55a058221830000,0x82,0x21,3
2026-08-05T02:12:01.531565+00:00,a55a058221930000,0x82,0x21,3
2026-08-05T02:12:01.531589+00:00,a55a058221a30000,0x82,0x21,3
2026-08-05T02:12:01.531627+00:00,a55a058221b30000,0x82,0x21,3
2026-08-05T02:12:01.531660+00:00,a55a15821300000000000000000000000000000000000000,0x82,0x13,19
2026-08-05T02:12:01.832344+00:00,a55a03800100,0x80,0x1,1
2026-08-05T02:12:01.832473+00:00,a55a2582100014bd03c5002200070047002b002500000cf600000001000100330001000100010000,0x82,0x10,35
2026-08-05T02:12:01.932730+00:00,a55a3b8211000ce60ceb0cf90d1e0cfa0cec0ce50d0e0d200cf60cec0ce70d050ce60cec0cdf000000000000000000000000000000000000000000000000,0x82,0x11,57
2026-08-05T02:12:01.932865+00:00,a55a0582200307e0,0x82,0x20,3
2026-08-05T02:12:01.932903+00:00,a55a0582201307e0,0x82,0x20,3
2026-08-05T02:12:01.932933+00:00,a55a0582202307e0,0x82,0x20,3
2026-08-05T02:12:01.932963+00:00,a55a0582203307e0,0x82,0x20,3
2026-08-05T02:12:01.932991+00:00,a55a0582204307e0,0x82,0x20,3
2026-08-05T02:12:01.933018+00:00,a55a0582205307e0,0x82,0x20,3
2026-08-05T02:12:01.933046+00:00,a55a0582206307e0,0x82,0x20,3
2026-08-05T02:12:01.933074+00:00,a55a0582207307e0,0x82,0x20,3
2026-08-05T02:12:01.933102+00:00,a55a05822083001f,0x82,0x20,3
2026-08-05T02:12:01.933130+00:00,a55a0582209307e0,0x82,0x20,3
2026-08-05T02:12:01.933157+00:00,a55a058220a307e0,0x82,0x20,3
2026-08-05T02:12:02.033431+00:00,a55a058220b307e0,0x82,0x20,3
2026-08-05T02:12:02.033550+00:00,a55a058220c307e0,0x82,0x20,3
2026-08-05T02:12:02.033579+00:00,a55a058220d307e0,0x82,0x20,3
2026-08-05T02:12:02.033605+00:00,a55a058220e307e0,0x82,0x20,3
2026-08-05T02:12:02.033648+00:00,a55a058220f3f800,0x82,0x20,3
2026-08-05T02:12:02.033673+00:00,a55a058221030000,0x82,0x21,3
2026-08-05T02:12:02.033698+00:00,a55a058221130000,0x82,0x21,3
2026-08-05T02:12:02.033722+00:00,a55a058221230000,0x82,0x21,3
2026-08-05T02:12:02.033746+00:00,a55a058221330000,0x82,0x21,3
2026-08-05T02:12:02.033770+00:00,a55a058221430000,0x82,0x21,3
2026-08-05T02:12:02.033794+00:00,a55a058221530000,0x82,0x21,3
2026-08-05T02:12:02.033818+00:00,a55a058221630000,0x82,0x21,3
2026-08-05T02:12:02.134131+00:00,a55a058221730000,0x82,0x21,3
2026-08-05T02:12:02.134298+00:00,a55a058221830000,0x82,0x21,3
2026-08-05T02:12:02.134339+00:00,a55a058221930000,0x82,0x21,3
2026-08-05T02:12:02.134367+00:00,a55a058221a30000,0x82,0x21,3
2026-08-05T02:12:02.134393+00:00,a55a058221b30000,0x82,0x21,3
2026-08-05T02:12:02.134419+00:00,a55a15821300000000000000000000000000000000000000,0x82,0x13,19
2026-08-05T02:12:02.435099+00:00,a55a03800100,0x80,0x1,1
2026-08-05T02:12:02.435237+00:00,a55a2582100014bc03c8002300070047002b002500000cf600000001000100340001000100010000,0x82,0x10,35
2026-08-05T02:12:02.435270+00:00,a55a3b8211000ce60cec0cf90d1a0cfb0cec0ce40d0f0d230cf50cec0ce90d030ce60cee0cdd000000000000000000000000000000000000000000000000,0x82,0x11,57
2026-08-05T02:12:02.435301+00:00,a55a0582200307e0,0x82,0x20,3
2026-08-05T02:12:02.435327+00:00,a55a0582201307e0,0x82,0x20,3
2026-08-05T02:12:02.535550+00:00,a55a0582202307e0,0x82,0x20,3
2026-08-05T02:12:02.535695+00:00,a55a0582203307e0,0x82,0x20,3
2026-08-05T02:12:02.535780+00:00,a55a0582204307e0,0x82,0x20,3
2026-08-05T02:12:02.535809+00:00,a55a0582205307e0,0x82,0x20,3
2026-08-05T02:12:02.535834+00:00,a55a0582206307e0,0x82,0x20,3
2026-08-05T02:12:02.535860+00:00,a55a0582207307e0,0x82,0x20,3
2026-08-05T02:12:02.535885+00:00,a55a05822083001f,0x82,0x20,3
2026-08-05T02:12:02.535909+00:00,a55a0582209307e0,0x82,0x20,3
2026-08-05T02:12:02.535934+00:00,a55a058220a307e0,0x82,0x20,3
2026-08-05T02:12:02.535958+00:00,a55a058220b307e0,0x82,0x20,3
2026-08-05T02:12:02.535982+00:00,a55a058220c307e0,0x82,0x20,3
2026-08-05T02:12:02.536006+00:00,a55a058220d307e0,0x82,0x20,3
2026-08-05T02:12:02.536030+00:00,a55a058220e307e0,0x82,0x20,3
2026-08-05T02:12:02.636296+00:00,a55a058220f3f800,0x82,0x20,3
2026-08-05T02:12:02.636442+00:00,a55a058221030000,0x82,0x21,3
2026-08-05T02:12:02.636472+00:00,a55a058221130000,0x82,0x21,3
2026-08-05T02:12:02.636497+00:00,a55a058221230000,0x82,0x21,3
2026-08-05T02:12:02.636522+00:00,a55a058221330000,0x82,0x21,3
2026-08-05T02:12:02.636546+00:00,a55a058221430000,0x82,0x21,3
2026-08-05T02:12:02.636570+00:00,a55a058221530000,0x82,0x21,3
2026-08-05T02:12:02.636595+00:00,a55a058221630000,0x82,0x21,3
2026-08-05T02:12:02.636641+00:00,a55a058221730000,0x82,0x21,3
2026-08-05T02:12:02.636667+00:00,a55a058221830000,0x82,0x21,3
2026-08-05T02:12:02.636691+00:00,a55a058221930000,0x82,0x21,3
2026-08-05T02:12:02.636716+00:00,a55a058221a30000,0x82,0x21,3
2026-08-05T02:12:02.737001+00:00,a55a058221b30000,0x82,0x21,3
2026-08-05T02:12:02.737139+00:00,a55a15821300000000000000000000000000000000000000,0x82,0x13,19
2026-08-05T02:12:03.037893+00:00,a55a03800100,0x80,0x1,1
2026-08-05T02:12:03.038017+00:00,a55a2582100014bc03c2002400070047002b002500000cf600000001000100350001000100010000,0x82,0x10,35
2026-08-05T02:12:03.038050+00:00,a55a3b8211000ce60ceb0cfa0d1d0cfa0cec0ce40d0e0d220cf50cec0ce70d040ce60cec0cdd000000000000000000000000000000000000000000000000,0x82,0x11,57
2026-08-05T02:12:03.038081+00:00,a55a0582200307e0,0x82,0x20,3
2026-08-05T02:12:03.038106+00:00,a55a0582201307e0,0x82,0x20,3
2026-08-05T02:12:03.038131+00:00,a55a0582202307e0,0x82,0x20,3
2026-08-05T02:12:03.038156+00:00,a55a0582203307e0,0x82,0x20,3
2026-08-05T02:12:03.038180+00:00,a55a0582204307e0,0x82,0x20,3
2026-08-05T02:12:03.038204+00:00,a55a0582205307e0,0x82,0x20,3
2026-08-05T02:12:03.038228+00:00,a55a0582206307e0,0x82,0x20,3
2026-08-05T02:12:03.138505+00:00,a55a0582207307e0,0x82,0x20,3
2026-08-05T02:12:03.138645+00:00,a55a05822083001f,0x82,0x20,3
2026-08-05T02:12:03.138682+00:00,a55a0582209307e0,0x82,0x20,3
2026-08-05T02:12:03.138709+00:00,a55a058220a307e0,0x82,0x20,3
2026-08-05T02:12:03.138735+00:00,a55a058220b307e0,0x82,0x20,3
2026-08-05T02:12:03.138760+00:00,a55a058220c307e0,0x82,0x20,3
2026-08-05T02:12:03.138784+00:00,a55a058220d307e0,0x82,0x20,3
2026-08-05T02:12:03.138808+00:00,a55a058220e307e0,0x82,0x20,3
2026-08-05T02:12:03.138832+00:00,a55a058220f3f800,0x82,0x20,3
2026-08-05T02:12:03.138856+00:00,a55a058221030000,0x82,0x21,3
2026-08-05T02:12:03.138880+00:00,a55a058221130000,0x82,0x21,3
2026-08-05T02:12:03.138904+00:00,a55a058221230000,0x82,0x21,3
2026-08-05T02:12:03.239184+00:00,a55a058221330000,0x82,0x21,3
2026-08-05T02:12:03.239325+00:00,a55a058221430000,0x82,0x21,3
2026-08-05T02:12:03.239358+00:00,a55a058221530000,0x82,0x21,3
2026-08-05T02:12:03.239384+00:00,a55a058221630000,0x82,0x21,3
2026-08-05T02:12:03.239409+00:00,a55a058221730000,0x82,0x21,3
2026-08-05T02:12:03.239433+00:00,a55a058221830000,0x82,0x21,3
2026-08-05T02:12:03.239457+00:00,a55a058221930000,0x82,0x21,3
2026-08-05T02:12:03.239481+00:00,a55a058221a30000,0x82,0x21,3
2026-08-05T02:12:03.239505+00:00,a55a058221b30000,0x82,0x21,3
2026-08-05T02:12:03.239529+00:00,a55a15821300000000000000000000000000000000000000,0x82,0x13,19
2026-08-05T02:12:03.540264+00:00,a55a03800100,0x80,0x1,1
2026-08-05T02:12:03.540396+00:00,a55a2582100014bc03c2002500070047002b002500000cf600000001000100330001000100010000,0x82,0x10,35
2026-08-05T02:12:03.640635+00:00,a55a3b8211000ce60cec0cf90d1b0cfc0ceb0ce40d0f0d200cf50cec0ce70d030ce60cef0cdd000000000000000000000000000000000000000000000000,0x82,0x11,57
2026-08-05T02:12:03.640810+00:00,a55a0582200307e0,0x82,0x20,3
2026-08-05T02:12:03.640843+00:00,a55a0582201307e0,0x82,0x20,3
2026-08-05T02:12:03.640869+00:00,a55a0582202307e0,0x82,0x20,3
2026-08-05T02:12:03.640894+00:00,a55a0582203307e0,0x82,0x20,3
2026-08-05T02:12:03.640919+00:00,a55a0582204307e0,0x82,0x20,3
2026-08-05T02:12:03.640943+00:00,a55a0582205307e0,0x82,0x20,3
2026-08-05T02:12:03.640967+00:00,a55a0582206307e0,0x82,0x20,3
2026-08-05T02:12:03.640991+00:00,a55a0582207307e0,0x82,0x20,3
2026-08-05T02:12:03.641015+00:00,a55a05822083001f,0x82,0x20,3
2026-08-05T02:12:03.641038+00:00,a55a0582209307e0,0x82,0x20,3
2026-08-05T02:12:03.641062+00:00,a55a058220a307e0,0x82,0x20,3
2026-08-05T02:12:03.741302+00:00,a55a058220b307e0,0x82,0x20,3
2026-08-05T02:12:03.741429+00:00,a55a058220c307e0,0x82,0x20,3
2026-08-05T02:12:03.741456+00:00,a55a058220d307e0,0x82,0x20,3
2026-08-05T02:12:03.741481+00:00,a55a058220e307e0,0x82,0x20,3
2026-08-05T02:12:03.741506+00:00,a55a058220f3f800,0x82,0x20,3
2026-08-05T02:12:03.741530+00:00,a55a058221030000,0x82,0x21,3
2026-08-05T02:12:03.741554+00:00,a55a058221130000,0x82,0x21,3
2026-08-05T02:12:03.741578+00:00,a55a058221230000,0x82,0x21,3
2026-08-05T02:12:03.741602+00:00,a55a058221330000,0x82,0x21,3
2026-08-05T02:12:03.741645+00:00,a55a058221430000,0x82,0x21,3
2026-08-05T02:12:03.741670+00:00,a55a058221530000,0x82,0x21,3
2026-08-05T02:12:03.741694+00:00,a55a058221630000,0x82,0x21,3
2026-08-05T02:12:03.841978+00:00,a55a058221730000,0x82,0x21,3
2026-08-05T02:12:03.842114+00:00,a55a058221830000,0x82,0x21,3
2026-08-05T02:12:03.842145+00:00,a55a058221930000,0x82,0x21,3
2026-08-05T02:12:03.842171+00:00,a55a058221a30000,0x82,0x21,3
2026-08-05T02:12:03.842196+00:00,a55a058221b30000,0x82,0x21,3
2026-08-05T02:12:03.842221+00:00,a55a15821300000000000000000000000000000000000000,0x82,0x13,19
2026-08-05T02:12:04.142968+00:00,a55a03800100,0x80,0x1,1
2026-08-05T02:12:04.143094+00:00,a55a2582100014bc03c8002600070047002b002500000cf600000001000100340001000100010000,0x82,0x10,35
2026-08-05T02:12:04.143127+00:00,a55a3b8211000ce60ceb0cfa0d1a0cfb0cec0ce40d0e0d200cf60cec0ce70d040ce60cec0cdd000000000000000000000000000000000000000000000000,0x82,0x11,57
2026-08-05T02:12:04.143158+00:00,a55a0582200307e0,0x82,0x20,3
2026-08-05T02:12:04.143184+00:00,a55a0582201307e0,0x82,0x20,3
2026-08-05T02:12:04.243416+00:00,a55a0582202307e0,0x82,0x20,3
2026-08-05T02:12:04.243545+00:00,a55a0582203307e0,0x82,0x20,3
2026-08-05T02:12:04.243574+00:00,a55a0582204307e0,0x82,0x20,3
2026-08-05T02:12:04.243600+00:00,a55a0582205307e0,0x82,0x20,3
2026-08-05T02:12:04.243654+00:00,a55a0582206307e0,0x82,0x20,3
2026-08-05T02:12:04.243685+00:00,a55a0582207307e0,0x82,0x20,3
2026-08-05T02:12:04.243710+00:00,a55a05822083001f,0x82,0x20,3
2026-08-05T02:12:04.243734+00:00,a55a0582209307e0,0x82,0x20,3
2026-08-05T02:12:04.243759+00:00,a55a058220a307e0,0x82,0x20,3
2026-08-05T02:12:04.243783+00:00,a55a058220b307e0,0x82,0x20,3
2026-08-05T02:12:04.243807+00:00,a55a058220c307e0,0x82,0x20,3
2026-08-05T02:12:04.243830+00:00,a55a058220d307e0,0x82,0x20,3
2026-08-05T02:12:04.243854+00:00,a55a058220e307e0,0x82,0x20,3
2026-08-05T02:12:04.344083+00:00,a55a058220f3f800,0x82,0x20,3
2026-08-05T02:12:04.344209+00:00,a55a058221030000,0x82,0x21,3
2026-08-05T02:12:04.344238+00:00,a55a058221130000,0x82,0x21,3
2026-08-05T02:12:04.344262+00:00,a55a058221230000,0x82,0x21,3
2026-08-05T02:12:04.344287+00:00,a55a058221330000,0x82,0x21,3
2026-08-05T02:12:04.344311+00:00,a55a058221430000,0x82,0x21,3
2026-08-05T02:12:04.344335+00:00,a55a058221530000,0x82,0x21,3
2026-08-05T02:12:04.344358+00:00,a55a058221630000,0x82,0x21,3
2026-08-05T02:12:04.344382+00:00,a55a058221730000,0x82,0x21,3
2026-08-05T02:12:04.344406+00:00,a55a058221830000,0x82,0x21,3
2026-08-05T02:12:04.344430+00:00,a55a058221930000,0x82,0x21,3
2026-08-05T02:12:04.344453+00:00,a55a058221a30000,0x82,0x21,3
2026-08-05T02:12:04.444713+00:00,a55a058221b30000,0x82,0x21,3
2026-08-05T02:12:04.444901+00:00,a55a15821300000000000000000000000000000000000000,0x82,0x13,19
2026-08-05T02:12:04.745653+00:00,a55a03800100,0x80,0x1,1
2026-08-05T02:12:04.745793+00:00,a55a2582100014bc03c5002700070047002b002500000cf600000001000100350001000100010000,0x82,0x10,35
2026-08-05T02:12:04.745826+00:00,a55a3b8211000ce60ceb0cf90d1a0cfb0cec0ce40d0d0d230cf50cec0ce90d040ce60cee0cdd000000000000000000000000000000000000000000000000,0x82,0x11,57
2026-08-05T02:12:04.745857+00:00,a55a0582200307e0,0x82,0x20,3
2026-08-05T02:12:04.745882+00:00,a55a0582201307e0,0x82,0x20,3
2026-08-05T02:12:04.745907+00:00,a55a0582202307e0,0x82,0x20,3
2026-08-05T02:12:04.745932+00:00,a55a0582203307e0,0x82,0x20,3
2026-08-05T02:12:04.745956+00:00,a55a0582204307e0,0x82,0x20,3
2026-08-05T02:12:04.745980+00:00,a55a0582205307e0,0x82,0x20,3
2026-08-05T02:12:04.846209+00:00,a55a0582206307e0,0x82,0x20,3
2026-08-05T02:12:04.846339+00:00,a55a0582207307e0,0x82,0x20,3
2026-08-05T02:12:04.846368+00:00,a55a05822083001f,0x82,0x20,3
2026-08-05T02:12:04.846394+00:00,a55a0582209307e0,0x82,0x20,3
2026-08-05T02:12:04.846418+00:00,a55a058220a307e0,0x82,0x20,3
2026-08-05T02:12:04.846443+00:00,a55a058220b307e0,0x82,0x20,3
2026-08-05T02:12:04.846466+00:00,a55a058220c307e0,0x82,0x20,3
2026-08-05T02:12:04.846490+00:00,a55a058220d307e0,0x82,0x20,3
2026-08-05T02:12:04.846514+00:00,a55a058220e307e0,0x82,0x20,3
2026-08-05T02:12:04.846537+00:00,a55a058220f3f800,0x82,0x20,3
2026-08-05T02:12:04.846561+00:00,a55a058221030000,0x82,0x21,3
2026-08-05T02:12:04.846585+00:00,a55a058221130000,0x82,0x21,3
2026-08-05T02:12:04.846619+00:00,a55a058221230000,0x82,0x21,3
2026-08-05T02:12:04.946938+00:00,a55a058221330000,0x82,0x21,3
2026-08-05T02:12:04.947075+00:00,a55a058221430000,0x82,0x21,3
2026-08-05T02:12:04.947104+00:00,a55a058221530000,0x82,0x21,3
2026-08-05T02:12:04.947130+00:00,a55a058221630000,0x82,0x21,3
2026-08-05T02:12:04.947155+00:00,a55a058221730000,0x82,0x21,3
2026-08-05T02:12:04.947180+00:00,a55a058221830000,0x82,0x21,3
2026-08-05T02:12:04.947204+00:00,a55a058221930000,0x82,0x21,3
2026-08-05T02:12:04.947228+00:00,a55a058221a30000,0x82,0x21,3
2026-08-05T02:12:04.947252+00:00,a55a058221b30000,0x82,0x21,3
2026-08-05T02:12:04.947276+00:00,a55a15821300000000000000000000000000000000000000,0x82,0x13,19
2026-08-05T02:12:05.248022+00:00,a55a03800100,0x80,0x1,1
2026-08-05T02:12:05.248153+00:00,a55a2582100014bd03c5002800070047002b002500000cf600000001000100330001000100010000,0x82,0x10,35
2026-08-05T02:12:05.348451+00:00,a55a3b8211000ce60ceb0cfa0d1d0cfa0cec0ce50d0d0d200cf40cec0ce90d030ce70cec0cdd000000000000000000000000000000000000000000000000,0x82,0x11,57
2026-08-05T02:12:05.348595+00:00,a55a0582200307e0,0x82,0x20,3
2026-08-05T02:12:05.348649+00:00,a55a0582201307e0,0x82,0x20,3
2026-08-05T02:12:05.348677+00:00,a55a0582202307e0,0x82,0x20,3
2026-08-05T02:12:05.348702+00:00,a55a0582203307e0,0x82,0x20,3
2026-08-05T02:12:05.348727+00:00,a55a0582204307e0,0x82,0x20,3
2026-08-05T02:12:05.348751+00:00,a55a0582205307e0,0x82,0x20,3
2026-08-05T02:12:05.348775+00:00,a55a0582206307e0,0x82,0x20,3
2026-08-05T02:12:05.348800+00:00,a55a0582207307e0,0x82,0x20,3
2026-08-05T02:12:05.348823+00:00,a55a05822083001f,0x82,0x20,3
2026-08-05T02:12:05.348847+00:00,a55a0582209307e0,0x82,0x20,3
2026-08-05T02:12:05.449110+00:00,a55a058220a307e0,0x82,0x20,3
2026-08-05T02:12:05.449256+00:00,a55a058220b307e0,0x82,0x20,3
2026-08-05T02:12:05.449287+00:00,a55a058220c307e0,0x82,0x20,3
2026-08-05T02:12:05.449312+00:00,a55a058220d307e0,0x82,0x20,3
2026-08-05T02:12:05.449338+00:00,a55a058220e307e0,0x82,0x20,3
2026-08-05T02:12:05.449363+00:00,a55a058220f3f800,0x82,0x20,3
2026-08-05T02:12:05.449388+00:00,a55a058221030000,0x82,0x21,3
2026-08-05T02:12:05.449412+00:00,a55a058221130000,0x82,0x21,3
2026-08-05T02:12:05.449437+00:00,a55a058221230000,0x82,0x21,3
2026-08-05T02:12:05.449462+00:00,a55a058221330000,0x82,0x21,3
2026-08-05T02:12:05.449487+00:00,a55a058221430000,0x82,0x21,3
2026-08-05T02:12:05.449512+00:00,a55a058221530000,0x82,0x21,3
2026-08-05T02:12:05.449537+00:00,a55a058221630000,0x82,0x21,3
2026-08-05T02:12:05.549868+00:00,a55a058221730000,0x82,0x21,3
2026-08-05T02:12:05.549995+00:00,a55a058221830000,0x82,0x21,3
2026-08-05T02:12:05.550023+00:00,a55a058221930000,0x82,0x21,3
2026-08-05T02:12:05.550048+00:00,a55a058221a30000,0x82,0x21,3
2026-08-05T02:12:05.550072+00:00,a55a058221b30000,0x82,0x21,3
2026-08-05T02:12:05.550096+00:00,a55a15821300000000000000000000000000000000000000,0x82,0x13,19
2026-08-05T02:12:05.850753+00:00,a55a03800100,0x80,0x1,1
2026-08-05T02:12:05.850880+00:00,a55a2582100014bd03c2002900070047002b002500000cf600000001000100340001000100010000,0x82,0x10,35
2026-08-05T02:12:05.850914+00:00,a55a3b8211000ce60cec0cf90d1d0cfc0ceb0ce40d0f0d200cf50cec0ce70d040ce50cec0cdf000000000000000000000000000000000000000000000000,0x82,0x11,57
2026-08-05T02:12:05.850944+00:00,a55a0582200307e0,0x82,0x20,3
2026-08-05T02:12:05.850969+00:00,a55a0582201307e0,0x82,0x20,3
2026-08-05T02:12:05.951202+00:00,a55a0582202307e0,0x82,0x20,3
2026-08-05T02:12:05.951337+00:00,a55a0582203307e0,0x82,0x20,3
2026-08-05T02:12:05.951371+00:00,a55a0582204307e0,0x82,0x20,3
2026-08-05T02:12:05.951398+00:00,a55a0582205307e0,0x82,0x20,3
2026-08-05T02:12:05.951423+00:00,a55a0582206307e0,0x82,0x20,3
2026-08-05T02:12:05.951448+00:00,a55a0582207307e0,0x82,0x20,3
2026-08-05T02:12:05.951474+00:00,a55a05822083001f,0x82,0x20,3
2026-08-05T02:12:05.951498+00:00,a55a0582209307e0,0x82,0x20,3
2026-08-05T02:12:05.951523+00:00,a55a058220a307e0,0x82,0x20,3
2026-08-05T02:12:05.951547+00:00,a55a058220b307e0,0x82,0x20,3
2026-08-05T02:12:05.951571+00:00,a55a058220c307e0,0x82,0x20,3
2026-08-05T02:12:05.951595+00:00,a55a058220d307e0,0x82,0x20,3
2026-08-05T02:12:05.951651+00:00,a55a058220e307e0,0x82,0x20,3
2026-08-05T02:12:06.051872+00:00,a55a058220f3f800,0x82,0x20,3
2026-08-05T02:12:06.052003+00:00,a55a058221030000,0x82,0x21,3
2026-08-05T02:12:06.052038+00:00,a55a058221130000,0x82,0x21,3
2026-08-05T02:12:06.052064+00:00,a55a058221230000,0x82,0x21,3
2026-08-05T02:12:06.052090+00:00,a55a058221330000,0x82,0x21,3
2026-08-05T02:12:06.052116+00:00,a55a058221430000,0x82,0x21,3
2026-08-05T02:12:06.052141+00:00,a55a058221530000,0x82,0x21,3
2026-08-05T02:12:06.052166+00:00,a55a058221630000,0x82,0x21,3
2026-08-05T02:12:06.052191+00:00,a55a058221730000,0x82,0x21,3
2026-08-05T02:12:06.052216+00:00,a55a058221830000,0x82,0x21,3
2026-08-05T02:12:06.052240+00:00,a55a058221930000,0x82,0x21,3
2026-08-05T02:12:06.052265+00:00,a55a058221a30000,0x82,0x21,3
2026-08-05T02:12:06.152540+00:00,a55a058221b30000,0x82,0x21,3
2026-08-05T02:12:06.152678+00:00,a55a15821300000000000000000000000000000000000000,0x82,0x13,19
2026-08-05T02:12:06.453313+00:00,a55a03800100,0x80,0x1,1
2026-08-05T02:12:06.453443+00:00,a55a2582100014bc03c5001f00070047002b002500000cf600000001000100350001000100010000,0x82,0x10,35
2026-08-05T02:12:06.453476+00:00,a55a3b8211000ce50ceb0cfa0d1b0cfc0cec0ce40d0e0d230cf40ceb0ce90d030ce60cee0cdd000000000000000000000000000000000000000000000000,0x82,0x11,57
2026-08-05T02:12:06.453508+00:00,a55a0582200307e0,0x82,0x20,3
2026-08-05T02:12:06.453534+00:00,a55a0582201307e0,0x82,0x20,3
2026-08-05T02:12:06.453558+00:00,a55a0582202307e0,0x82,0x20,3
2026-08-05T02:12:06.453583+00:00,a55a0582203307e0,0x82,0x20,3
2026-08-05T02:12:06.453607+00:00,a55a0582204307e0,0x82,0x20,3
2026-08-05T02:12:06.453650+00:00,a55a0582205307e0,0x82,0x20,3
2026-08-05T02:12:06.553869+00:00,a55a0582206307e0,0x82,0x20,3
2026-08-05T02:12:06.553990+00:00,a55a0582207307e0,0x82,0x20,3
2026-08-05T02:12:06.554019+00:00,a55a05822083001f,0x82,0x20,3
2026-08-05T02:12:06.554044+00:00,a55a0582209307e0,0x82,0x20,3
2026-08-05T02:12:06.554069+00:00,a55a058220a307e0,0x82,0x20,3
2026-08-05T02:12:06.554094+00:00,a55a058220b307e0,0x82,0x20,3
2026-08-05T02:12:06.554118+00:00,a55a058220c307e0,0x82,0x20,3
2026-08-05T02:12:06.554142+00:00,a55a058220d307e0,0x82,0x20,3
2026-08-05T02:12:06.554166+00:00,a55a058220e307e0,0x82,0x20,3
2026-08-05T02:12:06.554190+00:00,a55a058220f3f800,0x82,0x20,3
2026-08-05T02:12:06.554215+00:00,a55a058221030000,0x82,0x21,3
2026-08-05T02:12:06.554238+00:00,a55a058221130000,0x82,0x21,3
2026-08-05T02:12:06.554309+00:00,a55a058221230000,0x82,0x21,3
2026-08-05T02:12:06.654545+00:00,a55a058221330000,0x82,0x21,3
2026-08-05T02:12:06.654687+00:00,a55a058221430000,0x82,0x21,3
2026-08-05T02:12:06.654718+00:00,a55a058221530000,0x82,0x21,3
2026-08-05T02:12:06.654743+00:00,a55a058221630000,0x82,0x21,3
2026-08-05T02:12:06.654767+00:00,a55a058221730000,0x82,0x21,3
2026-08-05T02:12:06.654791+00:00,a55a058221830000,0x82,0x21,3
2026-08-05T02:12:06.654816+00:00,a55a058221930000,0x82,0x21,3
2026-08-05T02:12:06.654839+00:00,a55a058221a30000,0x82,0x21,3
2026-08-05T02:12:06.654863+00:00,a55a058221b30000,0x82,0x21,3
2026-08-05T02:12:06.654887+00:00,a55a15821300000000000000000000000000000000000000,0x82,0x13,19
2026-08-05T02:12:06.955651+00:00,a55a03800100,0x80,0x1,1
2026-08-05T02:12:06.955786+00:00,a55a2582100014bc03c5002000070047002b002500000cf600000001000100330001000100010000,0x82,0x10,35
2026-08-05T02:12:07.056060+00:00,a55a3b8211000ce60ceb0cf70d1e0cfa0cec0ce50d0e0d1f0cf60cec0ce90d050ce60cec0cdf000000000000000000000000000000000000000000000000,0x82,0x11,57
2026-08-05T02:12:07.056225+00:00,a55a0582200307e0,0x82,0x20,3
2026-08-05T02:12:07.056270+00:00,a55a0582201307e0,0x82,0x20,3
2026-08-05T02:12:07.056299+00:00,a55a0582202307e0,0x82,0x20,3
2026-08-05T02:12:07.056326+00:00,a55a0582203307e0,0x82,0x20,3
2026-08-05T02:12:07.056353+00:00,a55a0582204307e0,0x82,0x20,3
2026-08-05T02:12:07.056379+00:00,a55a0582205307e0,0x82,0x20,3
2026-08-05T02:12:07.056406+00:00,a55a0582206307e0,0x82,0x20,3
2026-08-05T02:12:07.056432+00:00,a55a0582207307e0,0x82,0x20,3
2026-08-05T02:12:07.056458+00:00,a55a05822083001f,0x82,0x20,3
2026-08-05T02:12:07.056484+00:00,a55a0582209307e0,0x82,0x20,3
2026-08-05T02:12:07.156755+00:00,a55a058220a307e0,0x82,0x20,3
2026-08-05T02:12:07.156886+00:00,a55a058220b307e0,0x82,0x20,3
2026-08-05T02:12:07.156917+00:00,a55a058220c307e0,0x82,0x20,3
2026-08-05T02:12:07.156944+00:00,a55a058220d307e0,0x82,0x20,3
2026-08-05T02:12:07.156971+00:00,a55a058220e307e0,0x82,0x20,3
2026-08-05T02:12:07.156997+00:00,a55a058220f3f800,0x82,0x20,3
2026-08-05T02:12:07.157022+00:00,a55a058221030000,0x82,0x21,3
2026-08-05T02:12:07.157048+00:00,a55a058221130000,0x82,0x21,3
2026-08-05T02:12:07.157074+00:00,a55a058221230000,0x82,0x21,3
2026-08-05T02:12:07.157099+00:00,a55a058221330000,0x82,0x21,3
2026-08-05T02:12:07.157125+00:00,a55a058221430000,0x82,0x21,3
2026-08-05T02:12:07.157150+00:00,a55a058221530000,0x82,0x21,3
2026-08-05T02:12:07.157175+00:00,a55a058221630000,0x82,0x21,3
2026-08-05T02:12:07.257430+00:00,a55a058221730000,0x82,0x21,3
2026-08-05T02:12:07.257570+00:00,a55a058221830000,0x82,0x21,3
2026-08-05T02:12:07.257599+00:00,a55a058221930000,0x82,0x21,3
2026-08-05T02:12:07.257645+00:00,a55a058221a30000,0x82,0x21,3
2026-08-05T02:12:07.257672+00:00,a55a058221b30000,0x82,0x21,3
2026-08-05T02:12:07.257697+00:00,a55a15821300000000000000000000000000000000000000,0x82,0x13,19
2026-08-05T02:12:07.558652+00:00,a55a03800100,0x80,0x1,1
2026-08-05T02:12:07.558781+00:00,a55a2582100014bc03be002100070047002b002500000cf600000001000100340001000100010000,0x82,0x10,35
2026-08-05T02:12:07.558815+00:00,a55a3b8211000ce60cec0cf70d1a0cfc0ceb0ce40d100d220cf50cee0ce90d030ce60cee0cdd000000000000000000000000000000000000000000000000,0x82,0x11,57
2026-08-05T02:12:07.558846+00:00,a55a0582200307e0,0x82,0x20,3
2026-08-05T02:12:07.558873+00:00,a55a0582201307e0,0x82,0x20,3
2026-08-05T02:12:07.659125+00:00,a55a0582202307e0,0x82,0x20,3
2026-08-05T02:12:07.659262+00:00,a55a0582203307e0,0x82,0x20,3
2026-08-05T02:12:07.659292+00:00,a55a0582204307e0,0x82,0x20,3
2026-08-05T02:12:07.659318+00:00,a55a0582205307e0,0x82,0x20,3
2026-08-05T02:12:07.659343+00:00,a55a0582206307e0,0x82,0x20,3
2026-08-05T02:12:07.659367+00:00,a55a0582207307e0,0x82,0x20,3
2026-08-05T02:12:07.659391+00:00,a55a05822083001f,0x82,0x20,3
2026-08-05T02:12:07.659415+00:00,a55a0582209307e0,0x82,0x20,3
2026-08-05T02:12:07.659439+00:00,a55a058220a307e0,0x82,0x20,3
2026-08-05T02:12:07.659463+00:00,a55a058220b307e0,0x82,0x20,3
2026-08-05T02:12:07.659536+00:00,a55a058220c307e0,0x82,0x20,3
2026-08-05T02:12:07.659564+00:00,a55a058220d307e0,0x82,0x20,3
2026-08-05T02:12:07.759779+00:00,a55a058220e307e0,0x82,0x20,3
2026-08-05T02:12:07.759915+00:00,a55a058220f3f800,0x82,0x20,3
2026-08-05T02:12:07.759944+00:00,a55a058221030000,0x82,0x21,3
2026-08-05T02:12:07.759969+00:00,a55a058221130000,0x82,0x21,3
2026-08-05T02:12:07.759994+00:00,a55a058221230000,0x82,0x21,3
2026-08-05T02:12:07.760019+00:00,a55a058221330000,0x82,0x21,3
2026-08-05T02:12:07.760043+00:00,a55a058221430000,0x82,0x21,3
2026-08-05T02:12:07.760067+00:00,a55a058221530000,0x82,0x21,3
2026-08-05T02:12:07.760090+00:00,a55a058221630000,0x82,0x21,3
2026-08-05T02:12:07.760114+00:00,a55a058221730000,0x82,0x21,3
2026-08-05T02:12:07.760138+00:00,a55a058221830000,0x82,0x21,3
2026-08-05T02:12:07.760161+00:00,a55a058221930000,0x82,0x21,3
2026-08-05T02:12:07.760185+00:00,a55a058221a30000,0x82,0x21,3
2026-08-05T02:12:07.860464+00:00,a55a058221b30000,0x82,0x21,3
2026-08-05T02:12:07.860601+00:00,a55a15821300000000000000000000000000000000000000,0x82,0x13,19
2026-08-05T02:12:08.161363+00:00,a55a03800100,0x80,0x1,1
2026-08-05T02:12:08.161494+00:00,a55a2582100014bd03c5002200070047002b002500000cf600000001000100350001000100010000,0x82,0x10,35
2026-08-05T02:12:08.161528+00:00,a55a3b8211000ce60ceb0cf90d1e0cfc0ceb0ce40d0e0d200cf60cec0ce70d050ce60cec0cdd000000000000000000000000000000000000000000000000,0x82,0x11,57
2026-08-05T02:12:08.161560+00:00,a55a0582200307e0,0x82,0x20,3
2026-08-05T02:12:08.161586+00:00,a55a0582201307e0,0x82,0x20,3
2026-08-05T02:12:08.161629+00:00,a55a0582202307e0,0x82,0x20,3
2026-08-05T02:12:08.161664+00:00,a55a0582203307e0,0x82,0x20,3
2026-08-05T02:12:08.161690+00:00,a55a0582204307e0,0x82,0x20,3
2026-08-05T02:12:08.161714+00:00,a55a0582205307e0,0x82,0x20,3
2026-08-05T02:12:08.261938+00:00,a55a0582206307e0,0x82,0x20,3
2026-08-05T02:12:08.262067+00:00,a55a0582207307e0,0x82,0x20,3
2026-08-05T02:12:08.262096+00:00,a55a05822083001f,0x82,0x20,3
2026-08-05T02:12:08.262121+00:00,a55a0582209307e0,0x82,0x20,3
2026-08-05T02:12:08.262146+00:00,a55a058220a307e0,0x82,0x20,3
2026-08-05T02:12:08.262171+00:00,a55a058220b307e0,0x82,0x20,3
2026-08-05T02:12:08.262195+00:00,a55a058220c307e0,0x82,0x20,3
2026-08-05T02:12:08.262219+00:00,a55a058220d307e0,0x82,0x20,3
2026-08-05T02:12:08.262243+00:00,a55a058220e307e0,0x82,0x20,3
2026-08-05T02:12:08.262266+00:00,a55a058220f3f800,0x82,0x20,3
2026-08-05T02:12:08.262291+00:00,a55a058221030000,0x82,0x21,3
2026-08-05T02:12:08.262314+00:00,a55a058221130000,0x82,0x21,3
2026-08-05T02:12:08.262339+00:00,a55a058221230000,0x82,0x21,3
2026-08-05T02:12:08.362592+00:00,a55a058221330000,0x82,0x21,3
2026-08-05T02:12:08.362738+00:00,a55a058221430000,0x82,0x21,3
2026-08-05T02:12:08.362767+00:00,a55a058221530000,0x82,0x21,3
2026-08-05T02:12:08.362792+00:00,a55a058221630000,0x82,0x21,3
2026-08-05T02:12:08.362817+00:00,a55a058221730000,0x82,0x21,3
2026-08-05T02:12:08.362841+00:00,a55a058221830000,0x82,0x21,3
2026-08-05T02:12:08.362865+00:00,a55a058221930000,0x82,0x21,3
2026-08-05T02:12:08.362888+00:00,a55a058221a30000,0x82,0x21,3
2026-08-05T02:12:08.362912+00:00,a55a058221b30000,0x82,0x21,3
2026-08-05T02:12:08.362936+00:00,a55a15821300000000000000000000000000000000000000,0x82,0x13,19
2026-08-05T02:12:08.663639+00:00,a55a03800100,0x80,0x1,1
2026-08-05T02:12:08.663776+00:00,a55a2582100014b403c5002300070047002b002500000cf100000001000100330001000100010000,0x82,0x10,35
2026-08-05T02:12:08.764025+00:00,a55a3b8211000ce00ce40cef0d0a0cf30ce50cdd0d030d120cea0ce40ce10cf60cdf0ce50cda000000000000000000000000000000000000000000000000,0x82,0x11,57
2026-08-05T02:12:08.764159+00:00,a55a0582200307e0,0x82,0x20,3
2026-08-05T02:12:08.764189+00:00,a55a0582201307e0,0x82,0x20,3
2026-08-05T02:12:08.764215+00:00,a55a0582202307e0,0x82,0x20,3
2026-08-05T02:12:08.764240+00:00,a55a0582203307e0,0x82,0x20,3
2026-08-05T02:12:08.764264+00:00,a55a0582204307e0,0x82,0x20,3
2026-08-05T02:12:08.764289+00:00,a55a0582205307e0,0x82,0x20,3
2026-08-05T02:12:08.764313+00:00,a55a0582206307e0,0x82,0x20,3
2026-08-05T02:12:08.764385+00:00,a55a0582207307e0,0x82,0x20,3
2026-08-05T02:12:08.764412+00:00,a55a05822083001f,0x82,0x20,3
2026-08-05T02:12:08.764436+00:00,a55a0582209307e0,0x82,0x20,3
2026-08-05T02:12:08.864665+00:00,a55a058220a307e0,0x82,0x20,3
2026-08-05T02:12:08.864793+00:00,a55a058220b307e0,0x82,0x20,3
2026-08-05T02:12:08.864821+00:00,a55a058220c307e0,0x82,0x20,3
2026-08-05T02:12:08.864846+00:00,a55a058220d307e0,0x82,0x20,3
2026-08-05T02:12:08.864871+00:00,a55a058220e307e0,0x82,0x20,3
2026-08-05T02:12:08.864894+00:00,a55a058220f3f800,0x82,0x20,3
2026-08-05T02:12:08.864918+00:00,a55a058221030000,0x82,0x21,3
2026-08-05T02:12:08.864942+00:00,a55a058221130000,0x82,0x21,3
2026-08-05T02:12:08.864966+00:00,a55a058221230000,0x82,0x21,3
2026-08-05T02:12:08.864990+00:00,a55a058221330000,0x82,0x21,3
2026-08-05T02:12:08.865014+00:00,a55a058221430000,0x82,0x21,3
2026-08-05T02:12:08.865037+00:00,a55a058221530000,0x82,0x21,3
2026-08-05T02:12:08.865061+00:00,a55a058221630000,0x82,0x21,3
2026-08-05T02:12:08.965330+00:00,a55a058221730000,0x82,0x21,3
2026-08-05T02:12:08.965461+00:00,a55a058221830000,0x82,0x21,3
2026-08-05T02:12:08.965489+00:00,a55a058221930000,0x82,0x21,3
2026-08-05T02:12:08.965514+00:00,a55a058221a30000,0x82,0x21,3
2026-08-05T02:12:08.965538+00:00,a55a058221b30000,0x82,0x21,3
2026-08-05T02:12:08.965562+00:00,a55a15821300000000000000000000000000000000000000,0x82,0x13,19
2026-08-05T02:12:09.266282+00:00,a55a03800100,0x80,0x1,1
2026-08-05T02:12:09.266416+00:00,a55a2582100014ae03c5002400070047002b002500000ced00000001000100340001000100010000,0x82,0x10,35
2026-08-05T02:12:09.266449+00:00,a55a3b8211000ce20ce50cf10d100cf30ce60ce00d040d140cef0ce60ce20cfc0ce10ce70cda000000000000000000000000000000000000000000000000,0x82,0x11,57
2026-08-05T02:12:09.266480+00:00,a55a0582200307e0,0x82,0x20,3
2026-08-05T02:12:09.266506+00:00,a55a0582201307e0,0x82,0x20,3
2026-08-05T02:12:09.366761+00:00,a55a0582202307e0,0x82,0x20,3
2026-08-05T02:12:09.366892+00:00,a55a0582203307e0,0x82,0x20,3
2026-08-05T02:12:09.366921+00:00,a55a0582204307e0,0x82,0x20,3
2026-08-05T02:12:09.366947+00:00,a55a0582205307e0,0x82,0x20,3
2026-08-05T02:12:09.366973+00:00,a55a0582206307e0,0x82,0x20,3
2026-08-05T02:12:09.366998+00:00,a55a0582207307e0,0x82,0x20,3
2026-08-05T02:12:09.367023+00:00,a55a05822083001f,0x82,0x20,3
2026-08-05T02:12:09.367047+00:00,a55a0582209307e0,0x82,0x20,3
2026-08-05T02:12:09.367072+00:00,a55a058220a307e0,0x82,0x20,3
2026-08-05T02:12:09.367096+00:00,a55a058220b307e0,0x82,0x20,3
2026-08-05T02:12:09.367120+00:00,a55a058220c307e0,0x82,0x20,3
2026-08-05T02:12:09.367143+00:00,a55a058220d307e0,0x82,0x20,3
2026-08-05T02:12:09.467372+00:00,a55a058220e307e0,0x82,0x20,3
2026-08-05T02:12:09.467500+00:00,a55a058220f3f800,0x82,0x20,3
2026-08-05T02:12:09.467529+00:00,a55a058221030000,0x82,0x21,3
2026-08-05T02:12:09.467554+00:00,a55a058221130000,0x82,0x21,3
2026-08-05T02:12:09.467578+00:00,a55a058221230000,0x82,0x21,3
2026-08-05T02:12:09.467602+00:00,a55a058221330000,0x82,0x21,3
2026-08-05T02:12:09.467645+00:00,a55a058221430000,0x82,0x21,3
2026-08-05T02:12:09.467670+00:00,a55a058221530000,0x82,0x21,3
2026-08-05T02:12:09.467694+00:00,a55a058221630000,0x82,0x21,3
2026-08-05T02:12:09.467718+00:00,a55a058221730000,0x82,0x21,3
2026-08-05T02:12:09.467741+00:00,a55a058221830000,0x82,0x21,3
2026-08-05T02:12:09.467765+00:00,a55a058221930000,0x82,0x21,3
2026-08-05T02:12:09.467789+00:00,a55a058221a30000,0x82,0x21,3
2026-08-05T02:12:09.568066+00:00,a55a058221b30000,0x82,0x21,3
2026-08-05T02:12:09.568201+00:00,a55a15821300000000000000000000000000000000000000,0x82,0x13,19
2026-08-05T02:12:09.868953+00:00,a55a03800100,0x80,0x1,1
2026-08-05T02:12:09.869090+00:00,a55a2582100014b40343002500070047002b002500000cf100000001000100350001000100010000,0x82,0x10,35
2026-08-05T02:12:09.869125+00:00,a55a3b8211000ce20ce70cf30d130cf60ce70ce00d080d180cf00cea0ce50cfe0ce20cea0cdb000000000000000000000000000000000000000000000000,0x82,0x11,57
2026-08-05T02:12:09.869158+00:00,a55a0582200307e0,0x82,0x20,3
2026-08-05T02:12:09.869221+00:00,a55a0582201307e0,0x82,0x20,3
2026-08-05T02:12:09.869252+00:00,a55a0582202307e0,0x82,0x20,3
2026-08-05T02:12:09.869292+00:00,a55a0582203307e0,0x82,0x20,3
2026-08-05T02:12:09.869318+00:00,a55a0582204307e0,0x82,0x20,3
2026-08-05T02:12:09.869342+00:00,a55a0582205307e0,0x82,0x20,3
2026-08-05T02:12:09.969588+00:00,a55a0582206307e0,0x82,0x20,3
2026-08-05T02:12:09.969737+00:00,a55a0582207307e0,0x82,0x20,3
2026-08-05T02:12:09.969766+00:00,a55a05822083001f,0x82,0x20,3
2026-08-05T02:12:09.969790+00:00,a55a0582209307e0,0x82,0x20,3
2026-08-05T02:12:09.969815+00:00,a55a058220a307e0,0x82,0x20,3
2026-08-05T02:12:09.969839+00:00,a55a058220b307e0,0x82,0x20,3
2026-08-05T02:12:09.969909+00:00,a55a058220c307e0,0x82,0x20,3
2026-08-05T02:12:09.969934+00:00,a55a058220d307e0,0x82,0x20,3
2026-08-05T02:12:09.969958+00:00,a55a058220e307e0,0x82,0x20,3
2026-08-05T02:12:09.969982+00:00,a55a058220f3f800,0x82,0x20,3
2026-08-05T02:12:09.970005+00:00,a55a058221030000,0x82,0x21,3
2026-08-05T02:12:09.970029+00:00,a55a058221130000,0x82,0x21,3
2026-08-05T02:12:10.070303+00:00,a55a058221230000,0x82,0x21,3
2026-08-05T02:12:10.070427+00:00,a55a058221330000,0x82,0x21,3
2026-08-05T02:12:10.070456+00:00,a55a058221430000,0x82,0x21,3
2026-08-05T02:12:10.070482+00:00,a55a058221530000,0x82,0x21,3
2026-08-05T02:12:10.070507+00:00,a55a058221630000,0x82,0x21,3
2026-08-05T02:12:10.070532+00:00,a55a058221730000,0x82,0x21,3
2026-08-05T02:12:10.070556+00:00,a55a058221830000,0x82,0x21,3
2026-08-05T02:12:10.070581+00:00,a55a058221930000,0x82,0x21,3
2026-08-05T02:12:10.070607+00:00,a55a058221a30000,0x82,0x21,3
2026-08-05T02:12:10.070665+00:00,a55a058221b30000,0x82,0x21,3
2026-08-05T02:12:10.070692+00:00,a55a15821300000000000000000000000000000000000000,0x82,0x13,19
2026-08-05T02:12:10.371496+00:00,a55a03800100,0x80,0x1,1
2026-08-05T02:12:10.471837+00:00,a55a2582100014b80343002600070047002b002500000cf300000001000100330001000100010000,0x82,0x10,35
2026-08-05T02:12:10.471968+00:00,a55a3b8211000ce50ce90cf60d140cf60cea0ce40d0e0d1e0cf40ceb0ce60d010ce50ceb0cdd000000000000000000000000000000000000000000000000,0x82,0x11,57
2026-08-05T02:12:10.472004+00:00,a55a0582200307e0,0x82,0x20,3
2026-08-05T02:12:10.472030+00:00,a55a0582201307e0,0x82,0x20,3
2026-08-05T02:12:10.472055+00:00,a55a0582202307e0,0x82,0x20,3
2026-08-05T02:12:10.472079+00:00,a55a0582203307e0,0x82,0x20,3
2026-08-05T02:12:10.472104+00:00,a55a0582204307e0,0x82,0x20,3
2026-08-05T02:12:10.472128+00:00,a55a0582205307e0,0x82,0x20,3
2026-08-05T02:12:10.472151+00:00,a55a0582206307e0,0x82,0x20,3
2026-08-05T02:12:10.472175+00:00,a55a0582207307e0,0x82,0x20,3
2026-08-05T02:12:10.472199+00:00,a55a05822083001f,0x82,0x20,3
2026-08-05T02:12:10.472223+00:00,a55a0582209307e0,0x82,0x20,3
2026-08-05T02:12:10.572436+00:00,a55a058220a307e0,0x82,0x20,3
2026-08-05T02:12:10.572566+00:00,a55a058220b307e0,0x82,0x20,3
2026-08-05T02:12:10.572596+00:00,a55a058220c307e0,0x82,0x20,3
2026-08-05T02:12:10.572641+00:00,a55a058220d307e0,0x82,0x20,3
2026-08-05T02:12:10.572668+00:00,a55a058220e307e0,0x82,0x20,3
2026-08-05T02:12:10.572693+00:00,a55a058220f3f800,0x82,0x20,3
2026-08-05T02:12:10.572716+00:00,a55a058221030000,0x82,0x21,3
2026-08-05T02:12:10.572740+00:00,a55a058221130000,0x82,0x21,3
2026-08-05T02:12:10.572764+00:00,a55a058221230000,0x82,0x21,3
2026-08-05T02:12:10.572788+00:00,a55a058221330000,0x82,0x21,3
2026-08-05T02:12:10.572812+00:00,a55a058221430000,0x82,0x21,3
2026-08-05T02:12:10.572836+00:00,a55a058221530000,0x82,0x21,3
2026-08-05T02:12:10.673079+00:00,a55a058221630000,0x82,0x21,3
2026-08-05T02:12:10.673214+00:00,a55a058221730000,0x82,0x21,3
2026-08-05T02:12:10.673246+00:00,a55a058221830000,0x82,0x21,3
2026-08-05T02:12:10.673272+00:00,a55a058221930000,0x82,0x21,3
2026-08-05T02:12:10.673297+00:00,a55a058221a30000,0x82,0x21,3
2026-08-05T02:12:10.673322+00:00,a55a058221b30000,0x82,0x21,3
2026-08-05T02:12:10.673346+00:00,a55a15821300000000000000000000000000000000000000,0x82,0x13,19
2026-08-05T02:12:10.974095+00:00,a55a03800100,0x80,0x1,1
2026-08-05T02:12:10.974224+00:00,a55a2582100014bb0381002700070047002b002500000cf500000001000100340001000100010000,0x82,0x10,35
2026-08-05T02:12:10.974307+00:00,a55a3b8211000ce60cec0cf90d1b0cfb0cec0ce50d0e0d240cf50ceb0ce90d040ce50cee0cdd000000000000000000000000000000000000000000000000,0x82,0x11,57
2026-08-05T02:12:10.974341+00:00,a55a0582200307e0,0x82,0x20,3
2026-08-05T02:12:10.974367+00:00,a55a0582201307e0,0x82,0x20,3
2026-08-05T02:12:11.074656+00:00,a55a0582202307e0,0x82,0x20,3
2026-08-05T02:12:11.074783+00:00,a55a0582203307e0,0x82,0x20,3
2026-08-05T02:12:11.074817+00:00,a55a0582204307e0,0x82,0x20,3
2026-08-05T02:12:11.074843+00:00,a55a0582205307e0,0x82,0x20,3
2026-08-05T02:12:11.074869+00:00,a55a0582206307e0,0x82,0x20,3
2026-08-05T02:12:11.074895+00:00,a55a0582207307e0,0x82,0x20,3
2026-08-05T02:12:11.074919+00:00,a55a05822083001f,0x82,0x20,3
2026-08-05T02:12:11.074944+00:00,a55a0582209307e0,0x82,0x20,3
2026-08-05T02:12:11.074968+00:00,a55a058220a307e0,0x82,0x20,3
2026-08-05T02:12:11.075006+00:00,a55a058220b307e0,0x82,0x20,3
2026-08-05T02:12:11.075032+00:00,a55a058220c307e0,0x82,0x20,3
2026-08-05T02:12:11.075056+00:00,a55a058220d307e0,0x82,0x20,3
2026-08-05T02:12:11.175284+00:00,a55a058220e307e0,0x82,0x20,3
2026-08-05T02:12:11.175410+00:00,a55a058220f3f800,0x82,0x20,3
2026-08-05T02:12:11.175440+00:00,a55a058221030000,0x82,0x21,3
2026-08-05T02:12:11.175466+00:00,a55a058221130000,0x82,0x21,3
2026-08-05T02:12:11.175491+00:00,a55a058221230000,0x82,0x21,3
2026-08-05T02:12:11.175516+00:00,a55a058221330000,0x82,0x21,3
2026-08-05T02:12:11.175540+00:00,a55a058221430000,0x82,0x21,3
2026-08-05T02:12:11.175564+00:00,a55a058221530000,0x82,0x21,3
2026-08-05T02:12:11.175588+00:00,a55a058221630000,0x82,0x21,3
2026-08-05T02:12:11.175624+00:00,a55a058221730000,0x82,0x21,3
2026-08-05T02:12:11.175656+00:00,a55a058221830000,0x82,0x21,3
2026-08-05T02:12:11.175681+00:00,a55a058221930000,0x82,0x21,3
2026-08-05T02:12:11.275922+00:00,a55a058221a30000,0x82,0x21,3
2026-08-05T02:12:11.276051+00:00,a55a058221b30000,0x82,0x21,3
2026-08-05T02:12:11.276082+00:00,a55a15821300000000000000000000000000000000000000,0x82,0x13,19
2026-08-05T02:12:11.576751+00:00,a55a03800100,0x80,0x1,1
2026-08-05T02:12:11.576877+00:00,a55a2582100014bd0381002800070042002b002500000cf600000001000100350001000100010000,0x82,0x10,35
2026-08-05T02:12:11.576909+00:00,a55a3b8211000ce60ceb0cfa0d1f0cfb0cec0ce50d0e0d1f0cf40cec0ce90d040ce70cec0cdd000000000000000000000000000000000000000000000000,0x82,0x11,57
2026-08-05T02:12:11.576941+00:00,a55a0582200307e0,0x82,0x20,3
2026-08-05T02:12:11.576967+00:00,a55a0582201307e0,0x82,0x20,3
2026-08-05T02:12:11.576991+00:00,a55a0582202307e0,0x82,0x20,3
2026-08-05T02:12:11.577015+00:00,a55a0582203307e0,0x82,0x20,3
2026-08-05T02:12:11.577039+00:00,a55a0582204307e0,0x82,0x20,3
2026-08-05T02:12:11.577063+00:00,a55a0582205307e0,0x82,0x20,3
2026-08-05T02:12:11.677355+00:00,a55a0582206307e0,0x82,0x20,3
2026-08-05T02:12:11.677497+00:00,a55a0582207307e0,0x82,0x20,3
2026-08-05T02:12:11.677528+00:00,a55a05822083001f,0x82,0x20,3
2026-08-05T02:12:11.677553+00:00,a55a0582209307e0,0x82,0x20,3
2026-08-05T02:12:11.677578+00:00,a55a058220a307e0,0x82,0x20,3
2026-08-05T02:12:11.677602+00:00,a55a058220b307e0,0x82,0x20,3
2026-08-05T02:12:11.677647+00:00,a55a058220c307e0,0x82,0x20,3
2026-08-05T02:12:11.677673+00:00,a55a058220d307e0,0x82,0x20,3
2026-08-05T02:12:11.677697+00:00,a55a058220e307e0,0x82,0x20,3
2026-08-05T02:12:11.677721+00:00,a55a058220f3f800,0x82,0x20,3
2026-08-05T02:12:11.677746+00:00,a55a058221030000,0x82,0x21,3
2026-08-05T02:12:11.677770+00:00,a55a058221130000,0x82,0x21,3
2026-08-05T02:12:11.778035+00:00,a55a058221230000,0x82,0x21,3
2026-08-05T02:12:11.778182+00:00,a55a058221330000,0x82,0x21,3
2026-08-05T02:12:11.778213+00:00,a55a058221430000,0x82,0x21,3
2026-08-05T02:12:11.778239+00:00,a55a058221530000,0x82,0x21,3
2026-08-05T02:12:11.778264+00:00,a55a058221630000,0x82,0x21,3
2026-08-05T02:12:11.778288+00:00,a55a058221730000,0x82,0x21,3
2026-08-05T02:12:11.778312+00:00,a55a058221830000,0x82,0x21,3
2026-08-05T02:12:11.778336+00:00,a55a058221930000,0x82,0x21,3
2026-08-05T02:12:11.778416+00:00,a55a058221a30000,0x82,0x21,3
2026-08-05T02:12:11.778443+00:00,a55a058221b30000,0x82,0x21,3
2026-08-05T02:12:11.778467+00:00,a55a15821300000000000000000000000000000000000000,0x82,0x13,19
2026-08-05T02:12:12.079214+00:00,a55a03800100,0x80,0x1,1
2026-08-05T02:12:12.179776+00:00,a55a2582100014bd03c8002900070042002b002500000cf700000001000100330001000100010000,0x82,0x10,35
2026-08-05T02:12:12.180038+00:00,a55a3b8211000ce70cec0cf70d1e0cfc0cec0ce40d0f0d1f0cf50cec0ce70d030ce60cee0cdf000000000000000000000000000000000000000000000000,0x82,0x11,57
2026-08-05T02:12:12.180083+00:00,a55a0582200307e0,0x82,0x20,3
2026-08-05T02:12:12.180111+00:00,a55a0582201307e0,0x82,0x20,3
2026-08-05T02:12:12.180137+00:00,a55a0582202307e0,0x82,0x20,3
2026-08-05T02:12:12.180162+00:00,a55a0582203307e0,0x82,0x20,3
2026-08-05T02:12:12.180187+00:00,a55a0582204307e0,0x82,0x20,3
2026-08-05T02:12:12.180212+00:00,a55a0582205307e0,0x82,0x20,3
2026-08-05T02:12:12.180237+00:00,a55a0582206307e0,0x82,0x20,3
2026-08-05T02:12:12.180261+00:00,a55a0582207307e0,0x82,0x20,3
2026-08-05T02:12:12.180285+00:00,a55a05822083001f,0x82,0x20,3
2026-08-05T02:12:12.180308+00:00,a55a0582209307e0,0x82,0x20,3
2026-08-05T02:12:12.280550+00:00,a55a058220a307e0,0x82,0x20,3
2026-08-05T02:12:12.280701+00:00,a55a058220b307e0,0x82,0x20,3
2026-08-05T02:12:12.280735+00:00,a55a058220c307e0,0x82,0x20,3
2026-08-05T02:12:12.280761+00:00,a55a058220d307e0,0x82,0x20,3
2026-08-05T02:12:12.280786+00:00,a55a058220e307e0,0x82,0x20,3
2026-08-05T02:12:12.280811+00:00,a55a058220f3f800,0x82,0x20,3
2026-08-05T02:12:12.280836+00:00,a55a058221030000,0x82,0x21,3
2026-08-05T02:12:12.280860+00:00,a55a058221130000,0x82,0x21,3
2026-08-05T02:12:12.280885+00:00,a55a058221230000,0x82,0x21,3
2026-08-05T02:12:12.280909+00:00,a55a058221330000,0x82,0x21,3
2026-08-05T02:12:12.280933+00:00,a55a058221430000,0x82,0x21,3
2026-08-05T02:12:12.280957+00:00,a55a058221530000,0x82,0x21,3
2026-08-05T02:12:12.381208+00:00,a55a058221630000,0x82,0x21,3
2026-08-05T02:12:12.381340+00:00,a55a058221730000,0x82,0x21,3
2026-08-05T02:12:12.381373+00:00,a55a058221830000,0x82,0x21,3
2026-08-05T02:12:12.381399+00:00,a55a058221930000,0x82,0x21,3
2026-08-05T02:12:12.381424+00:00,a55a058221a30000,0x82,0x21,3
2026-08-05T02:12:12.381448+00:00,a55a058221b30000,0x82,0x21,3
2026-08-05T02:12:12.381473+00:00,a55a15821300000000000000000000000000000000000000,0x82,0x13,19
2026-08-05T02:12:12.682200+00:00,a55a03800100,0x80,0x1,1
2026-08-05T02:12:12.682332+00:00,a55a2582100014bc03cc001f00080042002b002500000cf600000001000100340001000100010000,0x82,0x10,35
2026-08-05T02:12:12.682365+00:00,a55a3b8211000ce60ceb0cf90d1a0cfb0cec0ce40d0d0d240cf50cec0ce90d040ce60cec0cdd000000000000000000000000000000000000000000000000,0x82,0x11,57
2026-08-05T02:12:12.682396+00:00,a55a0582200307e0,0x82,0x20,3
2026-08-05T02:12:12.682422+00:00,a55a0582201307e0,0x82,0x20,3
2026-08-05T02:12:12.782654+00:00,a55a0582202307e0,0x82,0x20,3
2026-08-05T02:12:12.782784+00:00,a55a0582203307e0,0x82,0x20,3
2026-08-05T02:12:12.782814+00:00,a55a0582204307e0,0x82,0x20,3
2026-08-05T02:12:12.782840+00:00,a55a0582205307e0,0x82,0x20,3
2026-08-05T02:12:12.782864+00:00,a55a0582206307e0,0x82,0x20,3
2026-08-05T02:12:12.782889+00:00,a55a0582207307e0,0x82,0x20,3
2026-08-05T02:12:12.782913+00:00,a55a05822083001f,0x82,0x20,3
2026-08-05T02:12:12.782937+00:00,a55a0582209307e0,0x82,0x20,3
2026-08-05T02:12:12.782961+00:00,a55a058220a307e0,0x82,0x20,3
2026-08-05T02:12:12.782984+00:00,a55a058220b307e0,0x82,0x20,3
2026-08-05T02:12:12.783008+00:00,a55a058220c307e0,0x82,0x20,3
2026-08-05T02:12:12.783032+00:00,a55a058220d307e0,0x82,0x20,3
2026-08-05T02:12:12.883267+00:00,a55a058220e307e0,0x82,0x20,3
2026-08-05T02:12:12.883395+00:00,a55a058220f3f800,0x82,0x20,3
2026-08-05T02:12:12.883424+00:00,a55a058221030000,0x82,0x21,3
2026-08-05T02:12:12.883449+00:00,a55a058221130000,0x82,0x21,3
2026-08-05T02:12:12.883474+00:00,a55a058221230000,0x82,0x21,3
2026-08-05T02:12:12.883498+00:00,a55a058221330000,0x82,0x21,3
2026-08-05T02:12:12.883570+00:00,a55a058221430000,0x82,0x21,3
2026-08-05T02:12:12.883597+00:00,a55a058221530000,0x82,0x21,3
2026-08-05T02:12:12.883641+00:00,a55a058221630000,0x82,0x21,3
2026-08-05T02:12:12.883667+00:00,a55a058221730000,0x82,0x21,3
2026-08-05T02:12:12.883691+00:00,a55a058221830000,0x82,0x21,3
2026-08-05T02:12:12.883715+00:00,a55a058221930000,0x82,0x21,3
2026-08-05T02:12:12.983985+00:00,a55a058221a30000,0x82,0x21,3
2026-08-05T02:12:12.984116+00:00,a55a058221b30000,0x82,0x21,3
2026-08-05T02:12:12.984145+00:00,a55a15821300000000000000000000000000000000000000,0x82,0x13,19
2026-08-05T02:12:13.284920+00:00,a55a03800100,0x80,0x1,1
2026-08-05T02:12:13.285088+00:00,a55a2582100014bc03cc002000080042002b002500000cf600000001000100350001000100010000,0x82,0x10,35
2026-08-05T02:12:13.285132+00:00,a55a3b8211000ce70ceb0cf90d1d0cfa0ceb0ce40d0e0d1f0cf50cec0ce90d040ce60cee0cdd000000000000000000000000000000000000000000000000,0x82,0x11,57
2026-08-05T02:12:13.285168+00:00,a55a0582200307e0,0x82,0x20,3
2026-08-05T02:12:13.285199+00:00,a55a0582201307e0,0x82,0x20,3
2026-08-05T02:12:13.285229+00:00,a55a0582202307e0,0x82,0x20,3
2026-08-05T02:12:13.285259+00:00,a55a0582203307e0,0x82,0x20,3
2026-08-05T02:12:13.285289+00:00,a55a0582204307e0,0x82,0x20,3
2026-08-05T02:12:13.385539+00:00,a55a0582205307e0,0x82,0x20,3
2026-08-05T02:12:13.385691+00:00,a55a0582206307e0,0x82,0x20,3
2026-08-05T02:12:13.385729+00:00,a55a0582207307e0,0x82,0x20,3
2026-08-05T02:12:13.385760+00:00,a55a05822083001f,0x82,0x20,3
2026-08-05T02:12:13.385790+00:00,a55a0582209307e0,0x82,0x20,3
2026-08-05T02:12:13.385819+00:00,a55a058220a307e0,0x82,0x20,3
2026-08-05T02:12:13.385847+00:00,a55a058220b307e0,0x82,0x20,3
2026-08-05T02:12:13.385876+00:00,a55a058220c307e0,0x82,0x20,3
2026-08-05T02:12:13.385904+00:00,a55a058220d307e0,0x82,0x20,3
2026-08-05T02:12:13.385933+00:00,a55a058220e307e0,0x82,0x20,3
2026-08-05T02:12:13.385961+00:00,a55a058220f3f800,0x82,0x20,3
2026-08-05T02:12:13.385989+00:00,a55a058221030000,0x82,0x21,3
2026-08-05T02:12:13.386017+00:00,a55a058221130000,0x82,0x21,3
2026-08-05T02:12:13.486266+00:00,a55a058221230000,0x82,0x21,3
2026-08-05T02:12:13.486400+00:00,a55a058221330000,0x82,0x21,3
2026-08-05T02:12:13.486434+00:00,a55a058221430000,0x82,0x21,3
2026-08-05T02:12:13.486463+00:00,a55a058221530000,0x82,0x21,3
2026-08-05T02:12:13.486492+00:00,a55a058221630000,0x82,0x21,3
2026-08-05T02:12:13.486521+00:00,a55a058221730000,0x82,0x21,3
2026-08-05T02:12:13.486549+00:00,a55a058221830000,0x82,0x21,3
2026-08-05T02:12:13.486577+00:00,a55a058221930000,0x82,0x21,3
2026-08-05T02:12:13.486605+00:00,a55a058221a30000,0x82,0x21,3
2026-08-05T02:12:13.486654+00:00,a55a058221b30000,0x82,0x21,3
2026-08-05T02:12:13.486683+00:00,a55a15821300000000000000000000000000000000000000,0x82,0x13,19
2026-08-05T02:12:13.787381+00:00,a55a03800100,0x80,0x1,1
2026-08-05T02:12:13.887735+00:00,a55a2582100014bd03c5002100080042002b002500000cf600000001000100330001000100010000,0x82,0x10,35
2026-08-05T02:12:13.887871+00:00,a55a3b8211000ce60cec0cf90d1b0cfc0cec0ce40d100d220cf50cec0ce70d010ce70cee0cdd000000000000000000000000000000000000000000000000,0x82,0x11,57
2026-08-05T02:12:13.887909+00:00,a55a0582200307e0,0x82,0x20,3
2026-08-05T02:12:13.887939+00:00,a55a0582201307e0,0x82,0x20,3
2026-08-05T02:12:13.887968+00:00,a55a0582202307e0,0x82,0x20,3
2026-08-05T02:12:13.887996+00:00,a55a0582203307e0,0x82,0x20,3
2026-08-05T02:12:13.888025+00:00,a55a0582204307e0,0x82,0x20,3
2026-08-05T02:12:13.888053+00:00,a55a0582205307e0,0x82,0x20,3
2026-08-05T02:12:13.888081+00:00,a55a0582206307e0,0x82,0x20,3
2026-08-05T02:12:13.888109+00:00,a55a0582207307e0,0x82,0x20,3
2026-08-05T02:12:13.888136+00:00,a55a05822083001f,0x82,0x20,3
2026-08-05T02:12:13.988365+00:00,a55a0582209307e0,0x82,0x20,3
2026-08-05T02:12:13.988496+00:00,a55a058220a307e0,0x82,0x20,3
2026-08-05T02:12:13.988528+00:00,a55a058220b307e0,0x82,0x20,3
2026-08-05T02:12:13.988557+00:00,a55a058220c307e0,0x82,0x20,3
2026-08-05T02:12:13.988585+00:00,a55a058220d307e0,0x82,0x20,3
2026-08-05T02:12:13.988626+00:00,a55a058220e307e0,0x82,0x20,3
2026-08-05T02:12:13.988709+00:00,a55a058220f3f800,0x82,0x20,3
2026-08-05T02:12:13.988740+00:00,a55a058221030000,0x82,0x21,3
2026-08-05T02:12:13.988764+00:00,a55a058221130000,0x82,0x21,3
2026-08-05T02:12:13.988788+00:00,a55a058221230000,0x82,0x21,3
2026-08-05T02:12:13.988812+00:00,a55a058221330000,0x82,0x21,3
2026-08-05T02:12:13.988835+00:00,a55a058221430000,0x82,0x21,3
2026-08-05T02:12:13.988859+00:00,a55a058221530000,0x82,0x21,3
2026-08-05T02:12:14.089141+00:00,a55a058221630000,0x82,0x21,3
2026-08-05T02:12:14.089277+00:00,a55a058221730000,0x82,0x21,3
2026-08-05T02:12:14.089312+00:00,a55a058221830000,0x82,0x21,3
2026-08-05T02:12:14.089338+00:00,a55a058221930000,0x82,0x21,3
2026-08-05T02:12:14.089363+00:00,a55a058221a30000,0x82,0x21,3
2026-08-05T02:12:14.089387+00:00,a55a058221b30000,0x82,0x21,3
2026-08-05T02:12:14.089412+00:00,a55a15821300000000000000000000000000000000000000,0x82,0x13,19
2026-08-05T02:12:14.390177+00:00,a55a03800100,0x80,0x1,1
2026-08-05T02:12:14.390308+00:00,a55a2582100014bd03be002200080042002b002500000cf600000001000100340001000100010000,0x82,0x10,35
2026-08-05T02:12:14.390341+00:00,a55a3b8211000ce60ceb0cf70d1d0cfc0cec0ce50d100d200cf60ceb0ce70d040ce60cec0cdf000000000000000000000000000000000000000000000000,0x82,0x11,57
2026-08-05T02:12:14.390373+00:00,a55a0582200307e0,0x82,0x20,3
2026-08-05T02:12:14.490627+00:00,a55a0582201307e0,0x82,0x20,3
2026-08-05T02:12:14.490761+00:00,a55a0582202307e0,0x82,0x20,3
2026-08-05T02:12:14.490790+00:00,a55a0582203307e0,0x82,0x20,3
2026-08-05T02:12:14.490816+00:00,a55a0582204307e0,0x82,0x20,3
2026-08-05T02:12:14.490841+00:00,a55a0582205307e0,0x82,0x20,3
2026-08-05T02:12:14.490866+00:00,a55a0582206307e0,0x82,0x20,3
2026-08-05T02:12:14.490890+00:00,a55a0582207307e0,0x82,0x20,3
2026-08-05T02:12:14.490914+00:00,a55a05822083001f,0x82,0x20,3
2026-08-05T02:12:14.490938+00:00,a55a0582209307e0,0x82,0x20,3
2026-08-05T02:12:14.490962+00:00,a55a058220a307e0,0x82,0x20,3
2026-08-05T02:12:14.490986+00:00,a55a058220b307e0,0x82,0x20,3
2026-08-05T02:12:14.491009+00:00,a55a058220c307e0,0x82,0x20,3
2026-08-05T02:12:14.591265+00:00,a55a058220d307e0,0x82,0x20,3
2026-08-05T02:12:14.591400+00:00,a55a058220e307e0,0x82,0x20,3
2026-08-05T02:12:14.591429+00:00,a55a058220f3f800,0x82,0x20,3
2026-08-05T02:12:14.591454+00:00,a55a058221030000,0x82,0x21,3
2026-08-05T02:12:14.591479+00:00,a55a058221130000,0x82,0x21,3
2026-08-05T02:12:14.591503+00:00,a55a058221230000,0x82,0x21,3
2026-08-05T02:12:14.591528+00:00,a55a058221330000,0x82,0x21,3
2026-08-05T02:12:14.591552+00:00,a55a058221430000,0x82,0x21,3
2026-08-05T02:12:14.591576+00:00,a55a058221530000,0x82,0x21,3
2026-08-05T02:12:14.591600+00:00,a55a058221630000,0x82,0x21,3
2026-08-05T02:12:14.591649+00:00,a55a058221730000,0x82,0x21,3
2026-08-05T02:12:14.591675+00:00,a55a058221830000,0x82,0x21,3
2026-08-05T02:12:14.591699+00:00,a55a058221930000,0x82,0x21,3
2026-08-05T02:12:14.691949+00:00,a55a058221a30000,0x82,0x21,3
2026-08-05T02:12:14.692078+00:00,a55a058221b30000,0x82,0x21,3
2026-08-05T02:12:14.692107+00:00,a55a15821300000000000000000000000000000000000000,0x82,0x13,19
2026-08-05T02:12:14.992791+00:00,a55a03800100,0x80,0x1,1
2026-08-05T02:12:14.992936+00:00,a55a2582100014bd03be002300080042002b002500000cf600000001000100350001000100010000,0x82,0x10,35
2026-08-05T02:12:14.992973+00:00,a55a3b8211000ce60cec0cfa0d1b0cfc0cee0ce40d0e0d250cf50cec0ce90d030ce60cee0cdf000000000000000000000000000000000000000000000000,0x82,0x11,57
2026-08-05T02:12:14.993007+00:00,a55a0582200307e0,0x82,0x20,3
2026-08-05T02:12:14.993034+00:00,a55a0582201307e0,0x82,0x20,3
2026-08-05T02:12:14.993058+00:00,a55a0582202307e0,0x82,0x20,3
2026-08-05T02:12:14.993082+00:00,a55a0582203307e0,0x82,0x20,3
2026-08-05T02:12:14.993109+00:00,a55a0582204307e0,0x82,0x20,3
2026-08-05T02:12:15.093583+00:00,a55a0582205307e0,0x82,0x20,3
2026-08-05T02:12:15.093759+00:00,a55a0582206307e0,0x82,0x20,3
2026-08-05T02:12:15.093800+00:00,a55a0582207307e0,0x82,0x20,3
2026-08-05T02:12:15.093830+00:00,a55a05822083001f,0x82,0x20,3
2026-08-05T02:12:15.093857+00:00,a55a0582209307e0,0x82,0x20,3
2026-08-05T02:12:15.093943+00:00,a55a058220a307e0,0x82,0x20,3
2026-08-05T02:12:15.093977+00:00,a55a058220b307e0,0x82,0x20,3
2026-08-05T02:12:15.094003+00:00,a55a058220c307e0,0x82,0x20,3
2026-08-05T02:12:15.094029+00:00,a55a058220d307e0,0x82,0x20,3
2026-08-05T02:12:15.094055+00:00,a55a058220e307e0,0x82,0x20,3
2026-08-05T02:12:15.094080+00:00,a55a058220f3f800,0x82,0x20,3
2026-08-05T02:12:15.094106+00:00,a55a058221030000,0x82,0x21,3
2026-08-05T02:12:15.094132+00:00,a55a058221130000,0x82,0x21,3
2026-08-05T02:12:15.194383+00:00,a55a058221230000,0x82,0x21,3
2026-08-05T02:12:15.194513+00:00,a55a058221330000,0x82,0x21,3
2026-08-05T02:12:15.194542+00:00,a55a058221430000,0x82,0x21,3
2026-08-05T02:12:15.194568+00:00,a55a058221530000,0x82,0x21,3
2026-08-05T02:12:15.194594+00:00,a55a058221630000,0x82,0x21,3
2026-08-05T02:12:15.194659+00:00,a55a058221730000,0x82,0x21,3
2026-08-05T02:12:15.194688+00:00,a55a058221830000,0x82,0x21,3
2026-08-05T02:12:15.194713+00:00,a55a058221930000,0x82,0x21,3
2026-08-05T02:12:15.194737+00:00,a55a058221a30000,0x82,0x21,3
2026-08-05T02:12:15.194762+00:00,a55a058221b30000,0x82,0x21,3
2026-08-05T02:12:15.194786+00:00,a55a15821300000000000000000000000000000000000000,0x82,0x13,19
2026-08-05T02:12:15.495480+00:00,a55a03800100,0x80,0x1,1
2026-08-05T02:12:15.595842+00:00,a55a2582100014bd03c8002400080042002b002500000cf700000001000100330001000100010000,0x82,0x10,35
2026-08-05T02:12:15.595975+00:00,a55a3b8211000ce70ceb0cf70d1d0cfb0cec0ce50d0d0d200cf60cec0ce70d040ce60cee0cdf000000000000000000000000000000000000000000000000,0x82,0x11,57
2026-08-05T02:12:15.596013+00:00,a55a0582200307e0,0x82,0x20,3
2026-08-05T02:12:15.596042+00:00,a55a0582201307e0,0x82,0x20,3
2026-08-05T02:12:15.596069+00:00,a55a0582202307e0,0x82,0x20,3
2026-08-05T02:12:15.596095+00:00,a55a0582203307e0,0x82,0x20,3
2026-08-05T02:12:15.596121+00:00,a55a0582204307e0,0x82,0x20,3
2026-08-05T02:12:15.596146+00:00,a55a0582205307e0,0x82,0x20,3
2026-08-05T02:12:15.596172+00:00,a55a0582206307e0,0x82,0x20,3
2026-08-05T02:12:15.596198+00:00,a55a0582207307e0,0x82,0x20,3
2026-08-05T02:12:15.596223+00:00,a55a05822083001f,0x82,0x20,3
2026-08-05T02:12:15.696440+00:00,a55a0582209307e0,0x82,0x20,3
2026-08-05T02:12:15.696567+00:00,a55a058220a307e0,0x82,0x20,3
2026-08-05T02:12:15.696597+00:00,a55a058220b307e0,0x82,0x20,3
2026-08-05T02:12:15.696645+00:00,a55a058220c307e0,0x82,0x20,3
2026-08-05T02:12:15.696674+00:00,a55a058220d307e0,0x82,0x20,3
2026-08-05T02:12:15.696699+00:00,a55a058220e307e0,0x82,0x20,3
2026-08-05T02:12:15.696724+00:00,a55a058220f3f800,0x82,0x20,3
2026-08-05T02:12:15.696748+00:00,a55a058221030000,0x82,0x21,3
2026-08-05T02:12:15.696772+00:00,a55a058221130000,0x82,0x21,3
2026-08-05T02:12:15.696796+00:00,a55a058221230000,0x82,0x21,3
2026-08-05T02:12:15.696820+00:00,a55a058221330000,0x82,0x21,3
2026-08-05T02:12:15.696844+00:00,a55a058221430000,0x82,0x21,3
2026-08-05T02:12:15.696868+00:00,a55a058221530000,0x82,0x21,3
2026-08-05T02:12:15.797107+00:00,a55a058221630000,0x82,0x21,3
2026-08-05T02:12:15.797234+00:00,a55a058221730000,0x82,0x21,3
2026-08-05T02:12:15.797263+00:00,a55a058221830000,0x82,0x21,3
2026-08-05T02:12:15.797288+00:00,a55a058221930000,0x82,0x21,3
2026-08-05T02:12:15.797312+00:00,a55a058221a30000,0x82,0x21,3
2026-08-05T02:12:15.797337+00:00,a55a058221b30000,0x82,0x21,3
2026-08-05T02:12:15.797361+00:00,a55a15821300000000000000000000000000000000000000,0x82,0x13,19
2026-08-05T02:12:16.098031+00:00,a55a03800100,0x80,0x1,1
2026-08-05T02:12:16.098161+00:00,a55a2582100014bc03c2002500080042002b002500000cf600000001000100340001000100010000,0x82,0x10,35
2026-08-05T02:12:16.098199+00:00,a55a3b8211000ce60cec0cf70d1b0cfc0ceb0ce40d0f0d220cf40cec0ce90d030ce70cee0cdd000000000000000000000000000000000000000000000000,0x82,0x11,57
2026-08-05T02:12:16.098231+00:00,a55a0582200307e0,0x82,0x20,3
2026-08-05T02:12:16.198481+00:00,a55a0582201307e0,0x82,0x20,3
2026-08-05T02:12:16.198624+00:00,a55a0582202307e0,0x82,0x20,3
2026-08-05T02:12:16.198665+00:00,a55a0582203307e0,0x82,0x20,3
2026-08-05T02:12:16.198744+00:00,a55a0582204307e0,0x82,0x20,3
2026-08-05T02:12:16.198775+00:00,a55a0582205307e0,0x82,0x20,3
2026-08-05T02:12:16.198802+00:00,a55a0582206307e0,0x82,0x20,3
2026-08-05T02:12:16.198828+00:00,a55a0582207307e0,0x82,0x20,3
2026-08-05T02:12:16.198854+00:00,a55a05822083001f,0x82,0x20,3
2026-08-05T02:12:16.198881+00:00,a55a0582209307e0,0x82,0x20,3
2026-08-05T02:12:16.198908+00:00,a55a058220a307e0,0x82,0x20,3
2026-08-05T02:12:16.198933+00:00,a55a058220b307e0,0x82,0x20,3
2026-08-05T02:12:16.198958+00:00,a55a058220c307e0,0x82,0x20,3
2026-08-05T02:12:16.299179+00:00,a55a058220d307e0,0x82,0x20,3
2026-08-05T02:12:16.299296+00:00,a55a058220e307e0,0x82,0x20,3
2026-08-05T02:12:16.299324+00:00,a55a058220f3f800,0x82,0x20,3
2026-08-05T02:12:16.299350+00:00,a55a058221030000,0x82,0x21,3
2026-08-05T02:12:16.299374+00:00,a55a058221130000,0x82,0x21,3
2026-08-05T02:12:16.299398+00:00,a55a058221230000,0x82,0x21,3
2026-08-05T02:12:16.299423+00:00,a55a058221330000,0x82,0x21,3
2026-08-05T02:12:16.299447+00:00,a55a058221430000,0x82,0x21,3
2026-08-05T02:12:16.299471+00:00,a55a058221530000,0x82,0x21,3
2026-08-05T02:12:16.299495+00:00,a55a058221630000,0x82,0x21,3
2026-08-05T02:12:16.299518+00:00,a55a058221730000,0x82,0x21,3
2026-08-05T02:12:16.299542+00:00,a55a058221830000,0x82,0x21,3
2026-08-05T02:12:16.299566+00:00,a55a058221930000,0x82,0x21,3
2026-08-05T02:12:16.400076+00:00,a55a058221a30000,0x82,0x21,3
2026-08-05T02:12:16.400537+00:00,a55a058221b30000,0x82,0x21,3
2026-08-05T02:12:16.400720+00:00,a55a15821300000000000000000000000000000000000000,0x82,0x13,19
2026-08-05T02:12:16.701509+00:00,a55a03800100,0x80,0x1,1
2026-08-05T02:12:16.701666+00:00,a55a2582100014bd03c2002600080042002b002500000cf600000001000100350001000100010000,0x82,0x10,35
2026-08-05T02:12:16.701708+00:00,a55a3b8211000ce60ceb0cfa0d1d0cfb0cec0ce40d0e0d220cf60cec0ce70d050ce60cee0cdf000000000000000000000000000000000000000000000000,0x82,0x11,57
2026-08-05T02:12:16.701739+00:00,a55a0582200307e0,0x82,0x20,3
2026-08-05T02:12:16.701765+00:00,a55a0582201307e0,0x82,0x20,3
2026-08-05T02:12:16.701789+00:00,a55a0582202307e0,0x82,0x20,3
2026-08-05T02:12:16.701814+00:00,a55a0582203307e0,0x82,0x20,3
2026-08-05T02:12:16.701837+00:00,a55a0582204307e0,0x82,0x20,3
2026-08-05T02:12:16.802067+00:00,a55a0582205307e0,0x82,0x20,3
2026-08-05T02:12:16.802203+00:00,a55a0582206307e0,0x82,0x20,3
2026-08-05T02:12:16.802233+00:00,a55a0582207307e0,0x82,0x20,3
2026-08-05T02:12:16.802257+00:00,a55a05822083001f,0x82,0x20,3
2026-08-05T02:12:16.802282+00:00,a55a0582209307e0,0x82,0x20,3
2026-08-05T02:12:16.802306+00:00,a55a058220a307e0,0x82,0x20,3
2026-08-05T02:12:16.802330+00:00,a55a058220b307e0,0x82,0x20,3
2026-08-05T02:12:16.802353+00:00,a55a058220c307e0,0x82,0x20,3
2026-08-05T02:12:16.802377+00:00,a55a058220d307e0,0x82,0x20,3
2026-08-05T02:12:16.802401+00:00,a55a058220e307e0,0x82,0x20,3
2026-08-05T02:12:16.802425+00:00,a55a058220f3f800,0x82,0x20,3
2026-08-05T02:12:16.802449+00:00,a55a058221030000,0x82,0x21,3
2026-08-05T02:12:16.802472+00:00,a55a058221130000,0x82,0x21,3
2026-08-05T02:12:16.902748+00:00,a55a058221230000,0x82,0x21,3
2026-08-05T02:12:16.902892+00:00,a55a058221330000,0x82,0x21,3
2026-08-05T02:12:16.902921+00:00,a55a058221430000,0x82,0x21,3
2026-08-05T02:12:16.902946+00:00,a55a058221530000,0x82,0x21,3
2026-08-05T02:12:16.902970+00:00,a55a058221630000,0x82,0x21,3
2026-08-05T02:12:16.902994+00:00,a55a058221730000,0x82,0x21,3
2026-08-05T02:12:16.903018+00:00,a55a058221830000,0x82,0x21,3
2026-08-05T02:12:16.903042+00:00,a55a058221930000,0x82,0x21,3
2026-08-05T02:12:16.903066+00:00,a55a058221a30000,0x82,0x21,3
2026-08-05T02:12:16.903089+00:00,a55a058221b30000,0x82,0x21,3
2026-08-05T02:12:16.903113+00:00,a55a15821300000000000000000000000000000000000000,0x82,0x13,19
2026-08-05T02:12:17.203924+00:00,a55a03800100,0x80,0x1,1
2026-08-05T02:12:17.304292+00:00,a55a2582100014bd03c8002700080043002b002500000cf600000001000100330001000100010000,0x82,0x10,35
2026-08-05T02:12:17.304435+00:00,a55a3b8211000ce60ceb0cfa0d1a0cfc0cec0ce40d0f0d230cf40cec0ce90d030ce60cee0cdf000000000000000000000000000000000000000000000000,0x82,0x11,57
2026-08-05T02:12:17.304519+00:00,a55a0582200307e0,0x82,0x20,3
2026-08-05T02:12:17.304548+00:00,a55a0582201307e0,0x82,0x20,3
2026-08-05T02:12:17.304574+00:00,a55a0582202307e0,0x82,0x20,3
2026-08-05T02:12:17.304599+00:00,a55a0582203307e0,0x82,0x20,3
2026-08-05T02:12:17.304650+00:00,a55a0582204307e0,0x82,0x20,3
2026-08-05T02:12:17.304678+00:00,a55a0582205307e0,0x82,0x20,3
2026-08-05T02:12:17.304703+00:00,a55a0582206307e0,0x82,0x20,3
2026-08-05T02:12:17.304728+00:00,a55a0582207307e0,0x82,0x20,3
2026-08-05T02:12:17.304752+00:00,a55a05822083001f,0x82,0x20,3
2026-08-05T02:12:17.404987+00:00,a55a0582209307e0,0x82,0x20,3
2026-08-05T02:12:17.405126+00:00,a55a058220a307e0,0x82,0x20,3
2026-08-05T02:12:17.405156+00:00,a55a058220b307e0,0x82,0x20,3
2026-08-05T02:12:17.405182+00:00,a55a058220c307e0,0x82,0x20,3
2026-08-05T02:12:17.405207+00:00,a55a058220d307e0,0x82,0x20,3
2026-08-05T02:12:17.405231+00:00,a55a058220e307e0,0x82,0x20,3
2026-08-05T02:12:17.405255+00:00,a55a058220f3f800,0x82,0x20,3
2026-08-05T02:12:17.405279+00:00,a55a058221030000,0x82,0x21,3
2026-08-05T02:12:17.405302+00:00,a55a058221130000,0x82,0x21,3
2026-08-05T02:12:17.405326+00:00,a55a058221230000,0x82,0x21,3
2026-08-05T02:12:17.405350+00:00,a55a058221330000,0x82,0x21,3
2026-08-05T02:12:17.405373+00:00,a55a058221430000,0x82,0x21,3
2026-08-05T02:12:17.405397+00:00,a55a058221530000,0x82,0x21,3
2026-08-05T02:12:17.505728+00:00,a55a058221630000,0x82,0x21,3
2026-08-05T02:12:17.505883+00:00,a55a058221730000,0x82,0x21,3
2026-08-05T02:12:17.505918+00:00,a55a058221830000,0x82,0x21,3
2026-08-05T02:12:17.505945+00:00,a55a058221930000,0x82,0x21,3
2026-08-05T02:12:17.505971+00:00,a55a058221a30000,0x82,0x21,3
2026-08-05T02:12:17.505997+00:00,a55a058221b30000,0x82,0x21,3
2026-08-05T02:12:17.506022+00:00,a55a15821300000000000000000000000000000000000000,0x82,0x13,19
2026-08-05T02:12:17.806810+00:00,a55a03800100,0x80,0x1,1
2026-08-05T02:12:17.806949+00:00,a55a2582100014bd03c8002800080043002b002500000cf600000001000100340001000100010000,0x82,0x10,35
2026-08-05T02:12:17.806982+00:00,a55a3b8211000ce70ceb0cf90d1f0cfb0ceb0ce50d0e0d1f0cf50cec0ce70d050ce70cec0cdd000000000000000000000000000000000000000000000000,0x82,0x11,57
2026-08-05T02:12:17.807013+00:00,a55a0582200307e0,0x82,0x20,3
2026-08-05T02:12:17.907278+00:00,a55a0582201307e0,0x82,0x20,3
2026-08-05T02:12:17.907410+00:00,a55a0582202307e0,0x82,0x20,3
2026-08-05T02:12:17.907439+00:00,a55a0582203307e0,0x82,0x20,3
2026-08-05T02:12:17.907465+00:00,a55a0582204307e0,0x82,0x20,3
2026-08-05T02:12:17.907489+00:00,a55a0582205307e0,0x82,0x20,3
2026-08-05T02:12:17.907514+00:00,a55a0582206307e0,0x82,0x20,3
2026-08-05T02:12:17.907538+00:00,a55a0582207307e0,0x82,0x20,3
2026-08-05T02:12:17.907562+00:00,a55a05822083001f,0x82,0x20,3
2026-08-05T02:12:17.907586+00:00,a55a0582209307e0,0x82,0x20,3
2026-08-05T02:12:17.907621+00:00,a55a058220a307e0,0x82,0x20,3
2026-08-05T02:12:17.907653+00:00,a55a058220b307e0,0x82,0x20,3
2026-08-05T02:12:17.907678+00:00,a55a058220c307e0,0x82,0x20,3
2026-08-05T02:12:18.007918+00:00,a55a058220d307e0,0x82,0x20,3
2026-08-05T02:12:18.008047+00:00,a55a058220e307e0,0x82,0x20,3
2026-08-05T02:12:18.008074+00:00,a55a058220f3f800,0x82,0x20,3
2026-08-05T02:12:18.008099+00:00,a55a058221030000,0x82,0x21,3
2026-08-05T02:12:18.008124+00:00,a55a058221130000,0x82,0x21,3
2026-08-05T02:12:18.008148+00:00,a55a058221230000,0x82,0x21,3
2026-08-05T02:12:18.008172+00:00,a55a058221330000,0x82,0x21,3
2026-08-05T02:12:18.008196+00:00,a55a058221430000,0x82,0x21,3
2026-08-05T02:12:18.008220+00:00,a55a058221530000,0x82,0x21,3
2026-08-05T02:12:18.008243+00:00,a55a058221630000,0x82,0x21,3
2026-08-05T02:12:18.008267+00:00,a55a058221730000,0x82,0x21,3
2026-08-05T02:12:18.008290+00:00,a55a058221830000,0x82,0x21,3
2026-08-05T02:12:18.008314+00:00,a55a058221930000,0x82,0x21,3
2026-08-05T02:12:18.108635+00:00,a55a058221a30000,0x82,0x21,3
2026-08-05T02:12:18.108795+00:00,a55a058221b30000,0x82,0x21,3
2026-08-05T02:12:18.108834+00:00,a55a15821300000000000000000000000000000000000000,0x82,0x13,19
2026-08-05T02:12:18.409582+00:00,a55a03800100,0x80,0x1,1
2026-08-05T02:12:18.409728+00:00,a55a2582100014bd03c8002900080043002b002500000cf600000001000100350001000100010000,0x82,0x10,35
2026-08-05T02:12:18.409763+00:00,a55a3b8211000ce60cee0cf90d1b0cfc0ceb0ce40d100d220cf50cec0ce70d040ce60cee0cdd000000000000000000000000000000000000000000000000,0x82,0x11,57
2026-08-05T02:12:18.409795+00:00,a55a0582200307e0,0x82,0x20,3
2026-08-05T02:12:18.409821+00:00,a55a0582201307e0,0x82,0x20,3
2026-08-05T02:12:18.409845+00:00,a55a0582202307e0,0x82,0x20,3
2026-08-05T02:12:18.409870+00:00,a55a0582203307e0,0x82,0x20,3
2026-08-05T02:12:18.409894+00:00,a55a0582204307e0,0x82,0x20,3
2026-08-05T02:12:18.510116+00:00,a55a0582205307e0,0x82,0x20,3
2026-08-05T02:12:18.510243+00:00,a55a0582206307e0,0x82,0x20,3
2026-08-05T02:12:18.510272+00:00,a55a0582207307e0,0x82,0x20,3
2026-08-05T02:12:18.510297+00:00,a55a05822083001f,0x82,0x20,3
2026-08-05T02:12:18.510322+00:00,a55a0582209307e0,0x82,0x20,3
2026-08-05T02:12:18.510345+00:00,a55a058220a307e0,0x82,0x20,3
2026-08-05T02:12:18.510369+00:00,a55a058220b307e0,0x82,0x20,3
2026-08-05T02:12:18.510393+00:00,a55a058220c307e0,0x82,0x20,3
2026-08-05T02:12:18.510417+00:00,a55a058220d307e0,0x82,0x20,3
2026-08-05T02:12:18.510441+00:00,a55a058220e307e0,0x82,0x20,3
2026-08-05T02:12:18.510465+00:00,a55a058220f3f800,0x82,0x20,3
2026-08-05T02:12:18.510488+00:00,a55a058221030000,0x82,0x21,3
2026-08-05T02:12:18.510511+00:00,a55a058221130000,0x82,0x21,3
2026-08-05T02:12:18.610751+00:00,a55a058221230000,0x82,0x21,3
2026-08-05T02:12:18.610878+00:00,a55a058221330000,0x82,0x21,3
2026-08-05T02:12:18.610906+00:00,a55a058221430000,0x82,0x21,3
2026-08-05T02:12:18.610934+00:00,a55a058221530000,0x82,0x21,3
2026-08-05T02:12:18.610959+00:00,a55a058221630000,0x82,0x21,3
2026-08-05T02:12:18.610983+00:00,a55a058221730000,0x82,0x21,3
2026-08-05T02:12:18.611007+00:00,a55a058221830000,0x82,0x21,3
2026-08-05T02:12:18.611031+00:00,a55a058221930000,0x82,0x21,3
2026-08-05T02:12:18.611054+00:00,a55a058221a30000,0x82,0x21,3
2026-08-05T02:12:18.611078+00:00,a55a058221b30000,0x82,0x21,3
2026-08-05T02:12:18.611101+00:00,a55a15821300000000000000000000000000000000000000,0x82,0x13,19
2026-08-05T02:12:18.911860+00:00,a55a03800100,0x80,0x1,1
2026-08-05T02:12:19.012200+00:00,a55a2582100014bd03c8001f00080043002b002500000cf600000001000100330001000100010000,0x82,0x10,35
2026-08-05T02:12:19.012333+00:00,a55a3b8211000ce60ceb0cfa0d1b0cfa0cec0ce50d0e0d230cf60cec0ce70d050ce60cee0cdf000000000000000000000000000000000000000000000000,0x82,0x11,57
2026-08-05T02:12:19.012367+00:00,a55a0582200307e0,0x82,0x20,3
2026-08-05T02:12:19.012393+00:00,a55a0582201307e0,0x82,0x20,3
2026-08-05T02:12:19.012418+00:00,a55a0582202307e0,0x82,0x20,3
2026-08-05T02:12:19.012442+00:00,a55a0582203307e0,0x82,0x20,3
2026-08-05T02:12:19.012466+00:00,a55a0582204307e0,0x82,0x20,3
2026-08-05T02:12:19.012490+00:00,a55a0582205307e0,0x82,0x20,3
2026-08-05T02:12:19.012515+00:00,a55a0582206307e0,0x82,0x20,3
2026-08-05T02:12:19.012538+00:00,a55a0582207307e0,0x82,0x20,3
2026-08-05T02:12:19.012562+00:00,a55a05822083001f,0x82,0x20,3
2026-08-05T02:12:19.112794+00:00,a55a0582209307e0,0x82,0x20,3
2026-08-05T02:12:19.112921+00:00,a55a058220a307e0,0x82,0x20,3
2026-08-05T02:12:19.112954+00:00,a55a058220b307e0,0x82,0x20,3
2026-08-05T02:12:19.112982+00:00,a55a058220c307e0,0x82,0x20,3
2026-08-05T02:12:19.113008+00:00,a55a058220d307e0,0x82,0x20,3
2026-08-05T02:12:19.113034+00:00,a55a058220e307e0,0x82,0x20,3
2026-08-05T02:12:19.113060+00:00,a55a058220f3f800,0x82,0x20,3
2026-08-05T02:12:19.113085+00:00,a55a058221030000,0x82,0x21,3
2026-08-05T02:12:19.113110+00:00,a55a058221130000,0x82,0x21,3
2026-08-05T02:12:19.113134+00:00,a55a058221230000,0x82,0x21,3
2026-08-05T02:12:19.113159+00:00,a55a058221330000,0x82,0x21,3
2026-08-05T02:12:19.113183+00:00,a55a058221430000,0x82,0x21,3
2026-08-05T02:12:19.113207+00:00,a55a058221530000,0x82,0x21,3
2026-08-05T02:12:19.213501+00:00,a55a058221630000,0x82,0x21,3
2026-08-05T02:12:19.213715+00:00,a55a058221730000,0x82,0x21,3
2026-08-05T02:12:19.213757+00:00,a55a058221830000,0x82,0x21,3
2026-08-05T02:12:19.213785+00:00,a55a058221930000,0x82,0x21,3
2026-08-05T02:12:19.213810+00:00,a55a058221a30000,0x82,0x21,3
2026-08-05T02:12:19.213836+00:00,a55a058221b30000,0x82,0x21,3
2026-08-05T02:12:19.213860+00:00,a55a15821300000000000000000000000000000000000000,0x82,0x13,19
2026-08-05T02:12:19.514544+00:00,a55a03800100,0x80,0x1,1
2026-08-05T02:12:19.514682+00:00,a55a2582100014bd03c5002000080043002b002500000cf600000001000100340001000100010000,0x82,0x10,35
2026-08-05T02:12:19.514716+00:00,a55a3b8211000ce70cec0cf90d1e0cfc0ceb0ce40d0f0d230cf50cec0ce90d030ce60cee0cdf000000000000000000000000000000000000000000000000,0x82,0x11,57
2026-08-05T02:12:19.514747+00:00,a55a0582200307e0,0x82,0x20,3
2026-08-05T02:12:19.614964+00:00,a55a0582201307e0,0x82,0x20,3
2026-08-05T02:12:19.615093+00:00,a55a0582202307e0,0x82,0x20,3
2026-08-05T02:12:19.615122+00:00,a55a0582203307e0,0x82,0x20,3
2026-08-05T02:12:19.615146+00:00,a55a0582204307e0,0x82,0x20,3
2026-08-05T02:12:19.615171+00:00,a55a0582205307e0,0x82,0x20,3
2026-08-05T02:12:19.615195+00:00,a55a0582206307e0,0x82,0x20,3
2026-08-05T02:12:19.615219+00:00,a55a0582207307e0,0x82,0x20,3
2026-08-05T02:12:19.615242+00:00,a55a05822083001f,0x82,0x20,3
2026-08-05T02:12:19.615266+00:00,a55a0582209307e0,0x82,0x20,3
2026-08-05T02:12:19.615289+00:00,a55a058220a307e0,0x82,0x20,3
2026-08-05T02:12:19.615313+00:00,a55a058220b307e0,0x82,0x20,3
2026-08-05T02:12:19.615337+00:00,a55a058220c307e0,0x82,0x20,3
2026-08-05T02:12:19.715583+00:00,a55a058220d307e0,0x82,0x20,3
2026-08-05T02:12:19.715746+00:00,a55a058220e307e0,0x82,0x20,3
2026-08-05T02:12:19.715775+00:00,a55a058220f3f800,0x82,0x20,3
2026-08-05T02:12:19.715801+00:00,a55a058221030000,0x82,0x21,3
2026-08-05T02:12:19.715826+00:00,a55a058221130000,0x82,0x21,3
2026-08-05T02:12:19.715850+00:00,a55a058221230000,0x82,0x21,3
2026-08-05T02:12:19.715874+00:00,a55a058221330000,0x82,0x21,3
2026-08-05T02:12:19.715898+00:00,a55a058221430000,0x82,0x21,3
2026-08-05T02:12:19.715922+00:00,a55a058221530000,0x82,0x21,3
2026-08-05T02:12:19.715947+00:00,a55a058221630000,0x82,0x21,3
2026-08-05T02:12:19.715970+00:00,a55a058221730000,0x82,0x21,3
2026-08-05T02:12:19.715995+00:00,a55a058221830000,0x82,0x21,3
2026-08-05T02:12:19.716018+00:00,a55a058221930000,0x82,0x21,3
2026-08-05T02:12:19.816317+00:00,a55a058221a30000,0x82,0x21,3
2026-08-05T02:12:19.816464+00:00,a55a058221b30000,0x82,0x21,3
2026-08-05T02:12:19.816497+00:00,a55a15821300000000000000000000000000000000000000,0x82,0x13,19
2026-08-05T02:12:20.117222+00:00,a55a03800100,0x80,0x1,1
2026-08-05T02:12:20.117358+00:00,a55a2582100014bd03c5002100080043002b002500000cf600000001000100350001000100010000,0x82,0x10,35
2026-08-05T02:12:20.117395+00:00,a55a3b8211000ce60ceb0cfa0d1e0cfc0ceb0ce40d100d200cf50cee0ce90d030ce70cee0cdf000000000000000000000000000000000000000000000000,0x82,0x11,57
2026-08-05T02:12:20.117429+00:00,a55a0582200307e0,0x82,0x20,3
2026-08-05T02:12:20.117458+00:00,a55a0582201307e0,0x82,0x20,3
2026-08-05T02:12:20.117487+00:00,a55a0582202307e0,0x82,0x20,3
2026-08-05T02:12:20.117514+00:00,a55a0582203307e0,0x82,0x20,3
2026-08-05T02:12:20.117540+00:00,a55a0582204307e0,0x82,0x20,3
2026-08-05T02:12:20.217806+00:00,a55a0582205307e0,0x82,0x20,3
2026-08-05T02:12:20.217957+00:00,a55a0582206307e0,0x82,0x20,3
2026-08-05T02:12:20.217990+00:00,a55a0582207307e0,0x82,0x20,3
2026-08-05T02:12:20.218016+00:00,a55a05822083001f,0x82,0x20,3
2026-08-05T02:12:20.218042+00:00,a55a0582209307e0,0x82,0x20,3
2026-08-05T02:12:20.218066+00:00,a55a058220a307e0,0x82,0x20,3
2026-08-05T02:12:20.218091+00:00,a55a058220b307e0,0x82,0x20,3
2026-08-05T02:12:20.218115+00:00,a55a058220c307e0,0x82,0x20,3
2026-08-05T02:12:20.218139+00:00,a55a058220d307e0,0x82,0x20,3
2026-08-05T02:12:20.218163+00:00,a55a058220e307e0,0x82,0x20,3
2026-08-05T02:12:20.218187+00:00,a55a058220f3f800,0x82,0x20,3
2026-08-05T02:12:20.218211+00:00,a55a058221030000,0x82,0x21,3
2026-08-05T02:12:20.318440+00:00,a55a058221130000,0x82,0x21,3
2026-08-05T02:12:20.318665+00:00,a55a058221230000,0x82,0x21,3
2026-08-05T02:12:20.318715+00:00,a55a058221330000,0x82,0x21,3
2026-08-05T02:12:20.318742+00:00,a55a058221430000,0x82,0x21,3
2026-08-05T02:12:20.318767+00:00,a55a058221530000,0x82,0x21,3
2026-08-05T02:12:20.318792+00:00,a55a058221630000,0x82,0x21,3
2026-08-05T02:12:20.318815+00:00,a55a058221730000,0x82,0x21,3
2026-08-05T02:12:20.318839+00:00,a55a058221830000,0x82,0x21,3
2026-08-05T02:12:20.318863+00:00,a55a058221930000,0x82,0x21,3
2026-08-05T02:12:20.318886+00:00,a55a058221a30000,0x82,0x21,3
2026-08-05T02:12:20.318910+00:00,a55a058221b30000,0x82,0x21,3
2026-08-05T02:12:20.318934+00:00,a55a15821300000000000000000000000000000000000000,0x82,0x13,19
2026-08-05T02:12:20.619539+00:00,a55a03800100,0x80,0x1,1
2026-08-05T02:12:20.719863+00:00,a55a2582100014bd03c2002200080043002b002500000cf600000001000100330001000100010000,0x82,0x10,35
2026-08-05T02:12:20.719992+00:00,a55a3b8211000ce60cec0cf90d1b0cfc0ceb0ce40d0f0d240cf50cec0ce90d050ce60cee0cdf000000000000000000000000000000000000000000000000,0x82,0x11,57
2026-08-05T02:12:20.720026+00:00,a55a0582200307e0,0x82,0x20,3
2026-08-05T02:12:20.720052+00:00,a55a0582201307e0,0x82,0x20,3
2026-08-05T02:12:20.720076+00:00,a55a0582202307e0,0x82,0x20,3
2026-08-05T02:12:20.720100+00:00,a55a0582203307e0,0x82,0x20,3
2026-08-05T02:12:20.720124+00:00,a55a0582204307e0,0x82,0x20,3
2026-08-05T02:12:20.720148+00:00,a55a0582205307e0,0x82,0x20,3
2026-08-05T02:12:20.720173+00:00,a55a0582206307e0,0x82,0x20,3
2026-08-05T02:12:20.720197+00:00,a55a0582207307e0,0x82,0x20,3
2026-08-05T02:12:20.720221+00:00,a55a05822083001f,0x82,0x20,3
2026-08-05T02:12:20.820420+00:00,a55a0582209307e0,0x82,0x20,3
2026-08-05T02:12:20.820542+00:00,a55a058220a307e0,0x82,0x20,3
2026-08-05T02:12:20.820572+00:00,a55a058220b307e0,0x82,0x20,3
2026-08-05T02:12:20.820597+00:00,a55a058220c307e0,0x82,0x20,3
2026-08-05T02:12:20.820648+00:00,a55a058220d307e0,0x82,0x20,3
2026-08-05T02:12:20.820677+00:00,a55a058220e307e0,0x82,0x20,3
2026-08-05T02:12:20.820702+00:00,a55a058220f3f800,0x82,0x20,3
2026-08-05T02:12:20.820727+00:00,a55a058221030000,0x82,0x21,3
2026-08-05T02:12:20.820751+00:00,a55a058221130000,0x82,0x21,3
2026-08-05T02:12:20.820775+00:00,a55a058221230000,0x82,0x21,3
2026-08-05T02:12:20.820798+00:00,a55a058221330000,0x82,0x21,3
2026-08-05T02:12:20.820822+00:00,a55a058221430000,0x82,0x21,3
2026-08-05T02:12:20.820846+00:00,a55a058221530000,0x82,0x21,3
2026-08-05T02:12:20.921104+00:00,a55a058221630000,0x82,0x21,3
2026-08-05T02:12:20.921234+00:00,a55a058221730000,0x82,0x21,3
2026-08-05T02:12:20.921263+00:00,a55a058221830000,0x82,0x21,3
2026-08-05T02:12:20.921288+00:00,a55a058221930000,0x82,0x21,3
2026-08-05T02:12:20.921312+00:00,a55a058221a30000,0x82,0x21,3
2026-08-05T02:12:20.921336+00:00,a55a058221b30000,0x82,0x21,3
2026-08-05T02:12:20.921360+00:00,a55a15821300000000000000000000000000000000000000,0x82,0x13,19
2026-08-05T02:12:21.222654+00:00,a55a03800100,0x80,0x1,1
2026-08-05T02:12:21.222861+00:00,a55a2582100014bc03c5002300080043002b002500000cf600000001000100340001000100010000,0x82,0x10,35
2026-08-05T02:12:21.222896+00:00,a55a3b8211000ce60ceb0cfa0d1b0cfb0cec0ce40d0d0d230cf50ceb0ce90d050ce60cef0cdd000000000000000000000000000000000000000000000000,0x82,0x11,57
2026-08-05T02:12:21.222929+00:00,a55a0582200307e0,0x82,0x20,3
2026-08-05T02:12:21.323169+00:00,a55a0582201307e0,0x82,0x20,3
2026-08-05T02:12:21.323311+00:00,a55a0582202307e0,0x82,0x20,3
2026-08-05T02:12:21.323340+00:00,a55a0582203307e0,0x82,0x20,3
2026-08-05T02:12:21.323365+00:00,a55a0582204307e0,0x82,0x20,3
2026-08-05T02:12:21.323390+00:00,a55a0582205307e0,0x82,0x20,3
2026-08-05T02:12:21.323415+00:00,a55a0582206307e0,0x82,0x20,3
2026-08-05T02:12:21.323440+00:00,a55a0582207307e0,0x82,0x20,3
2026-08-05T02:12:21.323464+00:00,a55a05822083001f,0x82,0x20,3
2026-08-05T02:12:21.323488+00:00,a55a0582209307e0,0x82,0x20,3
2026-08-05T02:12:21.323512+00:00,a55a058220a307e0,0x82,0x20,3
2026-08-05T02:12:21.323536+00:00,a55a058220b307e0,0x82,0x20,3
2026-08-05T02:12:21.323560+00:00,a55a058220c307e0,0x82,0x20,3
2026-08-05T02:12:21.423850+00:00,a55a058220d307e0,0x82,0x20,3
2026-08-05T02:12:21.423988+00:00,a55a058220e307e0,0x82,0x20,3
2026-08-05T02:12:21.424018+00:00,a55a058220f3f800,0x82,0x20,3
2026-08-05T02:12:21.424043+00:00,a55a058221030000,0x82,0x21,3
2026-08-05T02:12:21.424067+00:00,a55a058221130000,0x82,0x21,3
2026-08-05T02:12:21.424092+00:00,a55a058221230000,0x82,0x21,3
2026-08-05T02:12:21.424116+00:00,a55a058221330000,0x82,0x21,3
2026-08-05T02:12:21.424140+00:00,a55a058221430000,0x82,0x21,3
2026-08-05T02:12:21.424164+00:00,a55a058221530000,0x82,0x21,3
2026-08-05T02:12:21.424188+00:00,a55a058221630000,0x82,0x21,3
2026-08-05T02:12:21.424212+00:00,a55a058221730000,0x82,0x21,3
2026-08-05T02:12:21.424236+00:00,a55a058221830000,0x82,0x21,3
2026-08-05T02:12:21.424260+00:00,a55a058221930000,0x82,0x21,3
2026-08-05T02:12:21.524536+00:00,a55a058221a30000,0x82,0x21,3
2026-08-05T02:12:21.524696+00:00,a55a058221b30000,0x82,0x21,3
2026-08-05T02:12:21.524727+00:00,a55a15821300000000000000000000000000000000000000,0x82,0x13,19
2026-08-05T02:12:21.825495+00:00,a55a03800100,0x80,0x1,1
2026-08-05T02:12:21.825661+00:00,a55a2582100014bd03c5002400080043002b002500000cf600000001000100350001000100010000,0x82,0x10,35
2026-08-05T02:12:21.825708+00:00,a55a3b8211000ce70ceb0cf90d1e0cfc0ceb0ce40d0f0d200cf60cee0ce70d050ce60cee0cdf000000000000000000000000000000000000000000000000,0x82,0x11,57
2026-08-05T02:12:21.825739+00:00,a55a0582200307e0,0x82,0x20,3
2026-08-05T02:12:21.825765+00:00,a55a0582201307e0,0x82,0x20,3
2026-08-05T02:12:21.825790+00:00,a55a0582202307e0,0x82,0x20,3
2026-08-05T02:12:21.825815+00:00,a55a0582203307e0,0x82,0x20,3
2026-08-05T02:12:21.825840+00:00,a55a0582204307e0,0x82,0x20,3
2026-08-05T02:12:21.926102+00:00,a55a0582205307e0,0x82,0x20,3
2026-08-05T02:12:21.926236+00:00,a55a0582206307e0,0x82,0x20,3
2026-08-05T02:12:21.926270+00:00,a55a0582207307e0,0x82,0x20,3
2026-08-05T02:12:21.926298+00:00,a55a05822083001f,0x82,0x20,3
2026-08-05T02:12:21.926324+00:00,a55a0582209307e0,0x82,0x20,3
2026-08-05T02:12:21.926350+00:00,a55a058220a307e0,0x82,0x20,3
2026-08-05T02:12:21.926376+00:00,a55a058220b307e0,0x82,0x20,3
2026-08-05T02:12:21.926402+00:00,a55a058220c307e0,0x82,0x20,3
2026-08-05T02:12:21.926427+00:00,a55a058220d307e0,0x82,0x20,3
2026-08-05T02:12:21.926453+00:00,a55a058220e307e0,0x82,0x20,3
2026-08-05T02:12:21.926478+00:00,a55a058220f3f800,0x82,0x20,3
2026-08-05T02:12:21.926504+00:00,a55a058221030000,0x82,0x21,3
2026-08-05T02:12:22.026763+00:00,a55a058221130000,0x82,0x21,3
2026-08-05T02:12:22.026890+00:00,a55a058221230000,0x82,0x21,3
2026-08-05T02:12:22.026921+00:00,a55a058221330000,0x82,0x21,3
2026-08-05T02:12:22.026948+00:00,a55a058221430000,0x82,0x21,3
2026-08-05T02:12:22.026973+00:00,a55a058221530000,0x82,0x21,3
2026-08-05T02:12:22.026999+00:00,a55a058221630000,0x82,0x21,3
2026-08-05T02:12:22.027024+00:00,a55a058221730000,0x82,0x21,3
2026-08-05T02:12:22.027050+00:00,a55a058221830000,0x82,0x21,3
2026-08-05T02:12:22.027075+00:00,a55a058221930000,0x82,0x21,3
2026-08-05T02:12:22.027101+00:00,a55a058221a30000,0x82,0x21,3
2026-08-05T02:12:22.027126+00:00,a55a058221b30000,0x82,0x21,3
2026-08-05T02:12:22.027152+00:00,a55a15821300000000000000000000000000000000000000,0x82,0x13,19
2026-08-05T02:12:22.327916+00:00,a55a03800100,0x80,0x1,1
2026-08-05T02:12:22.428263+00:00,a55a2582100014bd03be002500080044002b002500000cf600000001000100330001000100010000,0x82,0x10,35
2026-08-05T02:12:22.428397+00:00,a55a3b8211000ce60cec0cf90d1a0cfb0cec0ce40d0f0d240cf50cee0ce70d040ce70cee0cdd000000000000000000000000000000000000000000000000,0x82,0x11,57
2026-08-05T02:12:22.428432+00:00,a55a0582200307e0,0x82,0x20,3
2026-08-05T02:12:22.428458+00:00,a55a0582201307e0,0x82,0x20,3
2026-08-05T02:12:22.428484+00:00,a55a0582202307e0,0x82,0x20,3
2026-08-05T02:12:22.428509+00:00,a55a0582203307e0,0x82,0x20,3
2026-08-05T02:12:22.428534+00:00,a55a0582204307e0,0x82,0x20,3
2026-08-05T02:12:22.428558+00:00,a55a0582205307e0,0x82,0x20,3
2026-08-05T02:12:22.428583+00:00,a55a0582206307e0,0x82,0x20,3
2026-08-05T02:12:22.428707+00:00,a55a0582207307e0,0x82,0x20,3
2026-08-05T02:12:22.428746+00:00,a55a05822083001f,0x82,0x20,3
2026-08-05T02:12:22.528993+00:00,a55a0582209307e0,0x82,0x20,3
2026-08-05T02:12:22.529121+00:00,a55a058220a307e0,0x82,0x20,3
2026-08-05T02:12:22.529150+00:00,a55a058220b307e0,0x82,0x20,3
2026-08-05T02:12:22.529175+00:00,a55a058220c307e0,0x82,0x20,3
2026-08-05T02:12:22.529199+00:00,a55a058220d307e0,0x82,0x20,3
2026-08-05T02:12:22.529223+00:00,a55a058220e307e0,0x82,0x20,3
2026-08-05T02:12:22.529248+00:00,a55a058220f3f800,0x82,0x20,3
2026-08-05T02:12:22.529271+00:00,a55a058221030000,0x82,0x21,3
2026-08-05T02:12:22.529295+00:00,a55a058221130000,0x82,0x21,3
2026-08-05T02:12:22.529319+00:00,a55a058221230000,0x82,0x21,3
2026-08-05T02:12:22.529343+00:00,a55a058221330000,0x82,0x21,3
2026-08-05T02:12:22.529367+00:00,a55a058221430000,0x82,0x21,3
2026-08-05T02:12:22.629621+00:00,a55a058221530000,0x82,0x21,3
2026-08-05T02:12:22.629750+00:00,a55a058221630000,0x82,0x21,3
2026-08-05T02:12:22.629779+00:00,a55a058221730000,0x82,0x21,3
2026-08-05T02:12:22.629804+00:00,a55a058221830000,0x82,0x21,3
2026-08-05T02:12:22.629828+00:00,a55a058221930000,0x82,0x21,3
2026-08-05T02:12:22.629852+00:00,a55a058221a30000,0x82,0x21,3
2026-08-05T02:12:22.629876+00:00,a55a058221b30000,0x82,0x21,3
2026-08-05T02:12:22.629899+00:00,a55a15821300000000000000000000000000000000000000,0x82,0x13,19
2026-08-05T02:12:22.930574+00:00,a55a03800100,0x80,0x1,1
2026-08-05T02:12:22.930712+00:00,a55a2582100014bd03c2002600080044002b002500000cf600000001000100340001000100010000,0x82,0x10,35
2026-08-05T02:12:22.930746+00:00,a55a3b8211000ce60ceb0cfa0d1d0cfa0cec0ce50d0e0d230cf60ceb0ce90d040ce60cee0cdf000000000000000000000000000000000000000000000000,0x82,0x11,57
2026-08-05T02:12:22.930776+00:00,a55a0582200307e0,0x82,0x20,3
2026-08-05T02:12:23.031026+00:00,a55a0582201307e0,0x82,0x20,3
2026-08-05T02:12:23.031159+00:00,a55a0582202307e0,0x82,0x20,3
2026-08-05T02:12:23.031189+00:00,a55a0582203307e0,0x82,0x20,3
2026-08-05T02:12:23.031214+00:00,a55a0582204307e0,0x82,0x20,3
2026-08-05T02:12:23.031240+00:00,a55a0582205307e0,0x82,0x20,3
2026-08-05T02:12:23.031264+00:00,a55a0582206307e0,0x82,0x20,3
2026-08-05T02:12:23.031289+00:00,a55a0582207307e0,0x82,0x20,3
2026-08-05T02:12:23.031313+00:00,a55a05822083001f,0x82,0x20,3
2026-08-05T02:12:23.031336+00:00,a55a0582209307e0,0x82,0x20,3
2026-08-05T02:12:23.031361+00:00,a55a058220a307e0,0x82,0x20,3
2026-08-05T02:12:23.031385+00:00,a55a058220b307e0,0x82,0x20,3
2026-08-05T02:12:23.031409+00:00,a55a058220c307e0,0x82,0x20,3
2026-08-05T02:12:23.131696+00:00,a55a058220d307e0,0x82,0x20,3
2026-08-05T02:12:23.131827+00:00,a55a058220e307e0,0x82,0x20,3
2026-08-05T02:12:23.131861+00:00,a55a058220f3f800,0x82,0x20,3
2026-08-05T02:12:23.131888+00:00,a55a058221030000,0x82,0x21,3
2026-08-05T02:12:23.131914+00:00,a55a058221130000,0x82,0x21,3
2026-08-05T02:12:23.131941+00:00,a55a058221230000,0x82,0x21,3
2026-08-05T02:12:23.131966+00:00,a55a058221330000,0x82,0x21,3
2026-08-05T02:12:23.131992+00:00,a55a058221430000,0x82,0x21,3
2026-08-05T02:12:23.132017+00:00,a55a058221530000,0x82,0x21,3
2026-08-05T02:12:23.132042+00:00,a55a058221630000,0x82,0x21,3
2026-08-05T02:12:23.132066+00:00,a55a058221730000,0x82,0x21,3
2026-08-05T02:12:23.132091+00:00,a55a058221830000,0x82,0x21,3
2026-08-05T02:12:23.232377+00:00,a55a058221930000,0x82,0x21,3
2026-08-05T02:12:23.232509+00:00,a55a058221a30000,0x82,0x21,3
2026-08-05T02:12:23.232539+00:00,a55a058221b30000,0x82,0x21,3
2026-08-05T02:12:23.232565+00:00,a55a15821300000000000000000000000000000000000000,0x82,0x13,19
2026-08-05T02:12:23.533242+00:00,a55a03800100,0x80,0x1,1
2026-08-05T02:12:23.533369+00:00,a55a2582100014bd03c2002700080044002b002500000cf600000001000100350001000100010000,0x82,0x10,35
2026-08-05T02:12:23.533401+00:00,a55a3b8211000ce60ceb0cf90d1b0cfb0cec0ce40d0e0d240cf40cec0ce90d030ce60cee0cdf000000000000000000000000000000000000000000000000,0x82,0x11,57
2026-08-05T02:12:23.533433+00:00,a55a0582200307e0,0x82,0x20,3
2026-08-05T02:12:23.533458+00:00,a55a0582201307e0,0x82,0x20,3
2026-08-05T02:12:23.533537+00:00,a55a0582202307e0,0x82,0x20,3
2026-08-05T02:12:23.533564+00:00,a55a0582203307e0,0x82,0x20,3
2026-08-05T02:12:23.533589+00:00,a55a0582204307e0,0x82,0x20,3
2026-08-05T02:12:23.633838+00:00,a55a0582205307e0,0x82,0x20,3
2026-08-05T02:12:23.633966+00:00,a55a0582206307e0,0x82,0x20,3
2026-08-05T02:12:23.633995+00:00,a55a0582207307e0,0x82,0x20,3
2026-08-05T02:12:23.634020+00:00,a55a05822083001f,0x82,0x20,3
2026-08-05T02:12:23.634045+00:00,a55a0582209307e0,0x82,0x20,3
2026-08-05T02:12:23.634069+00:00,a55a058220a307e0,0x82,0x20,3
2026-08-05T02:12:23.634093+00:00,a55a058220b307e0,0x82,0x20,3
2026-08-05T02:12:23.634117+00:00,a55a058220c307e0,0x82,0x20,3
2026-08-05T02:12:23.634141+00:00,a55a058220d307e0,0x82,0x20,3
2026-08-05T02:12:23.634165+00:00,a55a058220e307e0,0x82,0x20,3
2026-08-05T02:12:23.634189+00:00,a55a058220f3f800,0x82,0x20,3
2026-08-05T02:12:23.634212+00:00,a55a058221030000,0x82,0x21,3
2026-08-05T02:12:23.734439+00:00,a55a058221130000,0x82,0x21,3
2026-08-05T02:12:23.734565+00:00,a55a058221230000,0x82,0x21,3
2026-08-05T02:12:23.734593+00:00,a55a058221330000,0x82,0x21,3
2026-08-05T02:12:23.734644+00:00,a55a058221430000,0x82,0x21,3
2026-08-05T02:12:23.734673+00:00,a55a058221530000,0x82,0x21,3
2026-08-05T02:12:23.734698+00:00,a55a058221630000,0x82,0x21,3
2026-08-05T02:12:23.734722+00:00,a55a058221730000,0x82,0x21,3
2026-08-05T02:12:23.734746+00:00,a55a058221830000,0x82,0x21,3
2026-08-05T02:12:23.734771+00:00,a55a058221930000,0x82,0x21,3
2026-08-05T02:12:23.734794+00:00,a55a058221a30000,0x82,0x21,3
2026-08-05T02:12:23.734818+00:00,a55a058221b30000,0x82,0x21,3
2026-08-05T02:12:23.734841+00:00,a55a15821300000000000000000000000000000000000000,0x82,0x13,19
2026-08-05T02:12:24.035559+00:00,a55a03800100,0x80,0x1,1
2026-08-05T02:12:24.135939+00:00,a55a2582100014bc03c8002800080044002b002500000cf600000001000100330001000100010000,0x82,0x10,35
2026-08-05T02:12:24.136071+00:00,a55a3b8211000ce70ceb0cf90d1f0cfb0cec0ce50d0e0d200cf70cee0ce70d040ce60cec0cdf000000000000000000000000000000000000000000000000,0x82,0x11,57
2026-08-05T02:12:24.136110+00:00,a55a0582200307e0,0x82,0x20,3
2026-08-05T02:12:24.136138+00:00,a55a0582201307e0,0x82,0x20,3
2026-08-05T02:12:24.136164+00:00,a55a0582202307e0,0x82,0x20,3
2026-08-05T02:12:24.136190+00:00,a55a0582203307e0,0x82,0x20,3
2026-08-05T02:12:24.136215+00:00,a55a0582204307e0,0x82,0x20,3
2026-08-05T02:12:24.136239+00:00,a55a0582205307e0,0x82,0x20,3
2026-08-05T02:12:24.136264+00:00,a55a0582206307e0,0x82,0x20,3
2026-08-05T02:12:24.136288+00:00,a55a0582207307e0,0x82,0x20,3
2026-08-05T02:12:24.136312+00:00,a55a05822083001f,0x82,0x20,3
2026-08-05T02:12:24.236604+00:00,a55a0582209307e0,0x82,0x20,3
2026-08-05T02:12:24.236763+00:00,a55a058220a307e0,0x82,0x20,3
2026-08-05T02:12:24.236795+00:00,a55a058220b307e0,0x82,0x20,3
2026-08-05T02:12:24.236820+00:00,a55a058220c307e0,0x82,0x20,3
2026-08-05T02:12:24.236846+00:00,a55a058220d307e0,0x82,0x20,3
2026-08-05T02:12:24.236871+00:00,a55a058220e307e0,0x82,0x20,3
2026-08-05T02:12:24.236895+00:00,a55a058220f3f800,0x82,0x20,3
2026-08-05T02:12:24.236919+00:00,a55a058221030000,0x82,0x21,3
2026-08-05T02:12:24.236943+00:00,a55a058221130000,0x82,0x21,3
2026-08-05T02:12:24.236967+00:00,a55a058221230000,0x82,0x21,3
2026-08-05T02:12:24.236991+00:00,a55a058221330000,0x82,0x21,3
2026-08-05T02:12:24.237015+00:00,a55a058221430000,0x82,0x21,3
2026-08-05T02:12:24.337316+00:00,a55a058221530000,0x82,0x21,3
2026-08-05T02:12:24.337442+00:00,a55a058221630000,0x82,0x21,3
2026-08-05T02:12:24.337471+00:00,a55a058221730000,0x82,0x21,3
2026-08-05T02:12:24.337496+00:00,a55a058221830000,0x82,0x21,3
2026-08-05T02:12:24.337521+00:00,a55a058221930000,0x82,0x21,3
2026-08-05T02:12:24.337545+00:00,a55a058221a30000,0x82,0x21,3
2026-08-05T02:12:24.337569+00:00,a55a058221b30000,0x82,0x21,3
2026-08-05T02:12:24.337593+00:00,a55a15821300000000000000000000000000000000000000,0x82,0x13,19
2026-08-05T02:12:24.638319+00:00,a55a03800100,0x80,0x1,1
2026-08-05T02:12:24.638451+00:00,a55a2582100014bd03c2002900080044002b002500000cf600000001000100340001000100010000,0x82,0x10,35
2026-08-05T02:12:24.638534+00:00,a55a3b8211000ce60cec0cfa0d1b0cfc0cec0ce40d100d240cf50cec0ce90d030ce60cef0cdf000000000000000000000000000000000000000000000000,0x82,0x11,57
2026-08-05T02:12:24.638570+00:00,a55a0582200307e0,0x82,0x20,3
2026-08-05T02:12:24.738824+00:00,a55a0582201307e0,0x82,0x20,3
2026-08-05T02:12:24.738962+00:00,a55a0582202307e0,0x82,0x20,3
2026-08-05T02:12:24.738993+00:00,a55a0582203307e0,0x82,0x20,3
2026-08-05T02:12:24.739019+00:00,a55a0582204307e0,0x82,0x20,3
2026-08-05T02:12:24.739045+00:00,a55a0582205307e0,0x82,0x20,3
2026-08-05T02:12:24.739070+00:00,a55a0582206307e0,0x82,0x20,3
2026-08-05T02:12:24.739095+00:00,a55a0582207307e0,0x82,0x20,3
2026-08-05T02:12:24.739120+00:00,a55a05822083001f,0x82,0x20,3
2026-08-05T02:12:24.739144+00:00,a55a0582209307e0,0x82,0x20,3
2026-08-05T02:12:24.739169+00:00,a55a058220a307e0,0x82,0x20,3
2026-08-05T02:12:24.739193+00:00,a55a058220b307e0,0x82,0x20,3
2026-08-05T02:12:24.739218+00:00,a55a058220c307e0,0x82,0x20,3
2026-08-05T02:12:24.839448+00:00,a55a058220d307e0,0x82,0x20,3
2026-08-05T02:12:24.839581+00:00,a55a058220e307e0,0x82,0x20,3
2026-08-05T02:12:24.839631+00:00,a55a058220f3f800,0x82,0x20,3
2026-08-05T02:12:24.839671+00:00,a55a058221030000,0x82,0x21,3
2026-08-05T02:12:24.839698+00:00,a55a058221130000,0x82,0x21,3
2026-08-05T02:12:24.839724+00:00,a55a058221230000,0x82,0x21,3
2026-08-05T02:12:24.839749+00:00,a55a058221330000,0x82,0x21,3
2026-08-05T02:12:24.839773+00:00,a55a058221430000,0x82,0x21,3
2026-08-05T02:12:24.839797+00:00,a55a058221530000,0x82,0x21,3
2026-08-05T02:12:24.839821+00:00,a55a058221630000,0x82,0x21,3
2026-08-05T02:12:24.839845+00:00,a55a058221730000,0x82,0x21,3
2026-08-05T02:12:24.839868+00:00,a55a058221830000,0x82,0x21,3
2026-08-05T02:12:24.940126+00:00,a55a058221930000,0x82,0x21,3
2026-08-05T02:12:24.940258+00:00,a55a058221a30000,0x82,0x21,3
2026-08-05T02:12:24.940288+00:00,a55a058221b30000,0x82,0x21,3
2026-08-05T02:12:24.940314+00:00,a55a15821300000000000000000000000000000000000000,0x82,0x13,19
2026-08-05T02:12:25.241019+00:00,a55a03800100,0x80,0x1,1
2026-08-05T02:12:25.241157+00:00,a55a2582100014bd03c2001f00080044002b002500000cf600000001000100350001000100010000,0x82,0x10,35
2026-08-05T02:12:25.241196+00:00,a55a3b8211000ce70ceb0cfa0d1d0cfb0cee0ce50d0d0d230cf60cec0ce70d040ce60cec0cdf000000000000000000000000000000000000000000000000,0x82,0x11,57
2026-08-05T02:12:25.241230+00:00,a55a0582200307e0,0x82,0x20,3
2026-08-05T02:12:25.241257+00:00,a55a0582201307e0,0x82,0x20,3
2026-08-05T02:12:25.241283+00:00,a55a0582202307e0,0x82,0x20,3
2026-08-05T02:12:25.241309+00:00,a55a0582203307e0,0x82,0x20,3
2026-08-05T02:12:25.241334+00:00,a55a0582204307e0,0x82,0x20,3
2026-08-05T02:12:25.341558+00:00,a55a0582205307e0,0x82,0x20,3
2026-08-05T02:12:25.341703+00:00,a55a0582206307e0,0x82,0x20,3
2026-08-05T02:12:25.341735+00:00,a55a0582207307e0,0x82,0x20,3
2026-08-05T02:12:25.341760+00:00,a55a05822083001f,0x82,0x20,3
2026-08-05T02:12:25.341785+00:00,a55a0582209307e0,0x82,0x20,3
2026-08-05T02:12:25.341809+00:00,a55a058220a307e0,0x82,0x20,3
2026-08-05T02:12:25.341833+00:00,a55a058220b307e0,0x82,0x20,3
2026-08-05T02:12:25.341857+00:00,a55a058220c307e0,0x82,0x20,3
2026-08-05T02:12:25.341882+00:00,a55a058220d307e0,0x82,0x20,3
2026-08-05T02:12:25.341906+00:00,a55a058220e307e0,0x82,0x20,3
2026-08-05T02:12:25.341930+00:00,a55a058220f3f800,0x82,0x20,3
2026-08-05T02:12:25.341953+00:00,a55a058221030000,0x82,0x21,3
2026-08-05T02:12:25.442164+00:00,a55a058221130000,0x82,0x21,3
2026-08-05T02:12:25.442290+00:00,a55a058221230000,0x82,0x21,3
2026-08-05T02:12:25.442320+00:00,a55a058221330000,0x82,0x21,3
2026-08-05T02:12:25.442345+00:00,a55a058221430000,0x82,0x21,3
2026-08-05T02:12:25.442369+00:00,a55a058221530000,0x82,0x21,3
2026-08-05T02:12:25.442393+00:00,a55a058221630000,0x82,0x21,3
2026-08-05T02:12:25.442417+00:00,a55a058221730000,0x82,0x21,3
2026-08-05T02:12:25.442441+00:00,a55a058221830000,0x82,0x21,3
2026-08-05T02:12:25.442465+00:00,a55a058221930000,0x82,0x21,3
2026-08-05T02:12:25.442538+00:00,a55a058221a30000,0x82,0x21,3
2026-08-05T02:12:25.442566+00:00,a55a058221b30000,0x82,0x21,3
2026-08-05T02:12:25.442590+00:00,a55a15821300000000000000000000000000000000000000,0x82,0x13,19
2026-08-05T02:12:25.843460+00:00,a55a03800100,0x80,0x1,1
2026-08-05T02:12:25.843588+00:00,a55a2582100014bd03c5002000080044002b002500000cf600000001000100330001000100010000,0x82,0x10,35
2026-08-05T02:12:25.843640+00:00,a55a3b8211000ce70cec0cf90d1d0cfc0cec0ce40d0f0d240cf50cec0ce90d030ce50cef0cdf000000000000000000000000000000000000000000000000,0x82,0x11,57
2026-08-05T02:12:25.843674+00:00,a55a0582200307e0,0x82,0x20,3
2026-08-05T02:12:25.843699+00:00,a55a0582201307e0,0x82,0x20,3
2026-08-05T02:12:25.843724+00:00,a55a0582202307e0,0x82,0x20,3
2026-08-05T02:12:25.843749+00:00,a55a0582203307e0,0x82,0x20,3
2026-08-05T02:12:25.843773+00:00,a55a0582204307e0,0x82,0x20,3
2026-08-05T02:12:25.843797+00:00,a55a0582205307e0,0x82,0x20,3
2026-08-05T02:12:25.843821+00:00,a55a0582206307e0,0x82,0x20,3
2026-08-05T02:12:25.843845+00:00,a55a0582207307e0,0x82,0x20,3
2026-08-05T02:12:25.843870+00:00,a55a05822083001f,0x82,0x20,3
2026-08-05T02:12:25.944080+00:00,a55a0582209307e0,0x82,0x20,3
2026-08-05T02:12:25.944201+00:00,a55a058220a307e0,0x82,0x20,3
2026-08-05T02:12:25.944231+00:00,a55a058220b307e0,0x82,0x20,3
2026-08-05T02:12:25.944256+00:00,a55a058220c307e0,0x82,0x20,3
2026-08-05T02:12:25.944281+00:00,a55a058220d307e0,0x82,0x20,3
2026-08-05T02:12:25.944306+00:00,a55a058220e307e0,0x82,0x20,3
2026-08-05T02:12:25.944330+00:00,a55a058220f3f800,0x82,0x20,3
2026-08-05T02:12:25.944354+00:00,a55a058221030000,0x82,0x21,3
2026-08-05T02:12:25.944378+00:00,a55a058221130000,0x82,0x21,3
2026-08-05T02:12:25.944402+00:00,a55a058221230000,0x82,0x21,3
2026-08-05T02:12:25.944426+00:00,a55a058221330000,0x82,0x21,3
2026-08-05T02:12:25.944450+00:00,a55a058221430000,0x82,0x21,3
2026-08-05T02:12:26.044780+00:00,a55a058221530000,0x82,0x21,3
2026-08-05T02:12:26.044965+00:00,a55a058221630000,0x82,0x21,3
2026-08-05T02:12:26.044995+00:00,a55a058221730000,0x82,0x21,3
2026-08-05T02:12:26.045021+00:00,a55a058221830000,0x82,0x21,3
2026-08-05T02:12:26.045046+00:00,a55a058221930000,0x82,0x21,3
2026-08-05T02:12:26.045070+00:00,a55a058221a30000,0x82,0x21,3
2026-08-05T02:12:26.045095+00:00,a55a058221b30000,0x82,0x21,3
2026-08-05T02:12:26.045119+00:00,a55a15821300000000000000000000000000000000000000,0x82,0x13,19
2026-08-05T02:12:26.346016+00:00,a55a03800100,0x80,0x1,1
2026-08-05T02:12:26.346154+00:00,a55a2582100014bd03c2002100080044002b002500000cf600000001000100340001000100010000,0x82,0x10,35
2026-08-05T02:12:26.346188+00:00,a55a3b8211000ce70ceb0cf90d1e0cfb0ceb0ce50d0f0d200cf60cec0ce90d040ce70cee0cdf000000000000000000000000000000000000000000000000,0x82,0x11,57
2026-08-05T02:12:26.346219+00:00,a55a0582200307e0,0x82,0x20,3
2026-08-05T02:12:26.446467+00:00,a55a0582201307e0,0x82,0x20,3
2026-08-05T02:12:26.446624+00:00,a55a0582202307e0,0x82,0x20,3
2026-08-05T02:12:26.446661+00:00,a55a0582203307e0,0x82,0x20,3
2026-08-05T02:12:26.446687+00:00,a55a0582204307e0,0x82,0x20,3
2026-08-05T02:12:26.446712+00:00,a55a0582205307e0,0x82,0x20,3
2026-08-05T02:12:26.446736+00:00,a55a0582206307e0,0x82,0x20,3
2026-08-05T02:12:26.446761+00:00,a55a0582207307e0,0x82,0x20,3
2026-08-05T02:12:26.446785+00:00,a55a05822083001f,0x82,0x20,3
2026-08-05T02:12:26.446809+00:00,a55a0582209307e0,0x82,0x20,3
2026-08-05T02:12:26.446833+00:00,a55a058220a307e0,0x82,0x20,3
2026-08-05T02:12:26.446857+00:00,a55a058220b307e0,0x82,0x20,3
2026-08-05T02:12:26.446881+00:00,a55a058220c307e0,0x82,0x20,3
2026-08-05T02:12:26.547149+00:00,a55a058220d307e0,0x82,0x20,3
2026-08-05T02:12:26.547297+00:00,a55a058220e307e0,0x82,0x20,3
2026-08-05T02:12:26.547326+00:00,a55a058220f3f800,0x82,0x20,3
2026-08-05T02:12:26.547351+00:00,a55a058221030000,0x82,0x21,3
2026-08-05T02:12:26.547376+00:00,a55a058221130000,0x82,0x21,3
2026-08-05T02:12:26.547400+00:00,a55a058221230000,0x82,0x21,3
2026-08-05T02:12:26.547424+00:00,a55a058221330000,0x82,0x21,3
2026-08-05T02:12:26.547447+00:00,a55a058221430000,0x82,0x21,3
2026-08-05T02:12:26.547526+00:00,a55a058221530000,0x82,0x21,3
2026-08-05T02:12:26.547552+00:00,a55a058221630000,0x82,0x21,3
2026-08-05T02:12:26.547576+00:00,a55a058221730000,0x82,0x21,3
2026-08-05T02:12:26.547600+00:00,a55a058221830000,0x82,0x21,3
2026-08-05T02:12:26.647935+00:00,a55a058221930000,0x82,0x21,3
2026-08-05T02:12:26.648079+00:00,a55a058221a30000,0x82,0x21,3
2026-08-05T02:12:26.648109+00:00,a55a058221b30000,0x82,0x21,3
2026-08-05T02:12:26.648133+00:00,a55a15821300000000000000000000000000000000000000,0x82,0x13,19
2026-08-05T02:12:26.948895+00:00,a55a03800100,0x80,0x1,1
2026-08-05T02:12:26.949024+00:00,a55a2582100014bd03c2002200080044002b002500000cf600000001000100350001000100010000,0x82,0x10,35
2026-08-05T02:12:26.949060+00:00,a55a3b8211000ce60cec0cf70d1a0cfc0cec0ce40d0f0d240cf50cec0ce90d050ce60cee0cdf000000000000000000000000000000000000000000000000,0x82,0x11,57
2026-08-05T02:12:26.949091+00:00,a55a0582200307e0,0x82,0x20,3
2026-08-05T02:12:26.949117+00:00,a55a0582201307e0,0x82,0x20,3
2026-08-05T02:12:26.949143+00:00,a55a0582202307e0,0x82,0x20,3
2026-08-05T02:12:26.949167+00:00,a55a0582203307e0,0x82,0x20,3
2026-08-05T02:12:26.949192+00:00,a55a0582204307e0,0x82,0x20,3
2026-08-05T02:12:27.049453+00:00,a55a0582205307e0,0x82,0x20,3
2026-08-05T02:12:27.049589+00:00,a55a0582206307e0,0x82,0x20,3
2026-08-05T02:12:27.049634+00:00,a55a0582207307e0,0x82,0x20,3
2026-08-05T02:12:27.049662+00:00,a55a05822083001f,0x82,0x20,3
2026-08-05T02:12:27.049687+00:00,a55a0582209307e0,0x82,0x20,3
2026-08-05T02:12:27.049712+00:00,a55a058220a307e0,0x82,0x20,3
2026-08-05T02:12:27.049737+00:00,a55a058220b307e0,0x82,0x20,3
2026-08-05T02:12:27.049762+00:00,a55a058220c307e0,0x82,0x20,3
2026-08-05T02:12:27.049786+00:00,a55a058220d307e0,0x82,0x20,3
2026-08-05T02:12:27.049810+00:00,a55a058220e307e0,0x82,0x20,3
2026-08-05T02:12:27.049834+00:00,a55a058220f3f800,0x82,0x20,3
2026-08-05T02:12:27.049858+00:00,a55a058221030000,0x82,0x21,3
2026-08-05T02:12:27.150135+00:00,a55a058221130000,0x82,0x21,3
2026-08-05T02:12:27.150266+00:00,a55a058221230000,0x82,0x21,3
2026-08-05T02:12:27.150300+00:00,a55a058221330000,0x82,0x21,3
2026-08-05T02:12:27.150327+00:00,a55a058221430000,0x82,0x21,3
2026-08-05T02:12:27.150353+00:00,a55a058221530000,0x82,0x21,3
2026-08-05T02:12:27.150379+00:00,a55a058221630000,0x82,0x21,3
2026-08-05T02:12:27.150404+00:00,a55a058221730000,0x82,0x21,3
2026-08-05T02:12:27.150429+00:00,a55a058221830000,0x82,0x21,3
2026-08-05T02:12:27.150454+00:00,a55a058221930000,0x82,0x21,3
2026-08-05T02:12:27.150478+00:00,a55a058221a30000,0x82,0x21,3
2026-08-05T02:12:27.150503+00:00,a55a058221b30000,0x82,0x21,3
2026-08-05T02:12:27.150527+00:00,a55a15821300000000000000000000000000000000000000,0x82,0x13,19
2026-08-05T02:12:27.451303+00:00,a55a03800100,0x80,0x1,1
2026-08-05T02:12:27.551660+00:00,a55a2582100014bd03c2002300080043002b002500000cf600000001000100330001000100010000,0x82,0x10,35
2026-08-05T02:12:27.551795+00:00,a55a3b8211000ce60ceb0cfa0d1b0cfb0cee0ce50d0e0d250cf60cec0ce90d050ce60cee0cdf000000000000000000000000000000000000000000000000,0x82,0x11,57
2026-08-05T02:12:27.551830+00:00,a55a0582200307e0,0x82,0x20,3
2026-08-05T02:12:27.551856+00:00,a55a0582201307e0,0x82,0x20,3
2026-08-05T02:12:27.551881+00:00,a55a0582202307e0,0x82,0x20,3
2026-08-05T02:12:27.551906+00:00,a55a0582203307e0,0x82,0x20,3
2026-08-05T02:12:27.551930+00:00,a55a0582204307e0,0x82,0x20,3
2026-08-05T02:12:27.551954+00:00,a55a0582205307e0,0x82,0x20,3
2026-08-05T02:12:27.551978+00:00,a55a0582206307e0,0x82,0x20,3
2026-08-05T02:12:27.552002+00:00,a55a0582207307e0,0x82,0x20,3
2026-08-05T02:12:27.552025+00:00,a55a05822083001f,0x82,0x20,3
2026-08-05T02:12:27.652257+00:00,a55a0582209307e0,0x82,0x20,3
2026-08-05T02:12:27.652397+00:00,a55a058220a307e0,0x82,0x20,3
2026-08-05T02:12:27.652429+00:00,a55a058220b307e0,0x82,0x20,3
2026-08-05T02:12:27.652454+00:00,a55a058220c307e0,0x82,0x20,3
2026-08-05T02:12:27.652478+00:00,a55a058220d307e0,0x82,0x20,3
2026-08-05T02:12:27.652503+00:00,a55a058220e307e0,0x82,0x20,3
2026-08-05T02:12:27.652576+00:00,a55a058220f3f800,0x82,0x20,3
2026-08-05T02:12:27.652603+00:00,a55a058221030000,0x82,0x21,3
2026-08-05T02:12:27.652648+00:00,a55a058221130000,0x82,0x21,3
2026-08-05T02:12:27.652674+00:00,a55a058221230000,0x82,0x21,3
2026-08-05T02:12:27.652698+00:00,a55a058221330000,0x82,0x21,3
2026-08-05T02:12:27.652722+00:00,a55a058221430000,0x82,0x21,3
2026-08-05T02:12:27.753006+00:00,a55a058221530000,0x82,0x21,3
2026-08-05T02:12:27.753142+00:00,a55a058221630000,0x82,0x21,3
2026-08-05T02:12:27.753171+00:00,a55a058221730000,0x82,0x21,3
2026-08-05T02:12:27.753196+00:00,a55a058221830000,0x82,0x21,3
2026-08-05T02:12:27.753220+00:00,a55a058221930000,0x82,0x21,3
2026-08-05T02:12:27.753244+00:00,a55a058221a30000,0x82,0x21,3
2026-08-05T02:12:27.753268+00:00,a55a058221b30000,0x82,0x21,3
2026-08-05T02:12:27.753292+00:00,a55a15821300000000000000000000000000000000000000,0x82,0x13,19
2026-08-05T02:12:28.053998+00:00,a55a03800100,0x80,0x1,1
2026-08-05T02:12:28.054134+00:00,a55a2582100014bd03c8002400080043002b002500000cf600000001000100340001000100010000,0x82,0x10,35
2026-08-05T02:12:28.054166+00:00,a55a3b8211000ce60cec0cf90d1e0cfc0ceb0ce40d0f0d200cf50cee0ce90d030ce60cef0cdf000000000000000000000000000000000000000000000000,0x82,0x11,57
2026-08-05T02:12:28.054197+00:00,a55a0582200307e0,0x82,0x20,3
2026-08-05T02:12:28.154493+00:00,a55a0582201307e0,0x82,0x20,3
2026-08-05T02:12:28.154646+00:00,a55a0582202307e0,0x82,0x20,3
2026-08-05T02:12:28.154688+00:00,a55a0582203307e0,0x82,0x20,3
2026-08-05T02:12:28.154715+00:00,a55a0582204307e0,0x82,0x20,3
2026-08-05T02:12:28.154741+00:00,a55a0582205307e0,0x82,0x20,3
2026-08-05T02:12:28.154766+00:00,a55a0582206307e0,0x82,0x20,3
2026-08-05T02:12:28.154791+00:00,a55a0582207307e0,0x82,0x20,3
2026-08-05T02:12:28.154815+00:00,a55a05822083001f,0x82,0x20,3
2026-08-05T02:12:28.154840+00:00,a55a0582209307e0,0x82,0x20,3
2026-08-05T02:12:28.154877+00:00,a55a058220a307e0,0x82,0x20,3
2026-08-05T02:12:28.154902+00:00,a55a058220b307e0,0x82,0x20,3
2026-08-05T02:12:28.154927+00:00,a55a058220c307e0,0x82,0x20,3
2026-08-05T02:12:28.255162+00:00,a55a058220d307e0,0x82,0x20,3
2026-08-05T02:12:28.255294+00:00,a55a058220e307e0,0x82,0x20,3
2026-08-05T02:12:28.255324+00:00,a55a058220f3f800,0x82,0x20,3
2026-08-05T02:12:28.255349+00:00,a55a058221030000,0x82,0x21,3
2026-08-05T02:12:28.255374+00:00,a55a058221130000,0x82,0x21,3
2026-08-05T02:12:28.255399+00:00,a55a058221230000,0x82,0x21,3
2026-08-05T02:12:28.255423+00:00,a55a058221330000,0x82,0x21,3
2026-08-05T02:12:28.255448+00:00,a55a058221430000,0x82,0x21,3
2026-08-05T02:12:28.255471+00:00,a55a058221530000,0x82,0x21,3
2026-08-05T02:12:28.255495+00:00,a55a058221630000,0x82,0x21,3
2026-08-05T02:12:28.255519+00:00,a55a058221730000,0x82,0x21,3
2026-08-05T02:12:28.255543+00:00,a55a058221830000,0x82,0x21,3
2026-08-05T02:12:28.355801+00:00,a55a058221930000,0x82,0x21,3
2026-08-05T02:12:28.355932+00:00,a55a058221a30000,0x82,0x21,3
2026-08-05T02:12:28.355961+00:00,a55a058221b30000,0x82,0x21,3
2026-08-05T02:12:28.355986+00:00,a55a15821300000000000000000000000000000000000000,0x82,0x13,19
2026-08-05T02:12:28.656675+00:00,a55a03800100,0x80,0x1,1
2026-08-05T02:12:28.656809+00:00,a55a2582100014bd03c8002500080043002b002500000cf600000001000100350001000100010000,0x82,0x10,35
2026-08-05T02:12:28.656842+00:00,a55a3b8211000ce60cec0cfa0d1b0cfc0cec0ce40d100d200cf50cec0ce70d040ce60cec0cdd000000000000000000000000000000000000000000000000,0x82,0x11,57
2026-08-05T02:12:28.656873+00:00,a55a0582200307e0,0x82,0x20,3
2026-08-05T02:12:28.656898+00:00,a55a0582201307e0,0x82,0x20,3
2026-08-05T02:12:28.656923+00:00,a55a0582202307e0,0x82,0x20,3
2026-08-05T02:12:28.656947+00:00,a55a0582203307e0,0x82,0x20,3
2026-08-05T02:12:28.757175+00:00,a55a0582204307e0,0x82,0x20,3
2026-08-05T02:12:28.757305+00:00,a55a0582205307e0,0x82,0x20,3
2026-08-05T02:12:28.757334+00:00,a55a0582206307e0,0x82,0x20,3
2026-08-05T02:12:28.757360+00:00,a55a0582207307e0,0x82,0x20,3
2026-08-05T02:12:28.757384+00:00,a55a05822083001f,0x82,0x20,3
2026-08-05T02:12:28.757408+00:00,a55a0582209307e0,0x82,0x20,3
2026-08-05T02:12:28.757480+00:00,a55a058220a307e0,0x82,0x20,3
2026-08-05T02:12:28.757506+00:00,a55a058220b307e0,0x82,0x20,3
2026-08-05T02:12:28.757530+00:00,a55a058220c307e0,0x82,0x20,3
2026-08-05T02:12:28.757554+00:00,a55a058220d307e0,0x82,0x20,3
2026-08-05T02:12:28.757577+00:00,a55a058220e307e0,0x82,0x20,3
2026-08-05T02:12:28.757601+00:00,a55a058220f3f800,0x82,0x20,3
2026-08-05T02:12:28.757665+00:00,a55a058221030000,0x82,0x21,3
2026-08-05T02:12:28.857906+00:00,a55a058221130000,0x82,0x21,3
2026-08-05T02:12:28.858043+00:00,a55a058221230000,0x82,0x21,3
2026-08-05T02:12:28.858072+00:00,a55a058221330000,0x82,0x21,3
2026-08-05T02:12:28.858096+00:00,a55a058221430000,0x82,0x21,3
2026-08-05T02:12:28.858121+00:00,a55a058221530000,0x82,0x21,3
2026-08-05T02:12:28.858145+00:00,a55a058221630000,0x82,0x21,3
2026-08-05T02:12:28.858169+00:00,a55a058221730000,0x82,0x21,3
2026-08-05T02:12:28.858193+00:00,a55a058221830000,0x82,0x21,3
2026-08-05T02:12:28.858216+00:00,a55a058221930000,0x82,0x21,3
2026-08-05T02:12:28.858240+00:00,a55a058221a30000,0x82,0x21,3
2026-08-05T02:12:28.858263+00:00,a55a058221b30000,0x82,0x21,3
2026-08-05T02:12:28.858287+00:00,a55a15821300000000000000000000000000000000000000,0x82,0x13,19
2026-08-05T02:12:29.259256+00:00,a55a03800100,0x80,0x1,1
2026-08-05T02:12:29.259388+00:00,a55a2582100014bd03c5002600080043002b002500000cf600000001000100330001000100010000,0x82,0x10,35
2026-08-05T02:12:29.259421+00:00,a55a3b8211000ce70cec0cfa0d1e0cfb0cec0ce50d0e0d240cf60ceb0ce90d050ce60cee0cdf000000000000000000000000000000000000000000000000,0x82,0x11,57
2026-08-05T02:12:29.259452+00:00,a55a0582200307e0,0x82,0x20,3
2026-08-05T02:12:29.259478+00:00,a55a0582201307e0,0x82,0x20,3
2026-08-05T02:12:29.259503+00:00,a55a0582202307e0,0x82,0x20,3
2026-08-05T02:12:29.259527+00:00,a55a0582203307e0,0x82,0x20,3
2026-08-05T02:12:29.259552+00:00,a55a0582204307e0,0x82,0x20,3
2026-08-05T02:12:29.259576+00:00,a55a0582205307e0,0x82,0x20,3
2026-08-05T02:12:29.259600+00:00,a55a0582206307e0,0x82,0x20,3
2026-08-05T02:12:29.259641+00:00,a55a0582207307e0,0x82,0x20,3
2026-08-05T02:12:29.359892+00:00,a55a05822083001f,0x82,0x20,3
2026-08-05T02:12:29.360042+00:00,a55a0582209307e0,0x82,0x20,3
2026-08-05T02:12:29.360079+00:00,a55a058220a307e0,0x82,0x20,3
2026-08-05T02:12:29.360106+00:00,a55a058220b307e0,0x82,0x20,3
2026-08-05T02:12:29.360132+00:00,a55a058220c307e0,0x82,0x20,3
2026-08-05T02:12:29.360157+00:00,a55a058220d307e0,0x82,0x20,3
2026-08-05T02:12:29.360183+00:00,a55a058220e307e0,0x82,0x20,3
2026-08-05T02:12:29.360208+00:00,a55a058220f3f800,0x82,0x20,3
2026-08-05T02:12:29.360233+00:00,a55a058221030000,0x82,0x21,3
2026-08-05T02:12:29.360258+00:00,a55a058221130000,0x82,0x21,3
2026-08-05T02:12:29.360282+00:00,a55a058221230000,0x82,0x21,3
2026-08-05T02:12:29.360307+00:00,a55a058221330000,0x82,0x21,3
2026-08-05T02:12:29.360331+00:00,a55a058221430000,0x82,0x21,3
2026-08-05T02:12:29.460712+00:00,a55a058221530000,0x82,0x21,3
2026-08-05T02:12:29.460856+00:00,a55a058221630000,0x82,0x21,3
2026-08-05T02:12:29.460886+00:00,a55a058221730000,0x82,0x21,3
2026-08-05T02:12:29.460913+00:00,a55a058221830000,0x82,0x21,3
2026-08-05T02:12:29.460938+00:00,a55a058221930000,0x82,0x21,3
2026-08-05T02:12:29.460962+00:00,a55a058221a30000,0x82,0x21,3
2026-08-05T02:12:29.460987+00:00,a55a058221b30000,0x82,0x21,3
2026-08-05T02:12:29.461010+00:00,a55a15821300000000000000000000000000000000000000,0x82,0x13,19
2026-08-05T02:12:29.761752+00:00,a55a03800100,0x80,0x1,1
2026-08-05T02:12:29.761883+00:00,a55a2582100014bd03c5002700080043002b002500000cf600000001000100340001000100010000,0x82,0x10,35
2026-08-05T02:12:29.761919+00:00,a55a3b8211000ce60ceb0cfa0d1a0cfa0cec0ce40d0e0d240cf50cee0ce90d030ce60cef0cdf000000000000000000000000000000000000000000000000,0x82,0x11,57
2026-08-05T02:12:29.862178+00:00,a55a0582200307e0,0x82,0x20,3
2026-08-05T02:12:29.862321+00:00,a55a0582201307e0,0x82,0x20,3
2026-08-05T02:12:29.862355+00:00,a55a0582202307e0,0x82,0x20,3
2026-08-05T02:12:29.862382+00:00,a55a0582203307e0,0x82,0x20,3
2026-08-05T02:12:29.862407+00:00,a55a0582204307e0,0x82,0x20,3
2026-08-05T02:12:29.862489+00:00,a55a0582205307e0,0x82,0x20,3
2026-08-05T02:12:29.862526+00:00,a55a0582206307e0,0x82,0x20,3
2026-08-05T02:12:29.862551+00:00,a55a0582207307e0,0x82,0x20,3
2026-08-05T02:12:29.862577+00:00,a55a05822083001f,0x82,0x20,3
2026-08-05T02:12:29.862601+00:00,a55a0582209307e0,0x82,0x20,3
2026-08-05T02:12:29.862665+00:00,a55a058220a307e0,0x82,0x20,3
2026-08-05T02:12:29.862697+00:00,a55a058220b307e0,0x82,0x20,3
2026-08-05T02:12:29.962923+00:00,a55a058220c307e0,0x82,0x20,3
2026-08-05T02:12:29.963053+00:00,a55a058220d307e0,0x82,0x20,3
2026-08-05T02:12:29.963083+00:00,a55a058220e307e0,0x82,0x20,3
2026-08-05T02:12:29.963109+00:00,a55a058220f3f800,0x82,0x20,3
2026-08-05T02:12:29.963134+00:00,a55a058221030000,0x82,0x21,3
2026-08-05T02:12:29.963158+00:00,a55a058221130000,0x82,0x21,3
2026-08-05T02:12:29.963183+00:00,a55a058221230000,0x82,0x21,3
2026-08-05T02:12:29.963207+00:00,a55a058221330000,0x82,0x21,3
2026-08-05T02:12:29.963231+00:00,a55a058221430000,0x82,0x21,3
2026-08-05T02:12:29.963254+00:00,a55a058221530000,0x82,0x21,3
2026-08-05T02:12:29.963278+00:00,a55a058221630000,0x82,0x21,3
2026-08-05T02:12:29.963302+00:00,a55a058221730000,0x82,0x21,3
2026-08-05T02:12:29.963326+00:00,a55a058221830000,0x82,0x21,3
2026-08-05T02:12:30.063586+00:00,a55a058221930000,0x82,0x21,3
2026-08-05T02:12:30.063736+00:00,a55a058221a30000,0x82,0x21,3
2026-08-05T02:12:30.063768+00:00,a55a058221b30000,0x82,0x21,3
2026-08-05T02:12:30.063794+00:00,a55a15821300000000000000000000000000000000000000,0x82,0x13,19
2026-08-05T02:12:30.364469+00:00,a55a03800100,0x80,0x1,1
2026-08-05T02:12:30.364598+00:00,a55a2582100014bd03c5002800080043002b002500000cf600000001000100350001000100010000,0x82,0x10,35
2026-08-05T02:12:30.364652+00:00,a55a3b8211000ce70cec0cf70d1d0cfb0ceb0ce50d100d1f0cf50cee0ce90d040ce60cee0cdf000000000000000000000000000000000000000000000000,0x82,0x11,57
2026-08-05T02:12:30.364685+00:00,a55a0582200307e0,0x82,0x20,3
2026-08-05T02:12:30.364710+00:00,a55a0582201307e0,0x82,0x20,3
2026-08-05T02:12:30.364735+00:00,a55a0582202307e0,0x82,0x20,3
2026-08-05T02:12:30.364760+00:00,a55a0582203307e0,0x82,0x20,3
2026-08-05T02:12:30.464971+00:00,a55a0582204307e0,0x82,0x20,3
2026-08-05T02:12:30.465094+00:00,a55a0582205307e0,0x82,0x20,3
2026-08-05T02:12:30.465123+00:00,a55a0582206307e0,0x82,0x20,3
2026-08-05T02:12:30.465148+00:00,a55a0582207307e0,0x82,0x20,3
2026-08-05T02:12:30.465173+00:00,a55a05822083001f,0x82,0x20,3
2026-08-05T02:12:30.465198+00:00,a55a0582209307e0,0x82,0x20,3
2026-08-05T02:12:30.465222+00:00,a55a058220a307e0,0x82,0x20,3
2026-08-05T02:12:30.465246+00:00,a55a058220b307e0,0x82,0x20,3
2026-08-05T02:12:30.465270+00:00,a55a058220c307e0,0x82,0x20,3
2026-08-05T02:12:30.465294+00:00,a55a058220d307e0,0x82,0x20,3
2026-08-05T02:12:30.465318+00:00,a55a058220e307e0,0x82,0x20,3
2026-08-05T02:12:30.465341+00:00,a55a058220f3f800,0x82,0x20,3
2026-08-05T02:12:30.465365+00:00,a55a058221030000,0x82,0x21,3
2026-08-05T02:12:30.565579+00:00,a55a058221130000,0x82,0x21,3
2026-08-05T02:12:30.565715+00:00,a55a058221230000,0x82,0x21,3
2026-08-05T02:12:30.565745+00:00,a55a058221330000,0x82,0x21,3
2026-08-05T02:12:30.565770+00:00,a55a058221430000,0x82,0x21,3
2026-08-05T02:12:30.565795+00:00,a55a058221530000,0x82,0x21,3
2026-08-05T02:12:30.565819+00:00,a55a058221630000,0x82,0x21,3
2026-08-05T02:12:30.565843+00:00,a55a058221730000,0x82,0x21,3
2026-08-05T02:12:30.565867+00:00,a55a058221830000,0x82,0x21,3
2026-08-05T02:12:30.565891+00:00,a55a058221930000,0x82,0x21,3
2026-08-05T02:12:30.565914+00:00,a55a058221a30000,0x82,0x21,3
2026-08-05T02:12:30.565938+00:00,a55a058221b30000,0x82,0x21,3
2026-08-05T02:12:30.565962+00:00,a55a15821300000000000000000000000000000000000000,0x82,0x13,19
2026-08-05T02:12:30.966926+00:00,a55a03800100,0x80,0x1,1
2026-08-05T02:12:30.967102+00:00,a55a2582100014bd03c5002900080043002b002500000cf600000001000100330001000100010000,0x82,0x10,35
2026-08-05T02:12:30.967143+00:00,a55a3b8211000ce60cec0cf90d1a0cfe0cec0ce40d100d230cf40cec0ce90d030ce70cee0cdf000000000000000000000000000000000000000000000000,0x82,0x11,57
2026-08-05T02:12:30.967243+00:00,a55a0582200307e0,0x82,0x20,3
2026-08-05T02:12:30.967276+00:00,a55a0582201307e0,0x82,0x20,3
2026-08-05T02:12:30.967302+00:00,a55a0582202307e0,0x82,0x20,3
2026-08-05T02:12:30.967327+00:00,a55a0582203307e0,0x82,0x20,3
2026-08-05T02:12:30.967352+00:00,a55a0582204307e0,0x82,0x20,3
2026-08-05T02:12:30.967377+00:00,a55a0582205307e0,0x82,0x20,3
2026-08-05T02:12:30.967401+00:00,a55a0582206307e0,0x82,0x20,3
2026-08-05T02:12:30.967426+00:00,a55a0582207307e0,0x82,0x20,3
2026-08-05T02:12:31.067846+00:00,a55a05822083001f,0x82,0x20,3
2026-08-05T02:12:31.067991+00:00,a55a0582209307e0,0x82,0x20,3
2026-08-05T02:12:31.068022+00:00,a55a058220a307e0,0x82,0x20,3
2026-08-05T02:12:31.068048+00:00,a55a058220b307e0,0x82,0x20,3
2026-08-05T02:12:31.068073+00:00,a55a058220c307e0,0x82,0x20,3
2026-08-05T02:12:31.068098+00:00,a55a058220d307e0,0x82,0x20,3
2026-08-05T02:12:31.068122+00:00,a55a058220e307e0,0x82,0x20,3
2026-08-05T02:12:31.068146+00:00,a55a058220f3f800,0x82,0x20,3
2026-08-05T02:12:31.068170+00:00,a55a058221030000,0x82,0x21,3
2026-08-05T02:12:31.068195+00:00,a55a058221130000,0x82,0x21,3
2026-08-05T02:12:31.068218+00:00,a55a058221230000,0x82,0x21,3
2026-08-05T02:12:31.068242+00:00,a55a058221330000,0x82,0x21,3
2026-08-05T02:12:31.068266+00:00,a55a058221430000,0x82,0x21,3
2026-08-05T02:12:31.168559+00:00,a55a058221530000,0x82,0x21,3
2026-08-05T02:12:31.168703+00:00,a55a058221630000,0x82,0x21,3
2026-08-05T02:12:31.168736+00:00,a55a058221730000,0x82,0x21,3
2026-08-05T02:12:31.168763+00:00,a55a058221830000,0x82,0x21,3
2026-08-05T02:12:31.168788+00:00,a55a058221930000,0x82,0x21,3
2026-08-05T02:12:31.168813+00:00,a55a058221a30000,0x82,0x21,3
2026-08-05T02:12:31.168837+00:00,a55a058221b30000,0x82,0x21,3
2026-08-05T02:12:31.168861+00:00,a55a15821300000000000000000000000000000000000000,0x82,0x13,19
2026-08-05T02:12:31.469524+00:00,a55a03800100,0x80,0x1,1
2026-08-05T02:12:31.469671+00:00,a55a2582100014bd03c5001f00080043002b002500000cf600000001000100340001000100010000,0x82,0x10,35
2026-08-05T02:12:31.469707+00:00,a55a3b8211000ce70ceb0cfa0d1e0cfb0cec0ce50d0d0d230cf60ceb0ce70d060ce60cee0cdf000000000000000000000000000000000000000000000000,0x82,0x11,57
2026-08-05T02:12:31.570097+00:00,a55a0582200307e0,0x82,0x20,3
2026-08-05T02:12:31.570351+00:00,a55a0582201307e0,0x82,0x20,3
2026-08-05T02:12:31.570391+00:00,a55a0582202307e0,0x82,0x20,3
2026-08-05T02:12:31.570417+00:00,a55a0582203307e0,0x82,0x20,3
2026-08-05T02:12:31.570443+00:00,a55a0582204307e0,0x82,0x20,3
2026-08-05T02:12:31.570469+00:00,a55a0582205307e0,0x82,0x20,3
2026-08-05T02:12:31.570495+00:00,a55a0582206307e0,0x82,0x20,3
2026-08-05T02:12:31.570559+00:00,a55a0582207307e0,0x82,0x20,3
2026-08-05T02:12:31.570589+00:00,a55a05822083001f,0x82,0x20,3
2026-08-05T02:12:31.570644+00:00,a55a0582209307e0,0x82,0x20,3
2026-08-05T02:12:31.570704+00:00,a55a058220a307e0,0x82,0x20,3
2026-08-05T02:12:31.570736+00:00,a55a058220b307e0,0x82,0x20,3
2026-08-05T02:12:31.671063+00:00,a55a058220c307e0,0x82,0x20,3
2026-08-05T02:12:31.671287+00:00,a55a058220d307e0,0x82,0x20,3
2026-08-05T02:12:31.671375+00:00,a55a058220e307e0,0x82,0x20,3
2026-08-05T02:12:31.671450+00:00,a55a058220f3f800,0x82,0x20,3
2026-08-05T02:12:31.671523+00:00,a55a058221030000,0x82,0x21,3
2026-08-05T02:12:31.671590+00:00,a55a058221130000,0x82,0x21,3
2026-08-05T02:12:31.671706+00:00,a55a058221230000,0x82,0x21,3
2026-08-05T02:12:31.671779+00:00,a55a058221330000,0x82,0x21,3
2026-08-05T02:12:31.671845+00:00,a55a058221430000,0x82,0x21,3
2026-08-05T02:12:31.671909+00:00,a55a058221530000,0x82,0x21,3
2026-08-05T02:12:31.671970+00:00,a55a058221630000,0x82,0x21,3
2026-08-05T02:12:31.672031+00:00,a55a058221730000,0x82,0x21,3
2026-08-05T02:12:31.772451+00:00,a55a058221830000,0x82,0x21,3
2026-08-05T02:12:31.772735+00:00,a55a058221930000,0x82,0x21,3
2026-08-05T02:12:31.772833+00:00,a55a058221a30000,0x82,0x21,3
2026-08-05T02:12:31.772915+00:00,a55a058221b30000,0x82,0x21,3
2026-08-05T02:12:31.772991+00:00,a55a15821300000000000000000000000000000000000000,0x82,0x13,19
2026-08-05T02:12:32.073874+00:00,a55a03800100,0x80,0x1,1
2026-08-05T02:12:32.074000+00:00,a55a2582100014bd03c2002000080043002b002500000cf600000001000100350001000100010000,0x82,0x10,35
2026-08-05T02:12:32.074034+00:00,a55a3b8211000ce70cec0cf90d190cfc0cec0ce40d100d240cf50cee0ce90d030ce70cef0cdf000000000000000000000000000000000000000000000000,0x82,0x11,57
2026-08-05T02:12:32.074066+00:00,a55a0582200307e0,0x82,0x20,3
2026-08-05T02:12:32.074091+00:00,a55a0582201307e0,0x82,0x20,3
2026-08-05T02:12:32.074115+00:00,a55a0582202307e0,0x82,0x20,3
2026-08-05T02:12:32.074140+00:00,a55a0582203307e0,0x82,0x20,3
2026-08-05T02:12:32.174406+00:00,a55a0582204307e0,0x82,0x20,3
2026-08-05T02:12:32.174539+00:00,a55a0582205307e0,0x82,0x20,3
2026-08-05T02:12:32.174569+00:00,a55a0582206307e0,0x82,0x20,3
2026-08-05T02:12:32.174595+00:00,a55a0582207307e0,0x82,0x20,3
2026-08-05T02:12:32.174640+00:00,a55a05822083001f,0x82,0x20,3
2026-08-05T02:12:32.174668+00:00,a55a0582209307e0,0x82,0x20,3
2026-08-05T02:12:32.174694+00:00,a55a058220a307e0,0x82,0x20,3
2026-08-05T02:12:32.174718+00:00,a55a058220b307e0,0x82,0x20,3
2026-08-05T02:12:32.174743+00:00,a55a058220c307e0,0x82,0x20,3
2026-08-05T02:12:32.174767+00:00,a55a058220d307e0,0x82,0x20,3
2026-08-05T02:12:32.174791+00:00,a55a058220e307e0,0x82,0x20,3
2026-08-05T02:12:32.174815+00:00,a55a058220f3f800,0x82,0x20,3
2026-08-05T02:12:32.275045+00:00,a55a058221030000,0x82,0x21,3
2026-08-05T02:12:32.275176+00:00,a55a058221130000,0x82,0x21,3
2026-08-05T02:12:32.275205+00:00,a55a058221230000,0x82,0x21,3
2026-08-05T02:12:32.275230+00:00,a55a058221330000,0x82,0x21,3
2026-08-05T02:12:32.275254+00:00,a55a058221430000,0x82,0x21,3
2026-08-05T02:12:32.275278+00:00,a55a058221530000,0x82,0x21,3
2026-08-05T02:12:32.275302+00:00,a55a058221630000,0x82,0x21,3
2026-08-05T02:12:32.275326+00:00,a55a058221730000,0x82,0x21,3
2026-08-05T02:12:32.275351+00:00,a55a058221830000,0x82,0x21,3
2026-08-05T02:12:32.275375+00:00,a55a058221930000,0x82,0x21,3
2026-08-05T02:12:32.275399+00:00,a55a058221a30000,0x82,0x21,3
2026-08-05T02:12:32.275422+00:00,a55a058221b30000,0x82,0x21,3
2026-08-05T02:12:32.275446+00:00,a55a15821300000000000000000000000000000000000000,0x82,0x13,19
2026-08-05T02:12:32.676369+00:00,a55a03800100,0x80,0x1,1
2026-08-05T02:12:32.676504+00:00,a55a2582100014bd03c5002100080040002b002500000cf600000001000100330001000100010000,0x82,0x10,35
2026-08-05T02:12:32.676537+00:00,a55a3b8211000ce70ceb0cf90d1d0cfb0cec0ce50d0e0d1f0cf60cee0ce90d050ce70cee0cdf000000000000000000000000000000000000000000000000,0x82,0x11,57
2026-08-05T02:12:32.676568+00:00,a55a0582200307e0,0x82,0x20,3
2026-08-05T02:12:32.676593+00:00,a55a0582201307e0,0x82,0x20,3
2026-08-05T02:12:32.676638+00:00,a55a0582202307e0,0x82,0x20,3
2026-08-05T02:12:32.676665+00:00,a55a0582203307e0,0x82,0x20,3
2026-08-05T02:12:32.676689+00:00,a55a0582204307e0,0x82,0x20,3
2026-08-05T02:12:32.676714+00:00,a55a0582205307e0,0x82,0x20,3
2026-08-05T02:12:32.676738+00:00,a55a0582206307e0,0x82,0x20,3
2026-08-05T02:12:32.676761+00:00,a55a0582207307e0,0x82,0x20,3
2026-08-05T02:12:32.777008+00:00,a55a05822083001f,0x82,0x20,3
2026-08-05T02:12:32.777140+00:00,a55a0582209307e0,0x82,0x20,3
2026-08-05T02:12:32.777169+00:00,a55a058220a307e0,0x82,0x20,3
2026-08-05T02:12:32.777194+00:00,a55a058220b307e0,0x82,0x20,3
2026-08-05T02:12:32.777219+00:00,a55a058220c307e0,0x82,0x20,3
2026-08-05T02:12:32.777243+00:00,a55a058220d307e0,0x82,0x20,3
2026-08-05T02:12:32.777267+00:00,a55a058220e307e0,0x82,0x20,3
2026-08-05T02:12:32.777291+00:00,a55a058220f3f800,0x82,0x20,3
2026-08-05T02:12:32.777315+00:00,a55a058221030000,0x82,0x21,3
2026-08-05T02:12:32.777339+00:00,a55a058221130000,0x82,0x21,3
2026-08-05T02:12:32.777363+00:00,a55a058221230000,0x82,0x21,3
2026-08-05T02:12:32.777387+00:00,a55a058221330000,0x82,0x21,3
2026-08-05T02:12:32.877669+00:00,a55a058221430000,0x82,0x21,3
2026-08-05T02:12:32.877806+00:00,a55a058221530000,0x82,0x21,3
2026-08-05T02:12:32.877837+00:00,a55a058221630000,0x82,0x21,3
2026-08-05T02:12:32.877863+00:00,a55a058221730000,0x82,0x21,3
2026-08-05T02:12:32.877940+00:00,a55a058221830000,0x82,0x21,3
2026-08-05T02:12:32.877968+00:00,a55a058221930000,0x82,0x21,3
2026-08-05T02:12:32.877993+00:00,a55a058221a30000,0x82,0x21,3
2026-08-05T02:12:32.878017+00:00,a55a058221b30000,0x82,0x21,3
2026-08-05T02:12:32.878041+00:00,a55a15821300000000000000000000000000000000000000,0x82,0x13,19
2026-08-05T02:12:33.178777+00:00,a55a03800100,0x80,0x1,1
2026-08-05T02:12:33.178903+00:00,a55a2582100014bd03c5002200080040002b002500000cf600000001000100340001000100010000,0x82,0x10,35
2026-08-05T02:12:33.178935+00:00,a55a3b8211000ce60cec0cf90d1b0cfc0cec0ce40d100d230cf50cee0cea0d050ce70cef0cdf000000000000000000000000000000000000000000000000,0x82,0x11,57
2026-08-05T02:12:33.279181+00:00,a55a0582200307e0,0x82,0x20,3
2026-08-05T02:12:33.279311+00:00,a55a0582201307e0,0x82,0x20,3
2026-08-05T02:12:33.279340+00:00,a55a0582202307e0,0x82,0x20,3
2026-08-05T02:12:33.279366+00:00,a55a0582203307e0,0x82,0x20,3
2026-08-05T02:12:33.279403+00:00,a55a0582204307e0,0x82,0x20,3
2026-08-05T02:12:33.279429+00:00,a55a0582205307e0,0x82,0x20,3
2026-08-05T02:12:33.279454+00:00,a55a0582206307e0,0x82,0x20,3
2026-08-05T02:12:33.279478+00:00,a55a0582207307e0,0x82,0x20,3
2026-08-05T02:12:33.279503+00:00,a55a05822083001f,0x82,0x20,3
2026-08-05T02:12:33.279528+00:00,a55a0582209307e0,0x82,0x20,3
2026-08-05T02:12:33.279552+00:00,a55a058220a307e0,0x82,0x20,3
2026-08-05T02:12:33.279576+00:00,a55a058220b307e0,0x82,0x20,3
2026-08-05T02:12:33.379806+00:00,a55a058220c307e0,0x82,0x20,3
2026-08-05T02:12:33.379922+00:00,a55a058220d307e0,0x82,0x20,3
2026-08-05T02:12:33.379953+00:00,a55a058220e307e0,0x82,0x20,3
2026-08-05T02:12:33.379978+00:00,a55a058220f3f800,0x82,0x20,3
2026-08-05T02:12:33.380002+00:00,a55a058221030000,0x82,0x21,3
2026-08-05T02:12:33.380026+00:00,a55a058221130000,0x82,0x21,3
2026-08-05T02:12:33.380050+00:00,a55a058221230000,0x82,0x21,3
2026-08-05T02:12:33.380074+00:00,a55a058221330000,0x82,0x21,3
2026-08-05T02:12:33.380098+00:00,a55a058221430000,0x82,0x21,3
2026-08-05T02:12:33.380121+00:00,a55a058221530000,0x82,0x21,3
2026-08-05T02:12:33.380145+00:00,a55a058221630000,0x82,0x21,3
2026-08-05T02:12:33.380169+00:00,a55a058221730000,0x82,0x21,3
2026-08-05T02:12:33.380192+00:00,a55a058221830000,0x82,0x21,3
2026-08-05T02:12:33.480437+00:00,a55a058221930000,0x82,0x21,3
2026-08-05T02:12:33.480565+00:00,a55a058221a30000,0x82,0x21,3
2026-08-05T02:12:33.480593+00:00,a55a058221b30000,0x82,0x21,3
2026-08-05T02:12:33.480673+00:00,a55a15821300000000000000000000000000000000000000,0x82,0x13,19
2026-08-05T02:12:33.781371+00:00,a55a03800100,0x80,0x1,1
2026-08-05T02:12:33.781504+00:00,a55a2582100014bd03c5002300080040002b002500000cf600000001000100350001000100010000,0x82,0x10,35
2026-08-05T02:12:33.781537+00:00,a55a3b8211000ce60ceb0cfa0d1d0cfb0cec0ce50d0e0d240cf60cec0ce90d040ce60cee0cdf000000000000000000000000000000000000000000000000,0x82,0x11,57
2026-08-05T02:12:33.781568+00:00,a55a0582200307e0,0x82,0x20,3
2026-08-05T02:12:33.781594+00:00,a55a0582201307e0,0x82,0x20,3
2026-08-05T02:12:33.781638+00:00,a55a0582202307e0,0x82,0x20,3
2026-08-05T02:12:33.781665+00:00,a55a0582203307e0,0x82,0x20,3
2026-08-05T02:12:33.881900+00:00,a55a0582204307e0,0x82,0x20,3
2026-08-05T02:12:33.882029+00:00,a55a0582205307e0,0x82,0x20,3
2026-08-05T02:12:33.882058+00:00,a55a0582206307e0,0x82,0x20,3
2026-08-05T02:12:33.882082+00:00,a55a0582207307e0,0x82,0x20,3
2026-08-05T02:12:33.882107+00:00,a55a05822083001f,0x82,0x20,3
2026-08-05T02:12:33.882131+00:00,a55a0582209307e0,0x82,0x20,3
2026-08-05T02:12:33.882155+00:00,a55a058220a307e0,0x82,0x20,3
2026-08-05T02:12:33.882179+00:00,a55a058220b307e0,0x82,0x20,3
2026-08-05T02:12:33.882203+00:00,a55a058220c307e0,0x82,0x20,3
2026-08-05T02:12:33.882226+00:00,a55a058220d307e0,0x82,0x20,3
2026-08-05T02:12:33.882250+00:00,a55a058220e307e0,0x82,0x20,3
2026-08-05T02:12:33.882274+00:00,a55a058220f3f800,0x82,0x20,3
2026-08-05T02:12:33.982512+00:00,a55a058221030000,0x82,0x21,3
2026-08-05T02:12:33.982660+00:00,a55a058221130000,0x82,0x21,3
2026-08-05T02:12:33.982753+00:00,a55a058221230000,0x82,0x21,3
2026-08-05T02:12:33.982781+00:00,a55a058221330000,0x82,0x21,3
2026-08-05T02:12:33.982806+00:00,a55a058221430000,0x82,0x21,3
2026-08-05T02:12:33.982830+00:00,a55a058221530000,0x82,0x21,3
2026-08-05T02:12:33.982854+00:00,a55a058221630000,0x82,0x21,3
2026-08-05T02:12:33.982878+00:00,a55a058221730000,0x82,0x21,3
2026-08-05T02:12:33.982902+00:00,a55a058221830000,0x82,0x21,3
2026-08-05T02:12:33.982925+00:00,a55a058221930000,0x82,0x21,3
2026-08-05T02:12:33.982949+00:00,a55a058221a30000,0x82,0x21,3
2026-08-05T02:12:33.982972+00:00,a55a058221b30000,0x82,0x21,3
2026-08-05T02:12:34.083227+00:00,a55a15821300000000000000000000000000000000000000,0x82,0x13,19
2026-08-05T02:12:34.384062+00:00,a55a03800100,0x80,0x1,1
2026-08-05T02:12:34.384188+00:00,a55a2582100014be03c8002400080040002b002500000cf700000001000100330001000100010000,0x82,0x10,35
2026-08-05T02:12:34.384225+00:00,a55a3b8211000ce70ceb0cf90d1f0cfc0cec0ce50d100d200cf50cec0ce90d030ce60cef0cdf000000000000000000000000000000000000000000000000,0x82,0x11,57
2026-08-05T02:12:34.384258+00:00,a55a0582200307e0,0x82,0x20,3
2026-08-05T02:12:34.384287+00:00,a55a0582201307e0,0x82,0x20,3
2026-08-05T02:12:34.384313+00:00,a55a0582202307e0,0x82,0x20,3
2026-08-05T02:12:34.384338+00:00,a55a0582203307e0,0x82,0x20,3
2026-08-05T02:12:34.384365+00:00,a55a0582204307e0,0x82,0x20,3
2026-08-05T02:12:34.384390+00:00,a55a0582205307e0,0x82,0x20,3
2026-08-05T02:12:34.384413+00:00,a55a0582206307e0,0x82,0x20,3
2026-08-05T02:12:34.384437+00:00,a55a0582207307e0,0x82,0x20,3
2026-08-05T02:12:34.484686+00:00,a55a05822083001f,0x82,0x20,3
2026-08-05T02:12:34.484823+00:00,a55a0582209307e0,0x82,0x20,3
2026-08-05T02:12:34.484853+00:00,a55a058220a307e0,0x82,0x20,3
2026-08-05T02:12:34.484878+00:00,a55a058220b307e0,0x82,0x20,3
2026-08-05T02:12:34.484903+00:00,a55a058220c307e0,0x82,0x20,3
2026-08-05T02:12:34.484927+00:00,a55a058220d307e0,0x82,0x20,3
2026-08-05T02:12:34.484952+00:00,a55a058220e307e0,0x82,0x20,3
2026-08-05T02:12:34.484976+00:00,a55a058220f3f800,0x82,0x20,3
2026-08-05T02:12:34.485000+00:00,a55a058221030000,0x82,0x21,3
2026-08-05T02:12:34.485024+00:00,a55a058221130000,0x82,0x21,3
2026-08-05T02:12:34.485048+00:00,a55a058221230000,0x82,0x21,3
2026-08-05T02:12:34.485072+00:00,a55a058221330000,0x82,0x21,3
2026-08-05T02:12:34.585369+00:00,a55a058221430000,0x82,0x21,3
2026-08-05T02:12:34.585507+00:00,a55a058221530000,0x82,0x21,3
2026-08-05T02:12:34.585535+00:00,a55a058221630000,0x82,0x21,3
2026-08-05T02:12:34.585560+00:00,a55a058221730000,0x82,0x21,3
2026-08-05T02:12:34.585584+00:00,a55a058221830000,0x82,0x21,3
2026-08-05T02:12:34.585631+00:00,a55a058221930000,0x82,0x21,3
2026-08-05T02:12:34.585670+00:00,a55a058221a30000,0x82,0x21,3
2026-08-05T02:12:34.585695+00:00,a55a058221b30000,0x82,0x21,3
2026-08-05T02:12:34.585720+00:00,a55a15821300000000000000000000000000000000000000,0x82,0x13,19
2026-08-05T02:12:34.886436+00:00,a55a03800100,0x80,0x1,1
2026-08-05T02:12:34.886568+00:00,a55a2582100014bd03c8002500080040002b002500000cf600000001000100340001000100010000,0x82,0x10,35
2026-08-05T02:12:34.886608+00:00,a55a3b8211000ce60cec0cf90d1b0cfc0ceb0ce50d120d200cf50cee0ce70d040ce70cee0cdf000000000000000000000000000000000000000000000000,0x82,0x11,57
2026-08-05T02:12:34.986861+00:00,a55a0582200307e0,0x82,0x20,3
2026-08-05T02:12:34.986987+00:00,a55a0582201307e0,0x82,0x20,3
2026-08-05T02:12:34.987019+00:00,a55a0582202307e0,0x82,0x20,3
2026-08-05T02:12:34.987046+00:00,a55a0582203307e0,0x82,0x20,3
2026-08-05T02:12:34.987072+00:00,a55a0582204307e0,0x82,0x20,3
2026-08-05T02:12:34.987098+00:00,a55a0582205307e0,0x82,0x20,3
2026-08-05T02:12:34.987124+00:00,a55a0582206307e0,0x82,0x20,3
2026-08-05T02:12:34.987149+00:00,a55a0582207307e0,0x82,0x20,3
2026-08-05T02:12:34.987175+00:00,a55a05822083001f,0x82,0x20,3
2026-08-05T02:12:34.987200+00:00,a55a0582209307e0,0x82,0x20,3
2026-08-05T02:12:34.987225+00:00,a55a058220a307e0,0x82,0x20,3
2026-08-05T02:12:34.987251+00:00,a55a058220b307e0,0x82,0x20,3
2026-08-05T02:12:35.087526+00:00,a55a058220c307e0,0x82,0x20,3
2026-08-05T02:12:35.087715+00:00,a55a058220d307e0,0x82,0x20,3
2026-08-05T02:12:35.087759+00:00,a55a058220e307e0,0x82,0x20,3
2026-08-05T02:12:35.087786+00:00,a55a058220f3f800,0x82,0x20,3
2026-08-05T02:12:35.087812+00:00,a55a058221030000,0x82,0x21,3
2026-08-05T02:12:35.087836+00:00,a55a058221130000,0x82,0x21,3
2026-08-05T02:12:35.087861+00:00,a55a058221230000,0x82,0x21,3
2026-08-05T02:12:35.087886+00:00,a55a058221330000,0x82,0x21,3
2026-08-05T02:12:35.087910+00:00,a55a058221430000,0x82,0x21,3
2026-08-05T02:12:35.087934+00:00,a55a058221530000,0x82,0x21,3
2026-08-05T02:12:35.087960+00:00,a55a058221630000,0x82,0x21,3
2026-08-05T02:12:35.087985+00:00,a55a058221730000,0x82,0x21,3
2026-08-05T02:12:35.188254+00:00,a55a058221830000,0x82,0x21,3
2026-08-05T02:12:35.188383+00:00,a55a058221930000,0x82,0x21,3
2026-08-05T02:12:35.188416+00:00,a55a058221a30000,0x82,0x21,3
2026-08-05T02:12:35.188443+00:00,a55a058221b30000,0x82,0x21,3
2026-08-05T02:12:35.188470+00:00,a55a15821300000000000000000000000000000000000000,0x82,0x13,19
2026-08-05T02:12:35.489133+00:00,a55a03800100,0x80,0x1,1
2026-08-05T02:12:35.489265+00:00,a55a2582100014bd03c5002600080040002b002500000cf600000001000100350001000100010000,0x82,0x10,35
2026-08-05T02:12:35.489300+00:00,a55a3b8211000ce70cec0cf70d1b0cfe0cee0ce50d0e0d240cf50cec0ce90d040ce60cee0cdf000000000000000000000000000000000000000000000000,0x82,0x11,57
2026-08-05T02:12:35.489333+00:00,a55a0582200307e0,0x82,0x20,3
2026-08-05T02:12:35.489360+00:00,a55a0582201307e0,0x82,0x20,3
2026-08-05T02:12:35.489387+00:00,a55a0582202307e0,0x82,0x20,3
2026-08-05T02:12:35.489413+00:00,a55a0582203307e0,0x82,0x20,3
2026-08-05T02:12:35.589629+00:00,a55a0582204307e0,0x82,0x20,3
2026-08-05T02:12:35.589757+00:00,a55a0582205307e0,0x82,0x20,3
2026-08-05T02:12:35.589787+00:00,a55a0582206307e0,0x82,0x20,3
2026-08-05T02:12:35.589814+00:00,a55a0582207307e0,0x82,0x20,3
2026-08-05T02:12:35.589841+00:00,a55a05822083001f,0x82,0x20,3
2026-08-05T02:12:35.589866+00:00,a55a0582209307e0,0x82,0x20,3
2026-08-05T02:12:35.589892+00:00,a55a058220a307e0,0x82,0x20,3
2026-08-05T02:12:35.589918+00:00,a55a058220b307e0,0x82,0x20,3
2026-08-05T02:12:35.589943+00:00,a55a058220c307e0,0x82,0x20,3
2026-08-05T02:12:35.589969+00:00,a55a058220d307e0,0x82,0x20,3
2026-08-05T02:12:35.589994+00:00,a55a058220e307e0,0x82,0x20,3
2026-08-05T02:12:35.590019+00:00,a55a058220f3f800,0x82,0x20,3
2026-08-05T02:12:35.690236+00:00,a55a058221030000,0x82,0x21,3
2026-08-05T02:12:35.690359+00:00,a55a058221130000,0x82,0x21,3
2026-08-05T02:12:35.690388+00:00,a55a058221230000,0x82,0x21,3
2026-08-05T02:12:35.690413+00:00,a55a058221330000,0x82,0x21,3
2026-08-05T02:12:35.690438+00:00,a55a058221430000,0x82,0x21,3
2026-08-05T02:12:35.690462+00:00,a55a058221530000,0x82,0x21,3
2026-08-05T02:12:35.690487+00:00,a55a058221630000,0x82,0x21,3
2026-08-05T02:12:35.690510+00:00,a55a058221730000,0x82,0x21,3
2026-08-05T02:12:35.690534+00:00,a55a058221830000,0x82,0x21,3
2026-08-05T02:12:35.690558+00:00,a55a058221930000,0x82,0x21,3
2026-08-05T02:12:35.690582+00:00,a55a058221a30000,0x82,0x21,3
2026-08-05T02:12:35.690606+00:00,a55a058221b30000,0x82,0x21,3
2026-08-05T02:12:35.790868+00:00,a55a15821300000000000000000000000000000000000000,0x82,0x13,19
2026-08-05T02:12:36.091960+00:00,a55a03800100,0x80,0x1,1
2026-08-05T02:12:36.092352+00:00,a55a2582100014bd03c2002700080040002b002500000cf600000001000100330001000100010000,0x82,0x10,35
2026-08-05T02:12:36.092486+00:00,a55a3b8211000ce60ceb0cfa0d1b0cfa0cec0ce50d0e0d230cf50cee0ce90d030ce70cef0cdf000000000000000000000000000000000000000000000000,0x82,0x11,57
2026-08-05T02:12:36.092528+00:00,a55a0582200307e0,0x82,0x20,3
2026-08-05T02:12:36.092556+00:00,a55a0582201307e0,0x82,0x20,3
2026-08-05T02:12:36.092587+00:00,a55a0582202307e0,0x82,0x20,3
2026-08-05T02:12:36.092672+00:00,a55a0582203307e0,0x82,0x20,3
2026-08-05T02:12:36.092781+00:00,a55a0582204307e0,0x82,0x20,3
2026-08-05T02:12:36.092821+00:00,a55a0582205307e0,0x82,0x20,3
2026-08-05T02:12:36.092848+00:00,a55a0582206307e0,0x82,0x20,3
2026-08-05T02:12:36.093053+00:00,a55a0582207307e0,0x82,0x20,3
2026-08-05T02:12:36.193367+00:00,a55a05822083001f,0x82,0x20,3
2026-08-05T02:12:36.193504+00:00,a55a0582209307e0,0x82,0x20,3
2026-08-05T02:12:36.193535+00:00,a55a058220a307e0,0x82,0x20,3
2026-08-05T02:12:36.193561+00:00,a55a058220b307e0,0x82,0x20,3
2026-08-05T02:12:36.193587+00:00,a55a058220c307e0,0x82,0x20,3
2026-08-05T02:12:36.193622+00:00,a55a058220d307e0,0x82,0x20,3
2026-08-05T02:12:36.193655+00:00,a55a058220e307e0,0x82,0x20,3
2026-08-05T02:12:36.193680+00:00,a55a058220f3f800,0x82,0x20,3
2026-08-05T02:12:36.193705+00:00,a55a058221030000,0x82,0x21,3
2026-08-05T02:12:36.193729+00:00,a55a058221130000,0x82,0x21,3
2026-08-05T02:12:36.193753+00:00,a55a058221230000,0x82,0x21,3
2026-08-05T02:12:36.193777+00:00,a55a058221330000,0x82,0x21,3
2026-08-05T02:12:36.294055+00:00,a55a058221430000,0x82,0x21,3
2026-08-05T02:12:36.294202+00:00,a55a058221530000,0x82,0x21,3
2026-08-05T02:12:36.294232+00:00,a55a058221630000,0x82,0x21,3
2026-08-05T02:12:36.294257+00:00,a55a058221730000,0x82,0x21,3
2026-08-05T02:12:36.294282+00:00,a55a058221830000,0x82,0x21,3
2026-08-05T02:12:36.294306+00:00,a55a058221930000,0x82,0x21,3
2026-08-05T02:12:36.294331+00:00,a55a058221a30000,0x82,0x21,3
2026-08-05T02:12:36.294355+00:00,a55a058221b30000,0x82,0x21,3
2026-08-05T02:12:36.294379+00:00,a55a15821300000000000000000000000000000000000000,0x82,0x13,19
2026-08-05T02:12:36.595091+00:00,a55a03800100,0x80,0x1,1
2026-08-05T02:12:36.595230+00:00,a55a2582100014bd03c2002800080040002b002500000cf600000001000100340001000100010000,0x82,0x10,35
2026-08-05T02:12:36.595263+00:00,a55a3b8211000ce70cec0cf90d1f0cfc0cec0ce50d0f0d200cf60cec0ce70d040ce70cee0cdf000000000000000000000000000000000000000000000000,0x82,0x11,57
2026-08-05T02:12:36.695594+00:00,a55a0582200307e0,0x82,0x20,3
2026-08-05T02:12:36.695788+00:00,a55a0582201307e0,0x82,0x20,3
2026-08-05T02:12:36.695848+00:00,a55a0582202307e0,0x82,0x20,3
2026-08-05T02:12:36.695898+00:00,a55a0582203307e0,0x82,0x20,3
2026-08-05T02:12:36.695948+00:00,a55a0582204307e0,0x82,0x20,3
2026-08-05T02:12:36.695997+00:00,a55a0582205307e0,0x82,0x20,3
2026-08-05T02:12:36.696044+00:00,a55a0582206307e0,0x82,0x20,3
2026-08-05T02:12:36.696091+00:00,a55a0582207307e0,0x82,0x20,3
2026-08-05T02:12:36.696138+00:00,a55a05822083001f,0x82,0x20,3
2026-08-05T02:12:36.696185+00:00,a55a0582209307e0,0x82,0x20,3
2026-08-05T02:12:36.696232+00:00,a55a058220a307e0,0x82,0x20,3
2026-08-05T02:12:36.696278+00:00,a55a058220b307e0,0x82,0x20,3
2026-08-05T02:12:36.796549+00:00,a55a058220c307e0,0x82,0x20,3
2026-08-05T02:12:36.796710+00:00,a55a058220d307e0,0x82,0x20,3
2026-08-05T02:12:36.796748+00:00,a55a058220e307e0,0x82,0x20,3
2026-08-05T02:12:36.796780+00:00,a55a058220f3f800,0x82,0x20,3
2026-08-05T02:12:36.796811+00:00,a55a058221030000,0x82,0x21,3
2026-08-05T02:12:36.796842+00:00,a55a058221130000,0x82,0x21,3
2026-08-05T02:12:36.796872+00:00,a55a058221230000,0x82,0x21,3
2026-08-05T02:12:36.796903+00:00,a55a058221330000,0x82,0x21,3
2026-08-05T02:12:36.796933+00:00,a55a058221430000,0x82,0x21,3
2026-08-05T02:12:36.796963+00:00,a55a058221530000,0x82,0x21,3
2026-08-05T02:12:36.796993+00:00,a55a058221630000,0x82,0x21,3
2026-08-05T02:12:36.797023+00:00,a55a058221730000,0x82,0x21,3
2026-08-05T02:12:36.797053+00:00,a55a058221830000,0x82,0x21,3
2026-08-05T02:12:36.897390+00:00,a55a058221930000,0x82,0x21,3
2026-08-05T02:12:36.897542+00:00,a55a058221a30000,0x82,0x21,3
2026-08-05T02:12:36.897574+00:00,a55a058221b30000,0x82,0x21,3
2026-08-05T02:12:36.897600+00:00,a55a15821300000000000000000000000000000000000000,0x82,0x13,19
2026-08-05T02:12:37.198383+00:00,a55a03800100,0x80,0x1,1
2026-08-05T02:12:37.198521+00:00,a55a2582100014bd03c5002900080040002b002500000cf700000001000100350001000100010000,0x82,0x10,35
2026-08-05T02:12:37.198560+00:00,a55a3b8211000ce60cec0cfa0d1b0cfc0cec0ce40d0f0d240cf50cec0ce70d030ce70cee0cdf000000000000000000000000000000000000000000000000,0x82,0x11,57
2026-08-05T02:12:37.198591+00:00,a55a0582200307e0,0x82,0x20,3
2026-08-05T02:12:37.198651+00:00,a55a0582201307e0,0x82,0x20,3
2026-08-05T02:12:37.198736+00:00,a55a0582202307e0,0x82,0x20,3
2026-08-05T02:12:37.198768+00:00,a55a0582203307e0,0x82,0x20,3
2026-08-05T02:12:37.299008+00:00,a55a0582204307e0,0x82,0x20,3
2026-08-05T02:12:37.299140+00:00,a55a0582205307e0,0x82,0x20,3
2026-08-05T02:12:37.299169+00:00,a55a0582206307e0,0x82,0x20,3
2026-08-05T02:12:37.299195+00:00,a55a0582207307e0,0x82,0x20,3
2026-08-05T02:12:37.299220+00:00,a55a05822083001f,0x82,0x20,3
2026-08-05T02:12:37.299245+00:00,a55a0582209307e0,0x82,0x20,3
2026-08-05T02:12:37.299269+00:00,a55a058220a307e0,0x82,0x20,3
2026-08-05T02:12:37.299293+00:00,a55a058220b307e0,0x82,0x20,3
2026-08-05T02:12:37.299317+00:00,a55a058220c307e0,0x82,0x20,3
2026-08-05T02:12:37.299341+00:00,a55a058220d307e0,0x82,0x20,3
2026-08-05T02:12:37.299365+00:00,a55a058220e307e0,0x82,0x20,3
2026-08-05T02:12:37.299389+00:00,a55a058220f3f800,0x82,0x20,3
2026-08-05T02:12:37.399641+00:00,a55a058221030000,0x82,0x21,3
2026-08-05T02:12:37.399775+00:00,a55a058221130000,0x82,0x21,3
2026-08-05T02:12:37.399804+00:00,a55a058221230000,0x82,0x21,3
2026-08-05T02:12:37.399830+00:00,a55a058221330000,0x82,0x21,3
2026-08-05T02:12:37.399854+00:00,a55a058221430000,0x82,0x21,3
2026-08-05T02:12:37.399879+00:00,a55a058221530000,0x82,0x21,3
2026-08-05T02:12:37.399903+00:00,a55a058221630000,0x82,0x21,3
2026-08-05T02:12:37.399927+00:00,a55a058221730000,0x82,0x21,3
2026-08-05T02:12:37.399950+00:00,a55a058221830000,0x82,0x21,3
2026-08-05T02:12:37.399974+00:00,a55a058221930000,0x82,0x21,3
2026-08-05T02:12:37.399998+00:00,a55a058221a30000,0x82,0x21,3
2026-08-05T02:12:37.400022+00:00,a55a058221b30000,0x82,0x21,3
2026-08-05T02:12:37.500276+00:00,a55a15821300000000000000000000000000000000000000,0x82,0x13,19
2026-08-05T02:12:37.801041+00:00,a55a03800100,0x80,0x1,1
2026-08-05T02:12:37.801178+00:00,a55a2582100014bd03c2001f00080040002b002500000cf700000001000100330001000100010000,0x82,0x10,35
2026-08-05T02:12:37.801211+00:00,a55a3b8211000ce70ceb0cfa0d1d0cfb0cee0ce50d0e0d220cf60cec0ce90d040ce60cee0cdf000000000000000000000000000000000000000000000000,0x82,0x11,57
2026-08-05T02:12:37.801241+00:00,a55a0582200307e0,0x82,0x20,3
2026-08-05T02:12:37.801267+00:00,a55a0582201307e0,0x82,0x20,3
2026-08-05T02:12:37.801292+00:00,a55a0582202307e0,0x82,0x20,3
2026-08-05T02:12:37.801316+00:00,a55a0582203307e0,0x82,0x20,3
2026-08-05T02:12:37.801340+00:00,a55a0582204307e0,0x82,0x20,3
2026-08-05T02:12:37.801364+00:00,a55a0582205307e0,0x82,0x20,3
2026-08-05T02:12:37.801388+00:00,a55a0582206307e0,0x82,0x20,3
2026-08-05T02:12:37.801412+00:00,a55a0582207307e0,0x82,0x20,3
2026-08-05T02:12:37.901639+00:00,a55a05822083001f,0x82,0x20,3
2026-08-05T02:12:37.901770+00:00,a55a0582209307e0,0x82,0x20,3
2026-08-05T02:12:37.901800+00:00,a55a058220a307e0,0x82,0x20,3
2026-08-05T02:12:37.901825+00:00,a55a058220b307e0,0x82,0x20,3
2026-08-05T02:12:37.901849+00:00,a55a058220c307e0,0x82,0x20,3
2026-08-05T02:12:37.901874+00:00,a55a058220d307e0,0x82,0x20,3
2026-08-05T02:12:37.901898+00:00,a55a058220e307e0,0x82,0x20,3
2026-08-05T02:12:37.901922+00:00,a55a058220f3f800,0x82,0x20,3
2026-08-05T02:12:37.901946+00:00,a55a058221030000,0x82,0x21,3
2026-08-05T02:12:37.901969+00:00,a55a058221130000,0x82,0x21,3
2026-08-05T02:12:37.901994+00:00,a55a058221230000,0x82,0x21,3
2026-08-05T02:12:37.902018+00:00,a55a058221330000,0x82,0x21,3
2026-08-05T02:12:38.002298+00:00,a55a058221430000,0x82,0x21,3
2026-08-05T02:12:38.002441+00:00,a55a058221530000,0x82,0x21,3
2026-08-05T02:12:38.002472+00:00,a55a058221630000,0x82,0x21,3
2026-08-05T02:12:38.002498+00:00,a55a058221730000,0x82,0x21,3
2026-08-05T02:12:38.002524+00:00,a55a058221830000,0x82,0x21,3
2026-08-05T02:12:38.002548+00:00,a55a058221930000,0x82,0x21,3
2026-08-05T02:12:38.002573+00:00,a55a058221a30000,0x82,0x21,3
2026-08-05T02:12:38.002597+00:00,a55a058221b30000,0x82,0x21,3
2026-08-05T02:12:38.002644+00:00,a55a15821300000000000000000000000000000000000000,0x82,0x13,19
2026-08-05T02:12:38.303320+00:00,a55a03800100,0x80,0x1,1
2026-08-05T02:12:38.303451+00:00,a55a2582100014bd03c2002000080043002b002500000cf700000001000100340001000100010000,0x82,0x10,35
2026-08-05T02:12:38.303534+00:00,a55a3b8211000ce60cec0cfa0d1b0cfe0cee0ce40d100d240cf50cee0ce90d030ce60cef0cdf000000000000000000000000000000000000000000000000,0x82,0x11,57
2026-08-05T02:12:38.403767+00:00,a55a0582200307e0,0x82,0x20,3
2026-08-05T02:12:38.403900+00:00,a55a0582201307e0,0x82,0x20,3
2026-08-05T02:12:38.403930+00:00,a55a0582202307e0,0x82,0x20,3
2026-08-05T02:12:38.403955+00:00,a55a0582203307e0,0x82,0x20,3
2026-08-05T02:12:38.403980+00:00,a55a0582204307e0,0x82,0x20,3
2026-08-05T02:12:38.404005+00:00,a55a0582205307e0,0x82,0x20,3
2026-08-05T02:12:38.404029+00:00,a55a0582206307e0,0x82,0x20,3
2026-08-05T02:12:38.404053+00:00,a55a0582207307e0,0x82,0x20,3
2026-08-05T02:12:38.404077+00:00,a55a05822083001f,0x82,0x20,3
2026-08-05T02:12:38.404101+00:00,a55a0582209307e0,0x82,0x20,3
2026-08-05T02:12:38.404125+00:00,a55a058220a307e0,0x82,0x20,3
2026-08-05T02:12:38.404149+00:00,a55a058220b307e0,0x82,0x20,3
2026-08-05T02:12:38.504379+00:00,a55a058220c307e0,0x82,0x20,3
2026-08-05T02:12:38.504508+00:00,a55a058220d307e0,0x82,0x20,3
2026-08-05T02:12:38.504536+00:00,a55a058220e307e0,0x82,0x20,3
2026-08-05T02:12:38.504561+00:00,a55a058220f3f800,0x82,0x20,3
2026-08-05T02:12:38.504586+00:00,a55a058221030000,0x82,0x21,3
2026-08-05T02:12:38.504622+00:00,a55a058221130000,0x82,0x21,3
2026-08-05T02:12:38.504656+00:00,a55a058221230000,0x82,0x21,3
2026-08-05T02:12:38.504681+00:00,a55a058221330000,0x82,0x21,3
2026-08-05T02:12:38.504705+00:00,a55a058221430000,0x82,0x21,3
2026-08-05T02:12:38.504729+00:00,a55a058221530000,0x82,0x21,3
2026-08-05T02:12:38.504752+00:00,a55a058221630000,0x82,0x21,3
2026-08-05T02:12:38.504776+00:00,a55a058221730000,0x82,0x21,3
2026-08-05T02:12:38.605034+00:00,a55a058221830000,0x82,0x21,3
2026-08-05T02:12:38.605169+00:00,a55a058221930000,0x82,0x21,3
2026-08-05T02:12:38.605197+00:00,a55a058221a30000,0x82,0x21,3
2026-08-05T02:12:38.605223+00:00,a55a058221b30000,0x82,0x21,3
2026-08-05T02:12:38.605247+00:00,a55a15821300000000000000000000000000000000000000,0x82,0x13,19
2026-08-05T02:12:38.905919+00:00,a55a03800100,0x80,0x1,1
2026-08-05T02:12:38.906047+00:00,a55a2582100014bd03c5002100080043002b002500000cf600000001000100350001000100010000,0x82,0x10,35
2026-08-05T02:12:38.906080+00:00,a55a3b8211000ce70ceb0cf70d1e0cfb0cec0ce60d0f0d200cf60cee0ce70d050ce70cee0cdf000000000000000000000000000000000000000000000000,0x82,0x11,57
2026-08-05T02:12:38.906110+00:00,a55a0582200307e0,0x82,0x20,3
2026-08-05T02:12:38.906136+00:00,a55a0582201307e0,0x82,0x20,3
2026-08-05T02:12:38.906160+00:00,a55a0582202307e0,0x82,0x20,3
2026-08-05T02:12:38.906184+00:00,a55a0582203307e0,0x82,0x20,3
2026-08-05T02:12:39.006397+00:00,a55a0582204307e0,0x82,0x20,3
2026-08-05T02:12:39.006532+00:00,a55a0582205307e0,0x82,0x20,3
2026-08-05T02:12:39.006562+00:00,a55a0582206307e0,0x82,0x20,3
2026-08-05T02:12:39.006587+00:00,a55a0582207307e0,0x82,0x20,3
2026-08-05T02:12:39.006625+00:00,a55a05822083001f,0x82,0x20,3
2026-08-05T02:12:39.006663+00:00,a55a0582209307e0,0x82,0x20,3
2026-08-05T02:12:39.006689+00:00,a55a058220a307e0,0x82,0x20,3
2026-08-05T02:12:39.006713+00:00,a55a058220b307e0,0x82,0x20,3
2026-08-05T02:12:39.006738+00:00,a55a058220c307e0,0x82,0x20,3
2026-08-05T02:12:39.006762+00:00,a55a058220d307e0,0x82,0x20,3
2026-08-05T02:12:39.006786+00:00,a55a058220e307e0,0x82,0x20,3
2026-08-05T02:12:39.006810+00:00,a55a058220f3f800,0x82,0x20,3
2026-08-05T02:12:39.107102+00:00,a55a058221030000,0x82,0x21,3
2026-08-05T02:12:39.107238+00:00,a55a058221130000,0x82,0x21,3
2026-08-05T02:12:39.107273+00:00,a55a058221230000,0x82,0x21,3
2026-08-05T02:12:39.107300+00:00,a55a058221330000,0x82,0x21,3
2026-08-05T02:12:39.107325+00:00,a55a058221430000,0x82,0x21,3
2026-08-05T02:12:39.107351+00:00,a55a058221530000,0x82,0x21,3
2026-08-05T02:12:39.107376+00:00,a55a058221630000,0x82,0x21,3
2026-08-05T02:12:39.107401+00:00,a55a058221730000,0x82,0x21,3
2026-08-05T02:12:39.107425+00:00,a55a058221830000,0x82,0x21,3
2026-08-05T02:12:39.107450+00:00,a55a058221930000,0x82,0x21,3
2026-08-05T02:12:39.107539+00:00,a55a058221a30000,0x82,0x21,3
2026-08-05T02:12:39.107575+00:00,a55a058221b30000,0x82,0x21,3
2026-08-05T02:12:39.207851+00:00,a55a15821300000000000000000000000000000000000000,0x82,0x13,19
2026-08-05T02:12:39.508643+00:00,a55a03800100,0x80,0x1,1
2026-08-05T02:12:39.508779+00:00,a55a2582100014bd03c2002200080043002b002500000cf700000001000100330001000100010000,0x82,0x10,35
2026-08-05T02:12:39.508817+00:00,a55a3b8211000ce60cec0cf90d1b0cfc0cec0ce50d100d230cf50cec0ce90d040ce70cef0cdf000000000000000000000000000000000000000000000000,0x82,0x11,57
2026-08-05T02:12:39.508850+00:00,a55a0582200307e0,0x82,0x20,3
2026-08-05T02:12:39.508877+00:00,a55a0582201307e0,0x82,0x20,3
2026-08-05T02:12:39.508904+00:00,a55a0582202307e0,0x82,0x20,3
2026-08-05T02:12:39.508930+00:00,a55a0582203307e0,0x82,0x20,3
2026-08-05T02:12:39.508954+00:00,a55a0582204307e0,0x82,0x20,3
2026-08-05T02:12:39.508978+00:00,a55a0582205307e0,0x82,0x20,3
2026-08-05T02:12:39.509002+00:00,a55a0582206307e0,0x82,0x20,3
2026-08-05T02:12:39.509026+00:00,a55a0582207307e0,0x82,0x20,3
2026-08-05T02:12:39.609303+00:00,a55a05822083001f,0x82,0x20,3
2026-08-05T02:12:39.609465+00:00,a55a0582209307e0,0x82,0x20,3
2026-08-05T02:12:39.609497+00:00,a55a058220a307e0,0x82,0x20,3
2026-08-05T02:12:39.609523+00:00,a55a058220b307e0,0x82,0x20,3
2026-08-05T02:12:39.609548+00:00,a55a058220c307e0,0x82,0x20,3
2026-08-05T02:12:39.609572+00:00,a55a058220d307e0,0x82,0x20,3
2026-08-05T02:12:39.609597+00:00,a55a058220e307e0,0x82,0x20,3
2026-08-05T02:12:39.609649+00:00,a55a058220f3f800,0x82,0x20,3
2026-08-05T02:12:39.609677+00:00,a55a058221030000,0x82,0x21,3
2026-08-05T02:12:39.609701+00:00,a55a058221130000,0x82,0x21,3
2026-08-05T02:12:39.609726+00:00,a55a058221230000,0x82,0x21,3
2026-08-05T02:12:39.609750+00:00,a55a058221330000,0x82,0x21,3
2026-08-05T02:12:39.710013+00:00,a55a058221430000,0x82,0x21,3
2026-08-05T02:12:39.710146+00:00,a55a058221530000,0x82,0x21,3
2026-08-05T02:12:39.710178+00:00,a55a058221630000,0x82,0x21,3
2026-08-05T02:12:39.710205+00:00,a55a058221730000,0x82,0x21,3
2026-08-05T02:12:39.710230+00:00,a55a058221830000,0x82,0x21,3
2026-08-05T02:12:39.710256+00:00,a55a058221930000,0x82,0x21,3
2026-08-05T02:12:39.710281+00:00,a55a058221a30000,0x82,0x21,3
2026-08-05T02:12:39.710306+00:00,a55a058221b30000,0x82,0x21,3
2026-08-05T02:12:39.710330+00:00,a55a15821300000000000000000000000000000000000000,0x82,0x13,19
2026-08-05T02:12:40.011011+00:00,a55a03800100,0x80,0x1,1
2026-08-05T02:12:40.011136+00:00,a55a2582100014be03c2002300080043002b002500000cf700000001000100340001000100010000,0x82,0x10,35
2026-08-05T02:12:40.011170+00:00,a55a3b8211000ce60ceb0cfb0d1e0cfb0cee0ce50d0e0d250cf60cec0ce90d040ce60cee0cdf000000000000000000000000000000000000000000000000,0x82,0x11,57
2026-08-05T02:12:40.111457+00:00,a55a0582200307e0,0x82,0x20,3
2026-08-05T02:12:40.111594+00:00,a55a0582201307e0,0x82,0x20,3
2026-08-05T02:12:40.111685+00:00,a55a0582202307e0,0x82,0x20,3
2026-08-05T02:12:40.111720+00:00,a55a0582203307e0,0x82,0x20,3
2026-08-05T02:12:40.111746+00:00,a55a0582204307e0,0x82,0x20,3
2026-08-05T02:12:40.111773+00:00,a55a0582205307e0,0x82,0x20,3
2026-08-05T02:12:40.111799+00:00,a55a0582206307e0,0x82,0x20,3
2026-08-05T02:12:40.111824+00:00,a55a0582207307e0,0x82,0x20,3
2026-08-05T02:12:40.111849+00:00,a55a05822083001f,0x82,0x20,3
2026-08-05T02:12:40.111875+00:00,a55a0582209307e0,0x82,0x20,3
2026-08-05T02:12:40.111901+00:00,a55a058220a307e0,0x82,0x20,3
2026-08-05T02:12:40.111926+00:00,a55a058220b307e0,0x82,0x20,3
2026-08-05T02:12:40.212178+00:00,a55a058220c307e0,0x82,0x20,3
2026-08-05T02:12:40.212310+00:00,a55a058220d307e0,0x82,0x20,3
2026-08-05T02:12:40.212340+00:00,a55a058220e307e0,0x82,0x20,3
2026-08-05T02:12:40.212366+00:00,a55a058220f3f800,0x82,0x20,3
2026-08-05T02:12:40.212391+00:00,a55a058221030000,0x82,0x21,3
2026-08-05T02:12:40.212415+00:00,a55a058221130000,0x82,0x21,3
2026-08-05T02:12:40.212440+00:00,a55a058221230000,0x82,0x21,3
2026-08-05T02:12:40.212464+00:00,a55a058221330000,0x82,0x21,3
2026-08-05T02:12:40.212488+00:00,a55a058221430000,0x82,0x21,3
2026-08-05T02:12:40.212563+00:00,a55a058221530000,0x82,0x21,3
2026-08-05T02:12:40.212590+00:00,a55a058221630000,0x82,0x21,3
2026-08-05T02:12:40.212644+00:00,a55a058221730000,0x82,0x21,3
2026-08-05T02:12:40.312912+00:00,a55a058221830000,0x82,0x21,3
2026-08-05T02:12:40.313043+00:00,a55a058221930000,0x82,0x21,3
2026-08-05T02:12:40.313072+00:00,a55a058221a30000,0x82,0x21,3
2026-08-05T02:12:40.313096+00:00,a55a058221b30000,0x82,0x21,3
2026-08-05T02:12:40.313120+00:00,a55a15821300000000000000000000000000000000000000,0x82,0x13,19
2026-08-05T02:12:40.613761+00:00,a55a03800100,0x80,0x1,1
2026-08-05T02:12:40.613891+00:00,a55a2582100014be03c5002400080043002b002500000cf700000001000100350001000100010000,0x82,0x10,35
2026-08-05T02:12:40.613925+00:00,a55a3b8211000ce70cec0cf90d1e0cfc0cec0ce50d100d200cf50cec0cea0d030ce60cef0cdf000000000000000000000000000000000000000000000000,0x82,0x11,57
2026-08-05T02:12:40.613956+00:00,a55a0582200307e0,0x82,0x20,3
2026-08-05T02:12:40.613981+00:00,a55a0582201307e0,0x82,0x20,3
2026-08-05T02:12:40.614006+00:00,a55a0582202307e0,0x82,0x20,3
2026-08-05T02:12:40.614031+00:00,a55a0582203307e0,0x82,0x20,3
2026-08-05T02:12:40.714245+00:00,a55a0582204307e0,0x82,0x20,3
2026-08-05T02:12:40.714372+00:00,a55a0582205307e0,0x82,0x20,3
2026-08-05T02:12:40.714401+00:00,a55a0582206307e0,0x82,0x20,3
2026-08-05T02:12:40.714427+00:00,a55a0582207307e0,0x82,0x20,3
2026-08-05T02:12:40.714451+00:00,a55a05822083001f,0x82,0x20,3
2026-08-05T02:12:40.714475+00:00,a55a0582209307e0,0x82,0x20,3
2026-08-05T02:12:40.714500+00:00,a55a058220a307e0,0x82,0x20,3
2026-08-05T02:12:40.714524+00:00,a55a058220b307e0,0x82,0x20,3
2026-08-05T02:12:40.714547+00:00,a55a058220c307e0,0x82,0x20,3
2026-08-05T02:12:40.714571+00:00,a55a058220d307e0,0x82,0x20,3
2026-08-05T02:12:40.714595+00:00,a55a058220e307e0,0x82,0x20,3
2026-08-05T02:12:40.714642+00:00,a55a058220f3f800,0x82,0x20,3
2026-08-05T02:12:40.814877+00:00,a55a058221030000,0x82,0x21,3
2026-08-05T02:12:40.815003+00:00,a55a058221130000,0x82,0x21,3
2026-08-05T02:12:40.815031+00:00,a55a058221230000,0x82,0x21,3
2026-08-05T02:12:40.815055+00:00,a55a058221330000,0x82,0x21,3
2026-08-05T02:12:40.815079+00:00,a55a058221430000,0x82,0x21,3
2026-08-05T02:12:40.815103+00:00,a55a058221530000,0x82,0x21,3
2026-08-05T02:12:40.815126+00:00,a55a058221630000,0x82,0x21,3
2026-08-05T02:12:40.815150+00:00,a55a058221730000,0x82,0x21,3
2026-08-05T02:12:40.815174+00:00,a55a058221830000,0x82,0x21,3
2026-08-05T02:12:40.815198+00:00,a55a058221930000,0x82,0x21,3
2026-08-05T02:12:40.815222+00:00,a55a058221a30000,0x82,0x21,3
2026-08-05T02:12:40.815246+00:00,a55a058221b30000,0x82,0x21,3
2026-08-05T02:12:40.915485+00:00,a55a15821300000000000000000000000000000000000000,0x82,0x13,19
2026-08-05T02:12:41.216474+00:00,a55a03800100,0x80,0x1,1
2026-08-05T02:12:41.216622+00:00,a55a2582100014bd03c2002500080043002b002500000cf700000001000100330001000100010000,0x82,0x10,35
2026-08-05T02:12:41.216665+00:00,a55a3b8211000ce70cec0cf90d1f0cfe0cec0ce50d100d200cf60cee0ce70d040ce70cee0cdf000000000000000000000000000000000000000000000000,0x82,0x11,57
2026-08-05T02:12:41.216698+00:00,a55a0582200307e0,0x82,0x20,3
2026-08-05T02:12:41.216724+00:00,a55a0582201307e0,0x82,0x20,3
2026-08-05T02:12:41.216750+00:00,a55a0582202307e0,0x82,0x20,3
2026-08-05T02:12:41.216775+00:00,a55a0582203307e0,0x82,0x20,3
2026-08-05T02:12:41.216800+00:00,a55a0582204307e0,0x82,0x20,3
2026-08-05T02:12:41.216825+00:00,a55a0582205307e0,0x82,0x20,3
2026-08-05T02:12:41.216849+00:00,a55a0582206307e0,0x82,0x20,3
2026-08-05T02:12:41.216873+00:00,a55a0582207307e0,0x82,0x20,3
2026-08-05T02:12:41.317104+00:00,a55a05822083001f,0x82,0x20,3
2026-08-05T02:12:41.317245+00:00,a55a0582209307e0,0x82,0x20,3
2026-08-05T02:12:41.317275+00:00,a55a058220a307e0,0x82,0x20,3
2026-08-05T02:12:41.317300+00:00,a55a058220b307e0,0x82,0x20,3
2026-08-05T02:12:41.317325+00:00,a55a058220c307e0,0x82,0x20,3
2026-08-05T02:12:41.317350+00:00,a55a058220d307e0,0x82,0x20,3
2026-08-05T02:12:41.317374+00:00,a55a058220e307e0,0x82,0x20,3
2026-08-05T02:12:41.317398+00:00,a55a058220f3f800,0x82,0x20,3
2026-08-05T02:12:41.317482+00:00,a55a058221030000,0x82,0x21,3
2026-08-05T02:12:41.317510+00:00,a55a058221130000,0x82,0x21,3
2026-08-05T02:12:41.317534+00:00,a55a058221230000,0x82,0x21,3
2026-08-05T02:12:41.317558+00:00,a55a058221330000,0x82,0x21,3
2026-08-05T02:12:41.417806+00:00,a55a058221430000,0x82,0x21,3
2026-08-05T02:12:41.417955+00:00,a55a058221530000,0x82,0x21,3
2026-08-05T02:12:41.417984+00:00,a55a058221630000,0x82,0x21,3
2026-08-05T02:12:41.418009+00:00,a55a058221730000,0x82,0x21,3
2026-08-05T02:12:41.418034+00:00,a55a058221830000,0x82,0x21,3
2026-08-05T02:12:41.418058+00:00,a55a058221930000,0x82,0x21,3
2026-08-05T02:12:41.418082+00:00,a55a058221a30000,0x82,0x21,3
2026-08-05T02:12:41.418106+00:00,a55a058221b30000,0x82,0x21,3
2026-08-05T02:12:41.418130+00:00,a55a15821300000000000000000000000000000000000000,0x82,0x13,19
2026-08-05T02:12:41.719009+00:00,a55a03800100,0x80,0x1,1
2026-08-05T02:12:41.719142+00:00,a55a2582100014bd03c2002600080043002b002500000cf700000001000100340001000100010000,0x82,0x10,35
2026-08-05T02:12:41.819430+00:00,a55a3b8211000ce70cec0cf90d1b0cfc0cec0ce50d0d0d220cf60cec0ce90d050ce60cee0cdf000000000000000000000000000000000000000000000000,0x82,0x11,57
2026-08-05T02:12:41.819598+00:00,a55a0582200307e0,0x82,0x20,3
2026-08-05T02:12:41.819675+00:00,a55a0582201307e0,0x82,0x20,3
2026-08-05T02:12:41.819721+00:00,a55a0582202307e0,0x82,0x20,3
2026-08-05T02:12:41.819762+00:00,a55a0582203307e0,0x82,0x20,3
2026-08-05T02:12:41.819803+00:00,a55a0582204307e0,0x82,0x20,3
2026-08-05T02:12:41.819843+00:00,a55a0582205307e0,0x82,0x20,3
2026-08-05T02:12:41.819882+00:00,a55a0582206307e0,0x82,0x20,3
2026-08-05T02:12:41.819921+00:00,a55a0582207307e0,0x82,0x20,3
2026-08-05T02:12:41.819960+00:00,a55a05822083001f,0x82,0x20,3
2026-08-05T02:12:41.819998+00:00,a55a0582209307e0,0x82,0x20,3
2026-08-05T02:12:41.820037+00:00,a55a058220a307e0,0x82,0x20,3
2026-08-05T02:12:41.820076+00:00,a55a058220b307e0,0x82,0x20,3
2026-08-05T02:12:41.920379+00:00,a55a058220c307e0,0x82,0x20,3
2026-08-05T02:12:41.920591+00:00,a55a058220d307e0,0x82,0x20,3
2026-08-05T02:12:41.920695+00:00,a55a058220e307e0,0x82,0x20,3
2026-08-05T02:12:41.920763+00:00,a55a058220f3f800,0x82,0x20,3
2026-08-05T02:12:41.920827+00:00,a55a058221030000,0x82,0x21,3
2026-08-05T02:12:41.920890+00:00,a55a058221130000,0x82,0x21,3
2026-08-05T02:12:41.920951+00:00,a55a058221230000,0x82,0x21,3
2026-08-05T02:12:41.921012+00:00,a55a058221330000,0x82,0x21,3
2026-08-05T02:12:41.921072+00:00,a55a058221430000,0x82,0x21,3
2026-08-05T02:12:41.921133+00:00,a55a058221530000,0x82,0x21,3
2026-08-05T02:12:41.921194+00:00,a55a058221630000,0x82,0x21,3
2026-08-05T02:12:41.921254+00:00,a55a058221730000,0x82,0x21,3
2026-08-05T02:12:42.021580+00:00,a55a058221830000,0x82,0x21,3
2026-08-05T02:12:42.021721+00:00,a55a058221930000,0x82,0x21,3
2026-08-05T02:12:42.021753+00:00,a55a058221a30000,0x82,0x21,3
2026-08-05T02:12:42.021780+00:00,a55a058221b30000,0x82,0x21,3
2026-08-05T02:12:42.021806+00:00,a55a15821300000000000000000000000000000000000000,0x82,0x13,19
